delivery_id,order_id,partner_id,delivery_distance_km,weather_condition,traffic_density,prep_time_minutes,rider_wait_time_minutes,actual_delivery_time_minutes,baseline_predicted_eta
DEL_0000001,ORD_0000001,RIDER_0029,7.32,Clear,Low,21.8,3.2,41.4,56.1
DEL_0000002,ORD_0000002,RIDER_0016,3.93,Cloudy,Moderate,20.2,7.7,40.7,40.9
DEL_0000003,ORD_0000003,RIDER_0075,4.34,Clear,Congested,12.2,3.9,50.7,34.6
DEL_0000004,ORD_0000004,RIDER_0101,1.45,Cloudy,Low,16.7,8.0,26.0,27.5
DEL_0000005,ORD_0000005,RIDER_0143,4.27,Clear,Low,13.0,6.4,26.3,35.1
DEL_0000006,ORD_0000006,RIDER_0034,10.07,Sunny,Moderate,14.5,2.8,50.4,59.8
DEL_0000007,ORD_0000007,RIDER_0145,5.52,Sunny,High,12.6,3.9,47.0,39.7
DEL_0000008,ORD_0000008,RIDER_0028,3.71,Cloudy,High,15.9,5.4,37.1,35.7
DEL_0000009,ORD_0000009,RIDER_0048,7.88,Clear,Low,10.7,6.6,39.0,47.2
DEL_0000010,ORD_0000010,RIDER_0113,7.86,Clear,High,15.4,4.4,59.3,51.8
DEL_0000011,ORD_0000011,RIDER_0116,12.45,Clear,Congested,21.4,4.4,118.9,76.2
DEL_0000012,ORD_0000012,RIDER_0109,9.54,Clear,Moderate,13.1,7.0,48.7,56.3
DEL_0000013,ORD_0000013,RIDER_0035,6.82,Sunny,Low,23.0,6.3,47.2,55.3
DEL_0000014,ORD_0000014,RIDER_0024,10.8,Sunny,Low,25.6,6.4,61.6,73.8
DEL_0000015,ORD_0000015,RIDER_0046,6.91,Clear,Moderate,19.8,5.8,49.6,52.4
DEL_0000017,ORD_0000017,RIDER_0054,3.71,Clear,High,13.2,2.2,31.0,33.0
DEL_0000018,ORD_0000018,RIDER_0147,3.61,Sunny,Moderate,30.5,2.6,43.5,49.9
DEL_0000019,ORD_0000019,RIDER_0017,7.6,Clear,High,17.2,4.5,60.1,52.6
DEL_0000020,ORD_0000020,RIDER_0074,9.48,Clear,High,31.9,4.1,85.1,74.8
DEL_0000021,ORD_0000021,RIDER_0060,14.52,Clear,Low,23.8,2.7,65.4,86.9
DEL_0000022,ORD_0000022,RIDER_0079,8.09,Clear,Low,25.1,4.0,45.7,62.5
DEL_0000023,ORD_0000023,RIDER_0035,3.31,Sunny,Congested,29.7,4.8,61.6,47.9
DEL_0000024,ORD_0000024,RIDER_0005,9.05,Clear,High,27.5,2.4,69.9,68.7
DEL_0000025,ORD_0000025,RIDER_0147,6.5,Sunny,Congested,26.5,6.2,81.2,57.5
DEL_0000026,ORD_0000026,RIDER_0056,5.31,Clear,Moderate,27.1,7.5,52.9,53.3
DEL_0000027,ORD_0000027,RIDER_0037,12.38,Heavy Rain,High,12.9,6.3,110.6,67.4
DEL_0000028,ORD_0000028,RIDER_0086,13.29,Clear,Moderate,26.4,2.1,73.8,84.6
DEL_0000029,ORD_0000029,RIDER_0070,3.34,Clear,Congested,22.3,2.6,46.9,40.7
DEL_0000030,ORD_0000030,RIDER_0013,1.59,Rainy,Low,18.4,2.5,24.7,29.8
DEL_0000031,ORD_0000031,RIDER_0092,5.72,Clear,Moderate,27.8,2.5,53.1,55.7
DEL_0000032,ORD_0000032,RIDER_0037,4.71,Clear,Moderate,30.2,4.0,47.9,54.0
DEL_0000033,ORD_0000033,RIDER_0073,9.42,Clear,Moderate,28.0,6.8,64.5,70.7
DEL_0000034,ORD_0000034,RIDER_0124,2.1,Clear,Moderate,19.5,7.9,37.6,32.9
DEL_0000035,ORD_0000035,RIDER_0119,8.75,Rainy,Low,31.0,2.4,62.7,71.0
DEL_0000036,ORD_0000036,RIDER_0039,8.43,Clear,Moderate,14.3,6.1,51.4,53.0
DEL_0000037,ORD_0000037,RIDER_0003,14.62,Clear,Low,16.5,4.2,56.5,80.0
DEL_0000038,ORD_0000038,RIDER_0061,10.75,Clear,Low,18.4,4.3,49.3,66.4
DEL_0000039,ORD_0000039,RIDER_0107,5.12,Rainy,Low,10.3,5.9,34.5,35.8
DEL_0000040,ORD_0000040,RIDER_0117,6.97,Rainy,High,15.0,4.5,64.6,47.9
DEL_0000041,ORD_0000041,RIDER_0140,6.19,Foggy,Moderate,25.5,2.7,48.7,55.3
DEL_0000042,ORD_0000042,RIDER_0023,7.63,Cloudy,Congested,11.7,5.8,75.2,47.2
DEL_0000043,ORD_0000043,RIDER_0117,13.52,Sunny,High,17.8,7.9,92.9,76.9
DEL_0000044,ORD_0000044,RIDER_0122,3.5,Clear,Congested,27.8,5.7,61.2,46.8
DEL_0000045,ORD_0000045,RIDER_0034,5.02,Rainy,Low,12.5,3.0,29.1,37.6
DEL_0000046,ORD_0000046,RIDER_0038,13.9,Clear,High,31.9,6.6,107.2,92.5
DEL_0000047,ORD_0000047,RIDER_0014,11.47,Clear,Low,18.8,3.8,51.2,69.7
DEL_0000048,ORD_0000048,RIDER_0112,5.13,Cloudy,Low,16.9,5.2,30.7,42.4
DEL_0000049,ORD_0000049,RIDER_0086,4.83,Clear,Moderate,18.6,6.6,41.3,42.9
DEL_0000050,ORD_0000050,RIDER_0141,10.35,Rainy,Low,12.1,2.6,41.1,58.5
DEL_0000051,ORD_0000051,RIDER_0031,12.85,Clear,Moderate,29.8,5.4,83.2,86.2
DEL_0000052,ORD_0000052,RIDER_0110,4.7,Cloudy,Low,11.4,4.3,26.4,35.2
DEL_0000053,ORD_0000053,RIDER_0101,9.98,Clear,Moderate,19.5,5.7,60.6,64.4
DEL_0000054,ORD_0000054,RIDER_0005,3.22,Sunny,High,24.6,3.6,46.0,42.5
DEL_0000055,ORD_0000055,RIDER_0123,6.69,Cloudy,High,11.5,3.4,45.5,43.3
DEL_0000056,ORD_0000056,RIDER_0021,11.54,Clear,Low,22.2,7.8,61.4,73.4
DEL_0000057,ORD_0000057,RIDER_0022,11.2,Clear,Moderate,25.8,5.6,67.8,75.6
DEL_0000058,ORD_0000058,RIDER_0087,5.79,Cloudy,Moderate,14.7,5.9,40.0,42.9
DEL_0000059,ORD_0000059,RIDER_0126,7.61,Rainy,Low,25.4,2.8,51.0,60.8
DEL_0000060,ORD_0000060,RIDER_0030,9.29,Sunny,Low,14.5,4.0,42.4,56.7
DEL_0000061,ORD_0000061,RIDER_0055,9.27,Clear,Low,13.1,4.5,39.7,55.2
DEL_0000062,ORD_0000062,RIDER_0097,1.41,Sunny,Low,13.9,2.5,16.9,24.5
DEL_0000063,ORD_0000063,RIDER_0033,3.15,Clear,Moderate,15.3,3.0,27.6,32.9
DEL_0000064,ORD_0000064,RIDER_0108,8.78,Clear,Congested,31.5,5.7,99.9,71.6
DEL_0000065,ORD_0000065,RIDER_0050,12.03,Cloudy,Congested,20.4,3.1,113.4,73.5
DEL_0000066,ORD_0000066,RIDER_0012,11.27,Heavy Rain,Low,27.3,4.9,74.9,77.4
DEL_0000067,ORD_0000067,RIDER_0084,11.79,Clear,Low,26.2,7.2,61.6,78.4
DEL_0000068,ORD_0000068,RIDER_0118,9.8,Foggy,Moderate,12.8,6.2,58.7,57.0
DEL_0000069,ORD_0000069,RIDER_0057,9.41,Cloudy,Moderate,23.5,3.0,62.7,66.1
DEL_0000070,ORD_0000070,RIDER_0072,11.13,Cloudy,Low,17.2,5.5,49.6,66.7
DEL_0000071,ORD_0000071,RIDER_0121,1.66,Sunny,Moderate,27.6,6.9,38.3,39.2
DEL_0000072,ORD_0000072,RIDER_0042,12.87,Cloudy,Low,20.0,6.6,59.3,76.5
DEL_0000073,ORD_0000073,RIDER_0099,8.42,Clear,Moderate,25.4,5.7,57.7,64.1
DEL_0000074,ORD_0000074,RIDER_0014,6.41,Sunny,Low,18.1,5.9,39.2,48.7
DEL_0000075,ORD_0000075,RIDER_0149,11.44,Cloudy,Low,29.8,5.0,62.7,80.6
DEL_0000076,ORD_0000076,RIDER_0075,9.64,Cloudy,Congested,27.8,7.6,108.1,71.4
DEL_0000077,ORD_0000077,RIDER_0028,4.95,Cloudy,Moderate,29.2,5.1,49.3,54.0
DEL_0000078,ORD_0000078,RIDER_0075,2.06,Rainy,Low,30.8,5.9,41.3,44.0
DEL_0000079,ORD_0000079,RIDER_0141,7.43,Sunny,High,16.7,6.7,60.9,51.4
DEL_0000080,ORD_0000080,RIDER_0138,3.68,Clear,Moderate,29.9,6.8,51.4,49.6
DEL_0000081,ORD_0000081,RIDER_0082,3.21,Clear,Congested,21.7,2.7,54.2,39.5
DEL_0000082,ORD_0000082,RIDER_0076,13.39,Heavy Rain,Moderate,31.9,6.0,107.5,90.5
DEL_0000083,ORD_0000083,RIDER_0036,2.79,Clear,High,14.8,4.1,31.3,31.0
DEL_0000084,ORD_0000084,RIDER_0101,7.87,Sunny,High,11.2,6.0,59.6,47.7
DEL_0000085,ORD_0000085,RIDER_0023,11.1,Clear,Congested,27.7,3.7,116.9,77.1
DEL_0000086,ORD_0000086,RIDER_0078,14.64,Sunny,Low,30.5,5.5,66.4,94.1
DEL_0000087,ORD_0000087,RIDER_0146,3.91,Rainy,Low,20.8,6.9,38.1,41.4
DEL_0000088,ORD_0000088,RIDER_0107,7.89,Cloudy,Low,12.6,3.7,39.2,49.2
DEL_0000089,ORD_0000089,RIDER_0122,6.28,Cloudy,Low,15.7,5.5,38.6,45.8
DEL_0000090,ORD_0000090,RIDER_0013,5.17,Sunny,Low,14.3,5.8,35.2,40.0
DEL_0000091,ORD_0000091,RIDER_0070,2.5,Sunny,High,10.3,5.1,25.9,25.3
DEL_0000092,ORD_0000092,RIDER_0144,10.58,Heavy Rain,Congested,25.7,6.2,156.0,73.0
DEL_0000093,ORD_0000093,RIDER_0123,5.44,Clear,Congested,29.6,5.6,76.2,56.4
DEL_0000094,ORD_0000094,RIDER_0054,14.54,Clear,Moderate,12.5,2.1,60.8,75.7
DEL_0000095,ORD_0000095,RIDER_0065,2.1,Cloudy,Moderate,27.2,7.5,43.2,40.6
DEL_0000096,ORD_0000096,RIDER_0091,12.83,Cloudy,Moderate,21.1,2.4,71.4,77.4
DEL_0000097,ORD_0000097,RIDER_0002,13.77,Heavy Rain,High,20.4,6.2,134.0,80.5
DEL_0000098,ORD_0000098,RIDER_0105,11.56,Clear,Moderate,21.4,5.0,68.4,72.6
DEL_0000099,ORD_0000099,RIDER_0080,4.27,Clear,Congested,19.4,7.1,62.1,41.5
DEL_0000100,ORD_0000100,RIDER_0134,2.82,Clear,Moderate,31.5,6.4,44.5,47.8
DEL_0000101,ORD_0000101,RIDER_0128,11.6,Cloudy,Moderate,26.6,6.8,74.3,78.0
DEL_0000102,ORD_0000102,RIDER_0128,9.75,Clear,Low,11.2,2.4,37.2,55.2
DEL_0000103,ORD_0000103,RIDER_0134,11.98,Clear,High,20.8,3.6,81.6,73.7
DEL_0000104,ORD_0000104,RIDER_0114,1.69,Clear,Moderate,27.1,7.3,44.2,38.9
DEL_0000105,ORD_0000105,RIDER_0126,10.52,Sunny,High,28.8,5.0,84.1,75.9
DEL_0000106,ORD_0000106,RIDER_0090,1.57,Rainy,Low,12.1,4.1,22.7,23.4
DEL_0000107,ORD_0000107,RIDER_0079,5.79,Clear,Low,20.1,7.2,36.9,48.3
DEL_0000108,ORD_0000108,RIDER_0083,2.53,Sunny,Moderate,14.5,5.0,25.7,29.6
DEL_0000109,ORD_0000109,RIDER_0020,4.11,Clear,Low,22.6,6.8,35.2,44.0
DEL_0000110,ORD_0000110,RIDER_0089,10.06,Clear,High,19.5,5.2,70.6,64.7
DEL_0000111,ORD_0000111,RIDER_0047,9.74,Sunny,Moderate,21.0,6.0,62.1,65.0
DEL_0000112,ORD_0000112,RIDER_0134,6.15,Clear,Moderate,25.1,3.8,44.1,54.7
DEL_0000113,ORD_0000113,RIDER_0061,4.44,Clear,Low,27.5,3.9,34.8,50.3
DEL_0000114,ORD_0000114,RIDER_0125,1.95,Rainy,Low,16.6,2.4,25.4,29.4
DEL_0000115,ORD_0000115,RIDER_0061,8.97,Sunny,Moderate,24.6,5.5,60.5,65.5
DEL_0000116,ORD_0000116,RIDER_0056,2.65,Clear,Low,19.0,7.2,29.8,34.6
DEL_0000117,ORD_0000117,RIDER_0093,10.93,Rainy,Low,31.3,5.6,71.0,80.0
DEL_0000118,ORD_0000118,RIDER_0032,12.99,Rainy,Low,30.0,4.4,69.5,87.0
DEL_0000119,ORD_0000119,RIDER_0105,4.93,Clear,Moderate,20.8,6.4,45.6,45.5
DEL_0000120,ORD_0000120,RIDER_0091,9.39,Rainy,High,20.0,2.2,76.4,62.6
DEL_0000121,ORD_0000121,RIDER_0029,4.59,Cloudy,Moderate,24.3,2.8,40.3,47.7
DEL_0000122,ORD_0000122,RIDER_0107,3.67,Rainy,High,29.5,3.3,53.0,49.2
DEL_0000123,ORD_0000123,RIDER_0051,10.74,Clear,Moderate,19.4,3.6,60.8,67.4
DEL_0000124,ORD_0000124,RIDER_0127,4.25,Clear,Congested,27.9,3.6,64.6,49.9
DEL_0000125,ORD_0000125,RIDER_0049,3.65,Cloudy,Low,31.5,3.4,42.2,51.1
DEL_0000126,ORD_0000126,RIDER_0102,10.9,Cloudy,Moderate,15.6,2.6,55.1,64.2
DEL_0000127,ORD_0000127,RIDER_0012,4.65,Sunny,High,18.7,4.2,49.3,42.3
DEL_0000128,ORD_0000128,RIDER_0082,7.09,Clear,High,31.5,5.0,71.3,64.9
DEL_0000129,ORD_0000129,RIDER_0133,7.13,Clear,Moderate,20.8,7.7,47.0,54.3
DEL_0000130,ORD_0000130,RIDER_0112,14.73,Heavy Rain,Low,17.8,6.3,78.8,81.7
DEL_0000132,ORD_0000132,RIDER_0064,10.41,Rainy,Low,25.0,6.1,59.6,71.6
DEL_0000133,ORD_0000133,RIDER_0002,14.39,Cloudy,Congested,17.1,6.4,130.8,79.7
DEL_0000134,ORD_0000134,RIDER_0066,4.47,Cloudy,Low,10.5,3.2,18.6,33.4
DEL_0000135,ORD_0000135,RIDER_0092,12.52,Sunny,Moderate,29.5,4.9,73.7,84.6
DEL_0000136,ORD_0000136,RIDER_0088,10.4,Sunny,Moderate,30.5,5.2,69.4,77.1
DEL_0000137,ORD_0000137,RIDER_0039,10.51,Clear,Low,19.4,5.4,45.8,66.4
DEL_0000138,ORD_0000138,RIDER_0091,9.16,Cloudy,Low,26.3,4.8,52.2,67.9
DEL_0000139,ORD_0000139,RIDER_0088,4.07,Clear,Congested,15.7,6.0,51.8,37.0
DEL_0000140,ORD_0000140,RIDER_0078,6.11,Cloudy,High,18.7,3.8,53.2,48.1
DEL_0000143,ORD_0000143,RIDER_0149,11.14,Foggy,Low,18.8,5.1,55.7,68.4
DEL_0000145,ORD_0000145,RIDER_0089,4.36,Clear,Congested,17.5,5.6,57.8,39.9
DEL_0000146,ORD_0000146,RIDER_0121,9.66,Clear,Moderate,24.7,2.8,56.6,68.3
DEL_0000147,ORD_0000147,RIDER_0061,8.77,Foggy,Low,15.7,6.1,49.9,55.8
DEL_0000148,ORD_0000148,RIDER_0058,4.71,Clear,Low,11.0,7.3,34.5,34.8
DEL_0000149,ORD_0000149,RIDER_0113,14.29,Cloudy,Congested,27.2,5.7,140.8,89.4
DEL_0000150,ORD_0000150,RIDER_0114,7.98,Rainy,Low,18.0,6.9,47.5,54.9
DEL_0000151,ORD_0000151,RIDER_0022,6.27,Cloudy,High,24.6,2.9,58.9,54.7
DEL_0000152,ORD_0000152,RIDER_0093,7.22,Cloudy,High,21.4,2.4,57.3,55.3
DEL_0000153,ORD_0000153,RIDER_0148,14.5,Foggy,Moderate,29.3,7.8,89.4,92.3
DEL_0000154,ORD_0000154,RIDER_0115,13.27,Sunny,Moderate,19.7,4.1,70.6,77.8
DEL_0000155,ORD_0000155,RIDER_0131,5.45,Clear,High,10.5,7.3,43.2,37.3
DEL_0000156,ORD_0000156,RIDER_0091,1.85,Cloudy,Low,16.6,6.4,27.1,29.0
DEL_0000157,ORD_0000157,RIDER_0060,5.27,Cloudy,High,22.6,2.8,48.8,48.7
DEL_0000158,ORD_0000158,RIDER_0106,2.45,Clear,Low,14.7,2.5,26.2,29.5
DEL_0000159,ORD_0000159,RIDER_0109,10.57,Heavy Rain,Moderate,19.2,3.0,73.5,66.5
DEL_0000160,ORD_0000160,RIDER_0144,13.74,Clear,Congested,12.4,4.2,119.5,72.4
DEL_0000161,ORD_0000161,RIDER_0125,11.96,Clear,Moderate,11.1,7.4,59.7,63.9
DEL_0000162,ORD_0000162,RIDER_0147,8.89,Rainy,Moderate,20.5,6.3,60.5,61.1
DEL_0000163,ORD_0000163,RIDER_0039,2.41,Sunny,High,18.5,7.4,37.5,33.1
DEL_0000164,ORD_0000164,RIDER_0144,3.82,Sunny,Moderate,11.2,5.4,30.0,31.5
DEL_0000165,ORD_0000165,RIDER_0005,11.9,Clear,Moderate,29.5,4.7,75.1,82.1
DEL_0000166,ORD_0000166,RIDER_0024,14.53,Sunny,Low,14.0,6.6,53.7,77.1
DEL_0000167,ORD_0000167,RIDER_0077,2.54,Clear,Congested,15.7,7.6,43.0,30.9
DEL_0000169,ORD_0000169,RIDER_0033,8.93,Clear,Congested,21.0,6.7,96.6,61.7
DEL_0000170,ORD_0000170,RIDER_0075,1.21,Heavy Rain,Moderate,23.2,7.0,38.8,33.0
DEL_0000171,ORD_0000171,RIDER_0102,12.49,Cloudy,Congested,29.3,3.3,121.8,84.3
DEL_0000172,ORD_0000172,RIDER_0088,7.45,Sunny,Low,25.2,5.9,49.6,60.0
DEL_0000173,ORD_0000173,RIDER_0020,1.62,Rainy,Moderate,24.8,4.1,37.1,36.3
DEL_0000174,ORD_0000174,RIDER_0114,4.21,Clear,Moderate,30.3,4.1,44.1,52.1
DEL_0000175,ORD_0000175,RIDER_0054,3.87,Rainy,Low,29.1,5.4,42.7,49.6
DEL_0000176,ORD_0000176,RIDER_0059,11.11,Clear,Congested,10.5,7.8,101.7,59.9
DEL_0000177,ORD_0000177,RIDER_0014,7.08,Foggy,Low,25.0,4.8,47.9,58.3
DEL_0000178,ORD_0000178,RIDER_0050,2.31,Sunny,Low,26.2,7.9,43.1,40.4
DEL_0000179,ORD_0000179,RIDER_0007,12.04,Heavy Rain,Congested,15.4,4.8,163.7,68.6
DEL_0000180,ORD_0000180,RIDER_0115,2.9,Foggy,High,18.3,7.3,41.4,34.9
DEL_0000181,ORD_0000181,RIDER_0144,5.21,Clear,Low,26.5,3.4,39.9,52.3
DEL_0000182,ORD_0000182,RIDER_0087,7.38,Clear,Moderate,12.3,5.6,40.4,46.8
DEL_0000183,ORD_0000183,RIDER_0108,11.05,Clear,Low,27.5,2.4,56.5,76.7
DEL_0000184,ORD_0000184,RIDER_0080,5.86,Clear,Low,22.9,6.1,46.1,51.3
DEL_0000185,ORD_0000185,RIDER_0122,9.36,Clear,Moderate,31.2,5.7,66.8,73.6
DEL_0000186,ORD_0000186,RIDER_0120,4.45,Cloudy,Congested,17.3,6.4,57.8,40.1
DEL_0000187,ORD_0000187,RIDER_0037,7.19,Sunny,High,17.9,7.9,62.4,51.7
DEL_0000188,ORD_0000188,RIDER_0006,6.35,Cloudy,Low,30.6,3.8,52.2,61.0
DEL_0000189,ORD_0000189,RIDER_0017,3.16,Heavy Rain,High,14.2,4.3,40.4,31.8
DEL_0000190,ORD_0000190,RIDER_0072,12.78,Heavy Rain,High,14.6,2.5,117.8,70.7
DEL_0000191,ORD_0000191,RIDER_0096,8.26,Clear,Moderate,21.6,4.9,56.8,59.6
DEL_0000192,ORD_0000192,RIDER_0109,8.97,Heavy Rain,Low,22.1,2.8,58.6,63.0
DEL_0000193,ORD_0000193,RIDER_0087,7.34,Clear,Low,20.9,3.6,45.5,55.3
DEL_0000194,ORD_0000194,RIDER_0021,13.8,Clear,Moderate,10.8,3.2,60.4,71.0
DEL_0000195,ORD_0000195,RIDER_0140,1.32,Clear,High,27.2,4.4,35.5,37.5
DEL_0000196,ORD_0000196,RIDER_0054,4.38,Sunny,Moderate,20.3,6.9,43.6,42.8
DEL_0000197,ORD_0000197,RIDER_0054,7.32,Sunny,Low,22.7,2.8,44.1,57.0
DEL_0000198,ORD_0000198,RIDER_0084,1.52,Cloudy,High,13.4,7.7,28.6,24.5
DEL_0000199,ORD_0000199,RIDER_0101,8.47,Clear,Low,22.5,4.7,49.2,61.4
DEL_0000201,ORD_0000201,RIDER_0029,8.5,Sunny,Moderate,31.0,7.2,67.7,70.0
DEL_0000202,ORD_0000202,RIDER_0052,10.95,Sunny,Moderate,31.8,4.7,74.2,80.6
DEL_0000203,ORD_0000203,RIDER_0148,11.23,Clear,Congested,20.0,6.2,109.9,69.9
DEL_0000204,ORD_0000204,RIDER_0047,2.5,Cloudy,Low,29.5,2.9,36.6,44.5
DEL_0000205,ORD_0000205,RIDER_0127,14.7,Sunny,Congested,11.7,2.6,124.8,75.5
DEL_0000206,ORD_0000206,RIDER_0050,1.71,Clear,High,13.0,6.0,25.3,24.8
DEL_0000207,ORD_0000207,RIDER_0042,12.6,Sunny,Moderate,12.7,6.4,62.9,68.1
DEL_0000208,ORD_0000208,RIDER_0013,9.92,Cloudy,Congested,18.6,3.8,100.1,63.3
DEL_0000209,ORD_0000209,RIDER_0052,1.42,Clear,Low,28.1,6.1,43.6,38.8
DEL_0000210,ORD_0000210,RIDER_0132,12.29,Clear,Moderate,23.7,7.6,74.7,77.9
DEL_0000211,ORD_0000211,RIDER_0103,1.36,Clear,Low,24.5,3.7,31.1,34.9
DEL_0000212,ORD_0000212,RIDER_0065,9.36,Foggy,Moderate,24.9,7.8,68.9,67.3
DEL_0000213,ORD_0000213,RIDER_0150,6.4,Sunny,Low,22.9,7.9,47.2,53.5
DEL_0000214,ORD_0000214,RIDER_0096,5.23,Clear,Low,10.8,7.5,34.8,36.7
DEL_0000215,ORD_0000215,RIDER_0007,12.72,Clear,Low,21.9,7.4,60.1,77.8
DEL_0000216,ORD_0000216,RIDER_0002,13.03,Clear,Low,24.0,2.8,57.7,81.1
DEL_0000217,ORD_0000217,RIDER_0063,3.6,Clear,Low,19.9,5.8,34.1,39.3
DEL_0000218,ORD_0000218,RIDER_0124,11.56,Clear,Low,29.9,3.8,66.9,81.1
DEL_0000219,ORD_0000219,RIDER_0097,9.44,Clear,Moderate,20.3,2.9,54.8,63.1
DEL_0000220,ORD_0000220,RIDER_0096,7.86,Sunny,Moderate,19.0,2.2,47.8,55.4
DEL_0000221,ORD_0000221,RIDER_0090,10.84,Sunny,High,11.3,4.3,68.1,59.7
DEL_0000223,ORD_0000223,RIDER_0102,14.45,Clear,Congested,29.3,3.0,137.2,92.1
DEL_0000224,ORD_0000224,RIDER_0023,9.85,Cloudy,Low,13.1,6.5,45.9,57.5
DEL_0000225,ORD_0000225,RIDER_0018,8.34,Cloudy,High,13.8,4.2,59.2,52.2
DEL_0000226,ORD_0000226,RIDER_0113,13.01,Clear,Low,18.3,3.7,52.9,75.3
DEL_0000227,ORD_0000227,RIDER_0016,11.42,Clear,High,31.7,2.6,91.1,82.4
DEL_0000228,ORD_0000228,RIDER_0110,6.24,Rainy,Congested,28.0,7.6,90.6,58.0
DEL_0000229,ORD_0000229,RIDER_0001,13.04,Clear,High,30.4,2.2,100.0,87.6
DEL_0000230,ORD_0000230,RIDER_0132,10.18,Clear,Moderate,30.7,3.9,70.7,76.4
DEL_0000231,ORD_0000231,RIDER_0090,13.97,Heavy Rain,High,24.5,6.2,140.2,85.4
DEL_0000232,ORD_0000232,RIDER_0033,12.04,Clear,Moderate,22.1,7.2,70.9,75.3
DEL_0000233,ORD_0000233,RIDER_0042,13.48,Cloudy,Low,15.7,4.9,55.3,74.6
DEL_0000234,ORD_0000234,RIDER_0148,2.08,Clear,High,26.3,6.4,42.3,39.6
DEL_0000235,ORD_0000235,RIDER_0030,2.39,Clear,Moderate,30.6,6.5,46.9,45.2
DEL_0000236,ORD_0000236,RIDER_0094,8.27,Sunny,Low,18.7,5.2,46.2,56.8
DEL_0000237,ORD_0000237,RIDER_0073,11.36,Rainy,High,10.8,3.9,77.7,61.2
DEL_0000238,ORD_0000238,RIDER_0097,14.54,Clear,High,14.6,6.4,93.6,77.8
DEL_0000239,ORD_0000239,RIDER_0077,14.68,Sunny,High,24.9,7.9,106.3,88.6
DEL_0000240,ORD_0000240,RIDER_0025,5.6,Cloudy,High,11.2,7.6,44.3,38.6
DEL_0000241,ORD_0000241,RIDER_0038,4.17,Cloudy,Moderate,10.2,6.4,27.2,31.9
DEL_0000242,ORD_0000242,RIDER_0025,14.45,Clear,Moderate,31.6,5.9,83.9,94.4
DEL_0000243,ORD_0000243,RIDER_0062,7.85,Cloudy,Congested,24.4,4.3,86.0,60.8
DEL_0000244,ORD_0000244,RIDER_0114,1.36,Clear,Low,24.1,7.5,30.8,34.5
DEL_0000246,ORD_0000246,RIDER_0054,3.66,Sunny,Low,22.2,6.8,40.3,41.8
DEL_0000247,ORD_0000247,RIDER_0094,3.53,Foggy,High,15.5,2.3,43.7,34.6
DEL_0000248,ORD_0000248,RIDER_0091,8.52,Clear,Moderate,28.0,3.4,58.0,67.1
DEL_0000249,ORD_0000249,RIDER_0072,11.12,Clear,High,15.7,5.9,78.6,65.2
DEL_0000250,ORD_0000250,RIDER_0131,3.43,Rainy,Low,27.3,4.3,44.0,46.0
DEL_0000251,ORD_0000251,RIDER_0093,11.78,Clear,Moderate,16.0,2.6,59.6,68.1
DEL_0000252,ORD_0000252,RIDER_0025,5.95,Sunny,Low,16.0,2.6,33.2,44.8
DEL_0000253,ORD_0000253,RIDER_0067,10.54,Cloudy,Moderate,13.1,5.4,53.0,60.3
DEL_0000254,ORD_0000254,RIDER_0047,14.61,Cloudy,Moderate,16.1,4.6,75.0,79.5
DEL_0000255,ORD_0000255,RIDER_0024,2.24,Clear,Low,22.7,2.5,29.5,36.7
DEL_0000256,ORD_0000256,RIDER_0049,10.91,Cloudy,Moderate,15.4,6.4,63.8,64.0
DEL_0000257,ORD_0000257,RIDER_0058,2.22,Rainy,Moderate,31.0,4.5,42.5,44.9
DEL_0000258,ORD_0000258,RIDER_0075,7.77,Clear,Low,23.9,4.4,49.4,60.0
DEL_0000259,ORD_0000259,RIDER_0125,6.04,Sunny,Low,17.8,2.0,36.1,47.0
DEL_0000260,ORD_0000260,RIDER_0106,13.62,Clear,Moderate,15.5,4.8,64.7,75.0
DEL_0000261,ORD_0000261,RIDER_0113,3.1,Cloudy,Low,29.4,6.3,45.0,46.8
DEL_0000262,ORD_0000262,RIDER_0126,7.94,Cloudy,Low,26.5,6.7,54.4,63.3
DEL_0000263,ORD_0000263,RIDER_0129,11.64,Clear,Moderate,17.5,7.9,64.0,69.1
DEL_0000264,ORD_0000264,RIDER_0030,14.72,Clear,High,14.4,6.2,91.5,78.3
DEL_0000265,ORD_0000265,RIDER_0059,3.0,Clear,Congested,30.4,4.6,56.7,47.4
DEL_0000266,ORD_0000266,RIDER_0110,2.03,Clear,Moderate,12.4,4.2,22.6,25.5
DEL_0000267,ORD_0000267,RIDER_0121,13.56,Clear,Low,30.9,4.2,68.6,90.1
DEL_0000268,ORD_0000268,RIDER_0136,6.25,Cloudy,Low,18.4,7.3,42.4,48.4
DEL_0000269,ORD_0000269,RIDER_0050,13.79,Clear,Moderate,17.5,6.4,71.5,77.7
DEL_0000270,ORD_0000270,RIDER_0089,7.3,Cloudy,Congested,11.5,4.5,70.6,45.7
DEL_0000271,ORD_0000271,RIDER_0145,12.0,Cloudy,High,18.7,6.1,89.4,71.7
DEL_0000272,ORD_0000272,RIDER_0053,1.25,Sunny,High,10.2,7.6,19.2,20.2
DEL_0000273,ORD_0000273,RIDER_0012,4.44,Clear,Moderate,29.4,7.6,51.2,52.2
DEL_0000274,ORD_0000274,RIDER_0095,2.33,Cloudy,High,25.9,4.5,46.4,40.2
DEL_0000275,ORD_0000275,RIDER_0046,14.41,Sunny,Congested,27.1,6.7,145.1,89.7
DEL_0000276,ORD_0000276,RIDER_0057,4.86,Sunny,Congested,26.6,2.9,68.5,51.0
DEL_0000277,ORD_0000277,RIDER_0126,10.01,Clear,Moderate,13.9,4.4,50.9,58.9
DEL_0000278,ORD_0000278,RIDER_0006,12.44,Cloudy,Moderate,11.0,3.5,55.4,65.8
DEL_0000279,ORD_0000279,RIDER_0052,7.73,Sunny,High,13.6,4.0,56.7,49.5
DEL_0000280,ORD_0000280,RIDER_0027,13.26,Clear,Low,14.9,3.4,52.1,72.9
DEL_0000281,ORD_0000281,RIDER_0029,3.51,Clear,Moderate,31.0,4.1,45.9,50.0
DEL_0000282,ORD_0000282,RIDER_0109,13.35,Cloudy,Moderate,16.3,7.3,67.3,74.7
DEL_0000283,ORD_0000283,RIDER_0001,11.78,Clear,Low,19.8,6.8,60.6,71.9
DEL_0000284,ORD_0000284,RIDER_0091,7.92,Sunny,Congested,23.2,5.8,87.7,59.9
DEL_0000285,ORD_0000285,RIDER_0137,8.44,Rainy,High,22.8,4.5,73.6,61.6
DEL_0000286,ORD_0000286,RIDER_0035,2.01,Clear,High,29.1,6.9,44.2,42.1
DEL_0000287,ORD_0000287,RIDER_0097,10.67,Clear,Moderate,12.3,5.5,50.0,60.0
DEL_0000288,ORD_0000288,RIDER_0121,11.37,Cloudy,Low,19.1,4.0,52.0,69.6
DEL_0000289,ORD_0000289,RIDER_0129,1.35,Rainy,High,29.3,5.3,45.2,39.7
DEL_0000290,ORD_0000290,RIDER_0103,4.18,Clear,Moderate,22.3,7.1,38.4,44.0
DEL_0000291,ORD_0000291,RIDER_0014,9.99,Clear,Low,11.7,5.6,42.6,56.7
DEL_0000292,ORD_0000292,RIDER_0062,2.36,Sunny,Low,31.7,4.9,42.0,46.1
DEL_0000293,ORD_0000293,RIDER_0102,3.85,Cloudy,High,31.4,6.2,58.9,51.8
DEL_0000294,ORD_0000294,RIDER_0039,2.27,Sunny,Congested,15.1,3.3,36.9,29.2
DEL_0000295,ORD_0000295,RIDER_0115,5.81,Clear,High,19.5,7.3,56.2,47.7
DEL_0000296,ORD_0000296,RIDER_0004,11.62,Clear,Congested,27.5,7.4,119.6,79.0
DEL_0000297,ORD_0000297,RIDER_0046,4.71,Sunny,Low,29.3,5.9,47.8,53.1
DEL_0000298,ORD_0000298,RIDER_0113,8.17,Sunny,Low,11.8,4.5,37.7,49.5
DEL_0000299,ORD_0000299,RIDER_0075,3.35,Clear,Moderate,18.5,4.8,36.8,36.9
DEL_0000300,ORD_0000300,RIDER_0085,5.52,Foggy,Moderate,25.5,4.9,53.6,52.6
DEL_0000301,ORD_0000301,RIDER_0016,11.94,Foggy,Low,14.7,2.1,52.1,67.5
DEL_0000302,ORD_0000302,RIDER_0108,4.11,Rainy,Low,11.2,7.4,28.1,32.6
DEL_0000303,ORD_0000303,RIDER_0138,14.33,Clear,High,22.5,6.9,96.1,84.8
DEL_0000304,ORD_0000304,RIDER_0038,12.95,Clear,Congested,18.9,5.1,119.1,75.7
DEL_0000305,ORD_0000305,RIDER_0025,4.17,Foggy,High,22.0,3.0,47.9,43.7
DEL_0000306,ORD_0000306,RIDER_0079,12.34,Clear,High,32.0,4.5,99.8,86.4
DEL_0000307,ORD_0000307,RIDER_0042,7.13,Clear,Moderate,25.0,5.8,52.8,58.5
DEL_0000308,ORD_0000308,RIDER_0128,2.56,Clear,High,10.7,3.7,21.6,25.9
DEL_0000310,ORD_0000310,RIDER_0040,12.63,Sunny,Moderate,17.0,3.0,66.9,72.5
DEL_0000311,ORD_0000311,RIDER_0045,13.5,Sunny,Moderate,12.2,6.8,60.5,71.2
DEL_0000312,ORD_0000312,RIDER_0053,2.47,Clear,Moderate,23.1,2.2,33.4,38.0
DEL_0000313,ORD_0000313,RIDER_0117,3.74,Cloudy,Moderate,14.3,7.0,33.1,34.3
DEL_0000314,ORD_0000314,RIDER_0032,3.13,Clear,Low,11.7,7.1,22.1,29.2
DEL_0000315,ORD_0000315,RIDER_0020,10.55,Clear,Low,30.0,6.9,63.4,77.2
DEL_0000316,ORD_0000316,RIDER_0002,8.3,Clear,Low,23.3,5.2,49.6,61.5
DEL_0000317,ORD_0000317,RIDER_0033,4.92,Clear,Low,25.6,5.9,39.3,50.3
DEL_0000318,ORD_0000318,RIDER_0043,14.17,Sunny,High,19.3,6.5,97.6,81.0
DEL_0000319,ORD_0000319,RIDER_0131,9.18,Clear,Congested,24.2,7.8,100.5,65.9
DEL_0000320,ORD_0000320,RIDER_0032,5.53,Clear,Low,20.2,6.8,41.3,47.3
DEL_0000321,ORD_0000321,RIDER_0147,10.48,Clear,High,14.4,2.3,68.3,61.3
DEL_0000322,ORD_0000322,RIDER_0148,13.6,Clear,High,18.9,7.4,94.3,78.3
DEL_0000323,ORD_0000323,RIDER_0078,5.51,Clear,Low,27.0,5.0,47.8,54.0
DEL_0000324,ORD_0000324,RIDER_0027,4.25,Rainy,Moderate,31.9,7.2,56.4,53.9
DEL_0000325,ORD_0000325,RIDER_0002,4.73,Cloudy,Low,30.8,2.5,43.5,54.7
DEL_0000326,ORD_0000326,RIDER_0038,13.27,Heavy Rain,Moderate,19.8,2.7,93.6,77.9
DEL_0000327,ORD_0000327,RIDER_0058,4.79,Clear,Moderate,22.3,7.2,43.3,46.5
DEL_0000328,ORD_0000328,RIDER_0049,2.62,Clear,Moderate,21.6,7.2,34.1,37.1
DEL_0000329,ORD_0000329,RIDER_0132,11.81,Clear,Low,13.6,3.8,49.4,65.8
DEL_0000330,ORD_0000330,RIDER_0091,2.81,Sunny,High,14.7,4.4,30.5,30.9
DEL_0000331,ORD_0000331,RIDER_0104,9.28,Sunny,Moderate,19.5,6.1,52.7,61.6
DEL_0000332,ORD_0000332,RIDER_0026,11.18,Rainy,Low,14.5,6.7,49.1,64.2
DEL_0000333,ORD_0000333,RIDER_0129,11.25,Rainy,Moderate,13.7,6.1,65.0,63.7
DEL_0000334,ORD_0000334,RIDER_0091,9.13,Sunny,Low,12.4,6.9,44.1,53.9
DEL_0000335,ORD_0000335,RIDER_0025,5.34,Cloudy,Moderate,26.2,7.9,51.8,52.6
DEL_0000336,ORD_0000336,RIDER_0029,10.53,Cloudy,Low,31.5,7.1,67.8,78.6
DEL_0000337,ORD_0000337,RIDER_0093,11.32,Clear,Congested,24.1,7.8,119.5,74.4
DEL_0000338,ORD_0000338,RIDER_0071,3.79,Sunny,Moderate,28.4,2.7,41.1,48.6
DEL_0000339,ORD_0000339,RIDER_0039,14.35,Sunny,High,16.7,3.7,92.3,79.1
DEL_0000340,ORD_0000340,RIDER_0090,11.88,Sunny,Congested,22.3,7.7,118.7,74.8
DEL_0000341,ORD_0000341,RIDER_0009,13.89,Clear,Moderate,18.5,4.4,73.6,79.1
DEL_0000342,ORD_0000342,RIDER_0052,3.05,Sunny,Low,11.9,5.4,21.9,29.1
DEL_0000343,ORD_0000343,RIDER_0110,6.92,Clear,Low,22.3,7.7,43.6,55.0
DEL_0000344,ORD_0000344,RIDER_0033,10.31,Sunny,Moderate,21.4,7.0,64.8,67.6
DEL_0000345,ORD_0000345,RIDER_0032,10.37,Cloudy,Moderate,14.5,2.9,51.8,61.0
DEL_0000346,ORD_0000346,RIDER_0125,2.76,Clear,High,12.7,2.6,26.2,28.7
DEL_0000347,ORD_0000347,RIDER_0077,7.78,Clear,Low,28.7,3.6,49.7,64.8
DEL_0000348,ORD_0000348,RIDER_0052,7.73,Clear,Low,23.0,4.2,44.8,58.9
DEL_0000349,ORD_0000349,RIDER_0038,5.05,Clear,Low,22.8,2.2,35.5,48.0
DEL_0000350,ORD_0000350,RIDER_0003,6.07,Rainy,Moderate,17.7,6.2,44.7,47.0
DEL_0000351,ORD_0000351,RIDER_0118,4.99,Cloudy,Low,18.7,7.5,37.2,43.7
DEL_0000352,ORD_0000352,RIDER_0067,10.69,Sunny,High,22.9,7.0,81.4,70.7
DEL_0000353,ORD_0000353,RIDER_0061,13.44,Clear,High,26.6,4.5,101.5,85.4
DEL_0000354,ORD_0000354,RIDER_0045,2.66,Clear,Low,24.0,5.3,37.3,39.6
DEL_0000355,ORD_0000355,RIDER_0007,3.97,Rainy,High,17.9,4.4,44.7,38.8
DEL_0000356,ORD_0000356,RIDER_0054,12.46,Sunny,Low,29.8,7.1,67.8,84.6
DEL_0000357,ORD_0000357,RIDER_0077,2.8,Clear,High,17.3,3.3,39.9,33.5
DEL_0000358,ORD_0000358,RIDER_0148,12.8,Heavy Rain,Moderate,18.8,2.3,84.7,75.0
DEL_0000359,ORD_0000359,RIDER_0108,3.93,Rainy,Low,14.5,6.9,30.9,35.2
DEL_0000360,ORD_0000360,RIDER_0010,14.54,Heavy Rain,High,23.5,2.5,141.5,86.7
DEL_0000361,ORD_0000361,RIDER_0111,5.33,Rainy,Congested,10.5,2.3,60.5,36.8
DEL_0000362,ORD_0000362,RIDER_0111,8.67,Clear,Low,23.5,7.4,48.1,63.2
DEL_0000363,ORD_0000363,RIDER_0146,14.68,Clear,Moderate,27.9,2.5,80.4,91.6
DEL_0000364,ORD_0000364,RIDER_0102,10.14,Cloudy,Moderate,30.6,3.2,68.7,76.2
DEL_0000365,ORD_0000365,RIDER_0142,13.02,Clear,High,17.0,5.2,89.1,74.1
DEL_0000367,ORD_0000367,RIDER_0077,2.01,Rainy,Low,10.4,4.3,18.9,23.4
DEL_0000368,ORD_0000368,RIDER_0087,12.22,Sunny,High,17.5,7.0,86.2,71.4
DEL_0000369,ORD_0000369,RIDER_0142,14.15,Heavy Rain,Low,31.8,5.2,87.9,93.4
DEL_0000370,ORD_0000370,RIDER_0139,5.79,Clear,Moderate,18.0,6.0,45.1,46.2
DEL_0000371,ORD_0000371,RIDER_0005,1.32,Clear,Low,24.0,5.3,29.8,34.3
DEL_0000372,ORD_0000372,RIDER_0067,2.93,Sunny,Low,23.6,2.3,35.0,40.3
DEL_0000373,ORD_0000373,RIDER_0011,10.96,Clear,Moderate,15.7,3.5,53.6,64.5
DEL_0000374,ORD_0000374,RIDER_0084,6.25,Rainy,Moderate,24.1,7.3,51.5,54.1
DEL_0000375,ORD_0000375,RIDER_0121,9.66,Clear,Low,30.5,7.5,65.5,74.1
DEL_0000376,ORD_0000376,RIDER_0097,1.64,Cloudy,High,32.0,2.5,43.2,43.6
DEL_0000377,ORD_0000377,RIDER_0138,12.73,Sunny,Moderate,20.4,5.1,66.1,76.3
DEL_0000378,ORD_0000378,RIDER_0117,11.38,Clear,Moderate,26.1,7.3,72.1,76.6
DEL_0000379,ORD_0000379,RIDER_0115,4.32,Rainy,Congested,30.4,3.5,75.2,52.7
DEL_0000380,ORD_0000380,RIDER_0051,13.12,Clear,Moderate,15.8,5.3,62.8,73.3
DEL_0000381,ORD_0000381,RIDER_0019,8.2,Sunny,High,19.3,2.8,62.5,57.1
DEL_0000382,ORD_0000382,RIDER_0105,11.27,Clear,Moderate,25.4,6.4,67.6,75.5
DEL_0000383,ORD_0000383,RIDER_0117,5.56,Clear,High,16.1,6.6,50.8,43.3
DEL_0000384,ORD_0000384,RIDER_0074,6.42,Cloudy,Congested,10.9,7.7,69.6,41.6
DEL_0000385,ORD_0000385,RIDER_0125,4.24,Clear,High,15.7,5.6,43.9,37.7
DEL_0000386,ORD_0000386,RIDER_0011,8.52,Clear,Moderate,28.1,4.2,61.8,67.2
DEL_0000387,ORD_0000387,RIDER_0076,10.94,Rainy,Low,29.6,5.0,67.9,78.4
DEL_0000388,ORD_0000388,RIDER_0020,3.33,Clear,High,26.2,6.0,49.6,44.5
DEL_0000389,ORD_0000389,RIDER_0134,3.79,Sunny,Congested,23.8,7.7,58.6,44.0
DEL_0000390,ORD_0000390,RIDER_0128,2.99,Sunny,Low,21.4,6.3,33.8,38.4
DEL_0000391,ORD_0000391,RIDER_0150,9.87,Sunny,High,14.0,3.8,67.4,58.5
DEL_0000392,ORD_0000392,RIDER_0025,2.73,Rainy,Moderate,16.3,7.8,36.9,32.2
DEL_0000393,ORD_0000393,RIDER_0089,10.79,Cloudy,Moderate,27.7,4.9,67.0,75.9
DEL_0000394,ORD_0000394,RIDER_0114,6.62,Rainy,Low,26.0,4.0,50.4,57.5
DEL_0000395,ORD_0000395,RIDER_0085,9.43,Clear,High,27.7,2.5,75.8,70.4
DEL_0000396,ORD_0000396,RIDER_0102,5.15,Clear,Low,19.1,5.3,32.0,44.7
DEL_0000397,ORD_0000397,RIDER_0129,11.96,Clear,Low,10.5,5.8,46.0,63.3
DEL_0000398,ORD_0000398,RIDER_0070,2.24,Sunny,Moderate,26.1,2.1,35.1,40.1
DEL_0000399,ORD_0000399,RIDER_0050,12.89,Cloudy,High,26.4,3.8,93.5,83.0
DEL_0000400,ORD_0000400,RIDER_0098,14.71,Cloudy,Congested,26.8,6.3,143.7,90.6
DEL_0000401,ORD_0000401,RIDER_0123,2.68,Clear,Low,23.9,2.5,31.5,39.6
DEL_0000402,ORD_0000402,RIDER_0146,2.0,Sunny,High,26.3,7.0,42.7,39.3
DEL_0000403,ORD_0000403,RIDER_0081,5.58,Cloudy,High,28.9,8.0,65.8,56.2
DEL_0000404,ORD_0000404,RIDER_0051,13.03,Clear,Congested,20.9,5.8,125.0,78.0
DEL_0000405,ORD_0000405,RIDER_0112,10.99,Rainy,Moderate,17.1,7.3,66.1,66.1
DEL_0000406,ORD_0000406,RIDER_0065,7.5,Heavy Rain,Congested,25.8,7.1,118.9,60.8
DEL_0000407,ORD_0000407,RIDER_0080,3.91,Clear,Moderate,12.1,5.7,30.1,32.7
DEL_0000408,ORD_0000408,RIDER_0110,11.12,Clear,Moderate,30.6,5.4,72.5,80.1
DEL_0000409,ORD_0000409,RIDER_0068,2.59,Cloudy,Moderate,26.9,4.0,40.0,42.3
DEL_0000410,ORD_0000410,RIDER_0001,14.65,Clear,Congested,13.2,3.0,122.8,76.8
DEL_0000411,ORD_0000411,RIDER_0129,4.47,Clear,Moderate,25.5,4.1,45.7,48.4
DEL_0000413,ORD_0000413,RIDER_0109,9.59,Rainy,Congested,14.2,4.2,110.5,57.6
DEL_0000414,ORD_0000414,RIDER_0095,8.04,Clear,Low,24.2,5.9,46.9,61.4
DEL_0000415,ORD_0000415,RIDER_0117,3.56,Cloudy,Moderate,22.0,2.6,34.1,41.2
DEL_0000416,ORD_0000416,RIDER_0081,12.87,Clear,Congested,24.4,6.4,129.8,80.9
DEL_0000417,ORD_0000417,RIDER_0133,13.99,Clear,High,24.7,2.4,98.4,85.7
DEL_0000418,ORD_0000418,RIDER_0105,9.84,Rainy,Congested,16.8,5.4,106.4,61.2
DEL_0000419,ORD_0000419,RIDER_0030,3.68,Clear,High,23.8,2.1,44.5,43.5
DEL_0000420,ORD_0000420,RIDER_0098,3.62,Clear,High,15.0,3.1,36.5,34.5
DEL_0000421,ORD_0000421,RIDER_0116,1.7,Rainy,High,21.8,3.3,34.4,33.6
DEL_0000422,ORD_0000422,RIDER_0024,11.72,Clear,High,10.7,2.7,69.8,62.6
DEL_0000423,ORD_0000423,RIDER_0097,13.46,Clear,Low,17.9,7.4,60.5,76.7
DEL_0000424,ORD_0000424,RIDER_0148,11.14,Sunny,Low,25.9,5.6,61.7,75.5
DEL_0000425,ORD_0000425,RIDER_0028,6.99,Clear,High,23.0,3.0,62.0,56.0
DEL_0000426,ORD_0000426,RIDER_0014,5.41,Cloudy,Congested,20.1,3.0,65.5,46.7
DEL_0000427,ORD_0000427,RIDER_0040,12.7,Clear,Moderate,17.6,4.8,63.2,73.4
DEL_0000428,ORD_0000428,RIDER_0103,13.41,Rainy,High,19.3,4.4,99.0,77.9
DEL_0000429,ORD_0000429,RIDER_0088,12.4,Sunny,Moderate,30.1,5.9,78.4,84.7
DEL_0000430,ORD_0000430,RIDER_0009,14.24,Clear,Low,25.0,7.0,68.8,87.0
DEL_0000431,ORD_0000431,RIDER_0042,2.95,Sunny,Moderate,10.3,5.9,24.8,27.1
DEL_0000432,ORD_0000432,RIDER_0129,11.82,Cloudy,High,31.4,2.7,90.9,83.7
DEL_0000433,ORD_0000433,RIDER_0132,11.1,Sunny,Low,16.2,2.7,44.3,65.6
DEL_0000434,ORD_0000434,RIDER_0139,3.63,Clear,Low,17.1,5.8,32.1,36.6
DEL_0000435,ORD_0000435,RIDER_0137,2.91,Clear,Moderate,29.6,4.1,40.1,46.2
DEL_0000436,ORD_0000436,RIDER_0087,6.95,Clear,Congested,15.7,5.9,74.6,48.5
DEL_0000437,ORD_0000437,RIDER_0078,8.19,Rainy,Moderate,27.6,4.2,59.8,65.4
DEL_0000438,ORD_0000438,RIDER_0047,4.91,Clear,Low,19.1,2.8,34.9,43.7
DEL_0000439,ORD_0000439,RIDER_0118,6.92,Sunny,Moderate,20.5,5.3,47.7,53.2
DEL_0000440,ORD_0000440,RIDER_0066,1.64,Rainy,Congested,23.9,5.4,45.6,35.5
DEL_0000441,ORD_0000441,RIDER_0150,9.69,Sunny,Moderate,26.8,6.5,64.7,70.6
DEL_0000442,ORD_0000442,RIDER_0102,4.07,Clear,Low,29.0,6.6,49.8,50.3
DEL_0000443,ORD_0000443,RIDER_0082,9.77,Cloudy,Moderate,23.9,5.8,59.2,68.0
DEL_0000444,ORD_0000444,RIDER_0046,5.12,Sunny,High,20.2,3.0,48.8,45.7
DEL_0000445,ORD_0000445,RIDER_0058,9.49,Sunny,Low,22.6,4.5,54.2,65.6
DEL_0000446,ORD_0000446,RIDER_0118,11.03,Clear,High,25.7,3.2,84.5,74.8
DEL_0000448,ORD_0000448,RIDER_0134,12.93,Clear,Moderate,15.7,6.3,64.4,72.4
DEL_0000449,ORD_0000449,RIDER_0016,12.24,Rainy,Moderate,10.9,4.4,66.5,64.9
DEL_0000450,ORD_0000450,RIDER_0044,6.82,Clear,Congested,27.5,3.3,80.4,59.8
DEL_0000451,ORD_0000451,RIDER_0088,10.57,Clear,Moderate,15.7,3.7,56.0,63.0
DEL_0000452,ORD_0000452,RIDER_0041,9.82,Sunny,Moderate,16.5,6.5,56.0,60.8
DEL_0000453,ORD_0000453,RIDER_0004,6.15,Sunny,High,21.4,4.9,62.5,51.0
DEL_0000454,ORD_0000454,RIDER_0044,7.76,Sunny,Low,24.7,2.4,42.6,60.7
DEL_0000455,ORD_0000455,RIDER_0051,7.98,Sunny,Moderate,10.3,6.5,45.2,47.2
DEL_0000456,ORD_0000456,RIDER_0130,4.89,Heavy Rain,Congested,21.8,2.5,76.7,46.4
DEL_0000457,ORD_0000457,RIDER_0059,3.61,Foggy,Low,16.1,6.5,32.6,35.5
DEL_0000458,ORD_0000458,RIDER_0119,8.5,Cloudy,High,23.9,3.2,64.0,62.9
DEL_0000459,ORD_0000459,RIDER_0077,1.33,Clear,High,25.8,4.7,35.1,36.1
DEL_0000460,ORD_0000460,RIDER_0085,7.77,Clear,Moderate,15.8,5.2,44.3,51.9
DEL_0000461,ORD_0000461,RIDER_0125,5.54,Foggy,Moderate,13.6,2.4,35.8,40.8
DEL_0000462,ORD_0000462,RIDER_0079,11.62,Sunny,Moderate,30.4,3.3,73.3,81.9
DEL_0000463,ORD_0000463,RIDER_0041,14.21,Foggy,Moderate,27.4,6.7,89.1,89.2
DEL_0000464,ORD_0000464,RIDER_0109,6.55,Clear,Moderate,18.9,7.8,54.3,50.1
DEL_0000465,ORD_0000465,RIDER_0007,7.01,Clear,Moderate,26.3,6.8,54.5,59.3
DEL_0000466,ORD_0000466,RIDER_0121,11.82,Clear,Congested,25.5,3.5,115.8,77.8
DEL_0000467,ORD_0000467,RIDER_0095,13.76,Clear,Moderate,26.5,3.9,76.7,86.5
DEL_0000468,ORD_0000468,RIDER_0084,8.63,Cloudy,Moderate,28.0,6.1,60.3,67.5
DEL_0000469,ORD_0000469,RIDER_0115,3.7,Sunny,High,17.3,6.1,41.4,37.1
DEL_0000470,ORD_0000470,RIDER_0013,2.02,Foggy,Low,22.4,8.0,34.5,35.5
DEL_0000471,ORD_0000471,RIDER_0143,8.43,Cloudy,Congested,11.9,7.5,76.6,50.6
DEL_0000472,ORD_0000472,RIDER_0085,3.67,Sunny,Moderate,27.2,6.4,40.8,46.9
DEL_0000473,ORD_0000473,RIDER_0003,5.58,Clear,Congested,22.9,6.6,67.8,50.2
DEL_0000474,ORD_0000474,RIDER_0038,5.4,Clear,Moderate,30.8,2.2,50.3,57.4
DEL_0000476,ORD_0000476,RIDER_0113,3.9,Cloudy,High,12.7,7.8,40.9,33.3
DEL_0000477,ORD_0000477,RIDER_0107,4.06,Clear,High,20.5,5.1,46.3,41.7
DEL_0000479,ORD_0000479,RIDER_0012,12.72,Clear,Low,21.4,2.8,55.3,77.3
DEL_0000480,ORD_0000480,RIDER_0108,3.58,Sunny,Low,27.8,6.0,42.9,47.1
DEL_0000481,ORD_0000481,RIDER_0083,11.85,Clear,Congested,10.8,7.2,107.5,63.2
DEL_0000483,ORD_0000483,RIDER_0033,10.13,Clear,Moderate,25.8,4.9,64.4,71.3
DEL_0000484,ORD_0000484,RIDER_0064,4.61,Cloudy,Low,25.6,4.8,37.0,49.0
DEL_0000485,ORD_0000485,RIDER_0109,10.19,Sunny,High,10.8,7.4,68.6,56.6
DEL_0000486,ORD_0000486,RIDER_0102,1.36,Sunny,High,14.1,7.2,28.6,24.5
DEL_0000487,ORD_0000487,RIDER_0132,5.79,Rainy,Moderate,27.8,4.9,51.9,56.0
DEL_0000488,ORD_0000488,RIDER_0118,2.84,Cloudy,Moderate,17.6,4.7,30.7,34.0
DEL_0000489,ORD_0000489,RIDER_0005,11.17,Clear,Moderate,13.3,7.2,53.3,63.0
DEL_0000490,ORD_0000490,RIDER_0139,6.97,Clear,Low,31.3,4.4,52.4,64.2
DEL_0000491,ORD_0000491,RIDER_0001,4.62,Sunny,Low,30.3,5.7,48.4,53.8
DEL_0000492,ORD_0000492,RIDER_0101,9.99,Clear,Moderate,28.4,2.4,63.9,73.4
DEL_0000493,ORD_0000493,RIDER_0053,3.14,Clear,Low,24.0,5.1,32.7,41.6
DEL_0000494,ORD_0000494,RIDER_0040,13.17,Cloudy,High,29.3,7.7,102.2,87.0
DEL_0000495,ORD_0000495,RIDER_0044,11.52,Clear,Low,31.9,5.6,64.4,83.0
DEL_0000496,ORD_0000496,RIDER_0072,13.5,Sunny,High,24.7,3.5,94.3,83.7
DEL_0000497,ORD_0000497,RIDER_0027,8.83,Rainy,Low,21.4,7.6,52.5,61.7
DEL_0000498,ORD_0000498,RIDER_0108,10.97,Clear,Moderate,19.7,4.8,63.3,68.6
DEL_0000499,ORD_0000499,RIDER_0056,3.66,Sunny,Low,16.4,4.5,32.8,36.0
DEL_0000500,ORD_0000500,RIDER_0115,5.61,Cloudy,Moderate,26.9,3.0,49.1,54.3
DEL_0000501,ORD_0000501,RIDER_0128,5.74,Sunny,Moderate,28.4,3.4,51.5,56.4
DEL_0000502,ORD_0000502,RIDER_0052,12.84,Sunny,Low,19.6,4.2,54.9,76.0
DEL_0000503,ORD_0000503,RIDER_0102,3.9,Clear,Moderate,29.3,4.4,46.4,49.9
DEL_0000504,ORD_0000504,RIDER_0114,4.54,Clear,Congested,10.6,3.3,51.9,33.8
DEL_0000505,ORD_0000505,RIDER_0004,4.51,Clear,High,28.4,4.5,52.4,51.4
DEL_0000506,ORD_0000506,RIDER_0067,12.13,Clear,Low,29.8,7.6,66.7,83.3
DEL_0000507,ORD_0000507,RIDER_0122,5.46,Rainy,Moderate,25.8,6.3,51.6,52.6
DEL_0000508,ORD_0000508,RIDER_0112,14.16,Clear,Moderate,22.3,2.3,69.3,83.9
DEL_0000509,ORD_0000509,RIDER_0146,14.08,Cloudy,High,20.8,6.2,104.2,82.1
DEL_0000510,ORD_0000510,RIDER_0146,14.07,Clear,Moderate,25.0,3.9,73.2,86.3
DEL_0000511,ORD_0000511,RIDER_0017,6.83,Clear,Low,31.6,6.6,60.0,63.9
DEL_0000512,ORD_0000512,RIDER_0098,3.08,Clear,Low,17.8,6.2,31.4,35.1
DEL_0000513,ORD_0000513,RIDER_0135,1.48,Sunny,Congested,11.3,4.2,29.8,22.2
DEL_0000514,ORD_0000514,RIDER_0018,3.76,Sunny,Low,14.8,4.1,33.9,34.8
DEL_0000515,ORD_0000515,RIDER_0008,13.92,Rainy,High,12.6,7.6,103.2,73.3
DEL_0000516,ORD_0000516,RIDER_0087,13.83,Sunny,Low,19.9,2.7,56.7,80.2
DEL_0000517,ORD_0000517,RIDER_0016,12.23,Rainy,Moderate,28.5,2.6,75.4,82.4
DEL_0000519,ORD_0000519,RIDER_0100,7.97,Cloudy,Low,25.0,2.3,48.0,61.9
DEL_0000520,ORD_0000520,RIDER_0013,1.58,Heavy Rain,High,17.7,5.2,33.6,29.0
DEL_0000521,ORD_0000521,RIDER_0012,2.54,Heavy Rain,Congested,25.7,2.4,57.9,40.9
DEL_0000522,ORD_0000522,RIDER_0002,10.17,Rainy,Low,13.9,4.3,49.7,59.6
DEL_0000523,ORD_0000523,RIDER_0147,3.99,Rainy,Moderate,16.0,6.1,35.5,37.0
DEL_0000524,ORD_0000524,RIDER_0115,10.22,Clear,High,12.5,7.4,72.3,58.4
DEL_0000525,ORD_0000525,RIDER_0073,4.76,Cloudy,Low,29.5,3.2,48.7,53.5
DEL_0000526,ORD_0000526,RIDER_0018,7.13,Clear,High,19.7,6.6,64.5,53.2
DEL_0000527,ORD_0000527,RIDER_0012,1.39,Clear,High,15.5,3.1,20.3,26.1
DEL_0000528,ORD_0000528,RIDER_0050,10.15,Clear,High,11.5,3.5,67.0,57.1
DEL_0000529,ORD_0000529,RIDER_0083,1.72,Rainy,Moderate,10.1,2.0,21.2,22.0
DEL_0000530,ORD_0000530,RIDER_0122,9.97,Clear,High,19.9,6.5,77.1,64.8
DEL_0000531,ORD_0000531,RIDER_0117,13.16,Clear,Low,26.1,7.8,65.3,83.7
DEL_0000532,ORD_0000532,RIDER_0091,14.01,Clear,Moderate,26.1,4.7,78.7,87.1
DEL_0000533,ORD_0000533,RIDER_0146,14.09,Cloudy,High,18.0,4.8,96.1,79.4
DEL_0000534,ORD_0000534,RIDER_0077,1.89,Clear,Moderate,13.4,4.3,20.6,26.0
DEL_0000535,ORD_0000535,RIDER_0045,14.58,Cloudy,High,24.1,5.5,102.9,87.4
DEL_0000536,ORD_0000536,RIDER_0136,10.4,Cloudy,Low,10.2,7.2,42.0,56.8
DEL_0000537,ORD_0000537,RIDER_0093,9.13,Rainy,Moderate,25.5,3.7,67.6,67.0
DEL_0000538,ORD_0000538,RIDER_0121,10.58,Rainy,Congested,24.6,2.9,122.8,71.9
DEL_0000539,ORD_0000539,RIDER_0006,10.56,Rainy,Congested,22.9,3.1,124.4,70.1
DEL_0000540,ORD_0000540,RIDER_0035,10.41,Rainy,Low,30.6,7.8,64.9,77.2
DEL_0000541,ORD_0000541,RIDER_0005,6.88,Clear,High,14.2,3.7,46.8,46.7
DEL_0000542,ORD_0000542,RIDER_0111,1.75,Cloudy,High,20.1,2.5,30.6,32.1
DEL_0000543,ORD_0000543,RIDER_0098,1.69,Cloudy,Moderate,17.4,6.8,32.5,29.2
DEL_0000544,ORD_0000544,RIDER_0022,12.92,Rainy,Low,12.8,6.6,53.9,69.5
DEL_0000545,ORD_0000545,RIDER_0023,1.33,Clear,High,29.1,5.7,43.4,39.4
DEL_0000546,ORD_0000546,RIDER_0052,3.72,Cloudy,Moderate,19.5,6.1,40.9,39.4
DEL_0000547,ORD_0000547,RIDER_0051,9.43,Clear,Low,24.9,7.2,57.2,67.6
DEL_0000548,ORD_0000548,RIDER_0020,3.74,Clear,Congested,13.6,5.8,48.1,33.6
DEL_0000549,ORD_0000549,RIDER_0065,11.46,Clear,Low,17.6,6.4,49.3,68.4
DEL_0000550,ORD_0000550,RIDER_0017,4.77,Rainy,Moderate,26.3,4.9,46.8,50.4
DEL_0000551,ORD_0000551,RIDER_0044,10.6,Clear,High,17.1,6.8,79.3,64.5
DEL_0000552,ORD_0000552,RIDER_0082,14.66,Sunny,Low,10.3,6.7,52.8,73.9
DEL_0000553,ORD_0000553,RIDER_0087,1.49,Clear,Low,31.0,5.3,40.4,42.0
DEL_0000554,ORD_0000554,RIDER_0091,2.11,Clear,Moderate,16.4,3.4,29.7,29.8
DEL_0000556,ORD_0000556,RIDER_0084,13.58,Rainy,Moderate,29.8,4.9,86.7,89.1
DEL_0000557,ORD_0000557,RIDER_0083,14.41,Clear,High,15.2,6.9,91.3,77.8
DEL_0000558,ORD_0000558,RIDER_0126,9.4,Rainy,Congested,15.9,4.7,103.7,58.5
DEL_0000559,ORD_0000559,RIDER_0064,9.81,Clear,High,20.6,2.9,72.2,64.8
DEL_0000560,ORD_0000560,RIDER_0050,12.06,Clear,High,19.3,6.9,88.7,72.5
DEL_0000561,ORD_0000561,RIDER_0038,9.71,Sunny,Moderate,26.7,2.6,61.4,70.5
DEL_0000562,ORD_0000562,RIDER_0142,6.22,Clear,Moderate,22.1,5.8,50.6,52.0
DEL_0000563,ORD_0000563,RIDER_0083,11.49,Clear,Moderate,25.9,6.3,64.8,76.9
DEL_0000564,ORD_0000564,RIDER_0088,7.9,Sunny,High,24.1,4.4,68.1,60.7
DEL_0000565,ORD_0000565,RIDER_0143,1.91,Rainy,Low,10.9,3.3,20.0,23.5
DEL_0000566,ORD_0000566,RIDER_0075,1.52,Cloudy,High,11.5,3.2,23.7,22.6
DEL_0000567,ORD_0000567,RIDER_0131,6.6,Clear,Low,23.8,5.7,45.8,55.2
DEL_0000568,ORD_0000568,RIDER_0074,1.59,Sunny,High,21.3,4.4,36.1,32.7
DEL_0000569,ORD_0000569,RIDER_0146,12.53,Cloudy,High,28.0,4.2,98.2,83.1
DEL_0000570,ORD_0000570,RIDER_0100,7.43,Clear,High,30.3,4.9,73.5,65.0
DEL_0000571,ORD_0000571,RIDER_0003,13.85,Clear,Low,22.5,3.0,61.8,82.9
DEL_0000572,ORD_0000572,RIDER_0078,4.77,Heavy Rain,Congested,27.6,3.2,86.4,51.7
DEL_0000573,ORD_0000573,RIDER_0143,4.87,Cloudy,High,26.1,2.9,56.8,50.6
DEL_0000575,ORD_0000575,RIDER_0001,13.08,Rainy,Moderate,30.9,4.9,87.7,88.2
DEL_0000576,ORD_0000576,RIDER_0096,11.08,Sunny,Low,24.1,4.4,61.0,73.4
DEL_0000577,ORD_0000577,RIDER_0139,6.1,Clear,Moderate,29.5,4.0,52.1,58.9
DEL_0000578,ORD_0000578,RIDER_0088,9.8,Cloudy,High,22.6,7.9,81.7,66.8
DEL_0000579,ORD_0000579,RIDER_0134,9.03,Clear,Moderate,30.7,6.4,65.4,71.8
DEL_0000580,ORD_0000580,RIDER_0101,9.05,Cloudy,Moderate,31.7,3.4,61.2,72.9
DEL_0000582,ORD_0000582,RIDER_0048,2.11,Sunny,Low,30.8,6.0,39.3,44.2
DEL_0000583,ORD_0000583,RIDER_0126,8.0,Clear,Low,20.4,6.8,47.3,57.4
DEL_0000584,ORD_0000584,RIDER_0010,11.52,Clear,Low,12.0,3.5,40.0,63.1
DEL_0000585,ORD_0000585,RIDER_0142,4.15,Clear,Low,12.8,7.2,31.5,34.4
DEL_0000586,ORD_0000586,RIDER_0013,9.16,Cloudy,Moderate,29.8,3.8,58.4,71.4
DEL_0000587,ORD_0000587,RIDER_0051,7.81,Clear,High,27.7,7.4,74.3,63.9
DEL_0000588,ORD_0000588,RIDER_0114,2.58,Clear,Moderate,30.8,5.4,44.1,46.1
DEL_0000589,ORD_0000589,RIDER_0009,7.13,Cloudy,Low,11.9,7.3,35.6,45.4
DEL_0000590,ORD_0000590,RIDER_0143,7.7,Foggy,High,22.8,2.7,68.4,58.6
DEL_0000591,ORD_0000591,RIDER_0016,11.92,Clear,High,22.9,2.1,85.6,75.6
DEL_0000592,ORD_0000592,RIDER_0055,3.54,Sunny,Moderate,28.9,2.4,42.2,48.1
DEL_0000593,ORD_0000593,RIDER_0043,9.73,Clear,Moderate,30.6,7.0,66.6,74.5
DEL_0000594,ORD_0000594,RIDER_0058,7.72,Heavy Rain,Moderate,18.9,7.2,68.0,54.8
DEL_0000595,ORD_0000595,RIDER_0107,8.84,Cloudy,Moderate,27.0,2.2,58.3,67.4
DEL_0000596,ORD_0000596,RIDER_0079,8.16,Clear,High,25.1,6.2,74.1,62.7
DEL_0000597,ORD_0000597,RIDER_0088,8.23,Sunny,Low,15.9,3.6,39.3,53.8
DEL_0000598,ORD_0000598,RIDER_0050,8.24,Clear,Moderate,19.3,6.0,55.7,57.3
DEL_0000599,ORD_0000599,RIDER_0149,3.56,Cloudy,Congested,24.0,3.2,55.1,43.2
DEL_0000601,ORD_0000601,RIDER_0117,9.14,Clear,High,14.4,2.3,56.0,56.0
DEL_0000602,ORD_0000602,RIDER_0072,8.66,Clear,Moderate,30.4,6.1,68.5,70.0
DEL_0000603,ORD_0000603,RIDER_0062,4.2,Sunny,Moderate,30.4,4.1,48.5,52.2
DEL_0000604,ORD_0000604,RIDER_0070,2.89,Clear,Moderate,15.3,5.7,31.2,31.9
DEL_0000605,ORD_0000605,RIDER_0099,4.1,Clear,Low,25.7,4.7,40.5,47.1
DEL_0000606,ORD_0000606,RIDER_0128,9.57,Rainy,Moderate,18.2,6.2,59.5,61.5
DEL_0000607,ORD_0000607,RIDER_0081,6.71,Clear,Low,15.1,5.6,36.9,46.9
DEL_0000608,ORD_0000608,RIDER_0089,6.38,Sunny,High,30.0,2.5,64.5,60.5
DEL_0000609,ORD_0000609,RIDER_0150,9.35,Rainy,High,31.5,4.2,90.8,73.9
DEL_0000610,ORD_0000610,RIDER_0112,13.05,Clear,Moderate,13.7,2.4,58.5,70.9
DEL_0000611,ORD_0000611,RIDER_0051,10.89,Clear,Moderate,28.0,3.1,69.4,76.6
DEL_0000612,ORD_0000612,RIDER_0132,8.01,Rainy,Low,13.7,4.8,44.0,50.7
DEL_0000613,ORD_0000613,RIDER_0117,10.86,Cloudy,Low,23.3,2.3,54.1,71.7
DEL_0000614,ORD_0000614,RIDER_0135,14.28,Heavy Rain,Low,23.3,6.3,84.4,85.4
DEL_0000615,ORD_0000615,RIDER_0095,2.77,Rainy,Low,16.6,2.1,22.7,32.7
DEL_0000616,ORD_0000616,RIDER_0036,6.59,Clear,High,29.9,3.5,66.7,61.3
DEL_0000617,ORD_0000617,RIDER_0063,13.4,Heavy Rain,Low,11.2,4.8,64.8,69.8
DEL_0000618,ORD_0000618,RIDER_0018,5.71,Clear,Moderate,10.2,2.6,34.2,38.0
DEL_0000619,ORD_0000619,RIDER_0118,9.66,Clear,Low,21.4,2.7,45.6,65.0
DEL_0000620,ORD_0000620,RIDER_0097,10.18,Clear,Moderate,15.9,2.9,53.8,61.6
DEL_0000621,ORD_0000621,RIDER_0050,8.94,Clear,High,13.3,5.3,63.1,54.1
DEL_0000622,ORD_0000622,RIDER_0127,2.29,Sunny,High,23.6,7.9,48.5,37.8
DEL_0000623,ORD_0000623,RIDER_0084,3.32,Cloudy,Moderate,21.4,3.7,31.7,39.7
DEL_0000624,ORD_0000624,RIDER_0104,14.15,Clear,High,12.3,2.9,83.0,73.9
DEL_0000625,ORD_0000625,RIDER_0139,6.14,Cloudy,Moderate,17.3,2.5,41.8,46.9
DEL_0000626,ORD_0000626,RIDER_0040,7.64,Clear,High,12.6,3.4,56.6,48.2
DEL_0000627,ORD_0000627,RIDER_0074,9.5,Clear,Low,17.2,4.3,46.1,60.2
DEL_0000628,ORD_0000628,RIDER_0014,7.61,Clear,Low,28.6,6.1,54.2,64.0
DEL_0000629,ORD_0000629,RIDER_0010,2.32,Clear,Low,30.3,6.7,46.5,44.6
DEL_0000630,ORD_0000630,RIDER_0041,2.51,Sunny,Moderate,10.7,7.1,23.4,25.7
DEL_0000631,ORD_0000631,RIDER_0103,12.17,Clear,Congested,16.8,4.0,112.2,70.5
DEL_0000632,ORD_0000632,RIDER_0073,10.55,Sunny,Moderate,19.6,2.7,58.9,66.8
DEL_0000633,ORD_0000633,RIDER_0101,5.89,Clear,High,27.7,4.3,62.5,56.3
DEL_0000634,ORD_0000634,RIDER_0081,13.01,Clear,High,13.6,3.5,79.6,70.6
DEL_0000635,ORD_0000635,RIDER_0107,11.68,Sunny,Moderate,27.6,4.2,73.6,79.3
DEL_0000636,ORD_0000636,RIDER_0071,6.51,Sunny,High,30.4,3.2,66.2,61.4
DEL_0000637,ORD_0000637,RIDER_0012,5.72,Clear,Moderate,27.4,4.8,55.4,55.3
DEL_0000639,ORD_0000639,RIDER_0138,13.98,Clear,High,26.1,6.6,103.6,87.0
DEL_0000640,ORD_0000640,RIDER_0061,8.83,Clear,High,14.4,6.1,60.5,54.7
DEL_0000641,ORD_0000641,RIDER_0066,3.4,Clear,Moderate,18.0,6.6,33.8,36.6
DEL_0000642,ORD_0000642,RIDER_0062,11.79,Cloudy,High,31.2,2.7,101.4,83.4
DEL_0000643,ORD_0000643,RIDER_0072,6.05,Clear,Low,27.7,5.3,48.1,56.9
DEL_0000644,ORD_0000644,RIDER_0008,12.81,Cloudy,Moderate,27.8,6.7,77.7,84.0
DEL_0000645,ORD_0000645,RIDER_0059,8.78,Sunny,Low,18.1,7.4,49.0,58.2
DEL_0000646,ORD_0000646,RIDER_0022,12.67,Sunny,Moderate,12.6,2.8,58.0,68.3
DEL_0000647,ORD_0000647,RIDER_0076,12.88,Clear,High,31.2,2.8,98.3,87.7
DEL_0000648,ORD_0000648,RIDER_0077,1.51,Foggy,High,25.7,7.2,44.2,36.7
DEL_0000649,ORD_0000649,RIDER_0047,4.09,Rainy,Low,16.1,7.0,32.2,37.5
DEL_0000650,ORD_0000650,RIDER_0142,2.57,Clear,Congested,16.9,7.3,42.5,32.2
DEL_0000651,ORD_0000651,RIDER_0011,12.21,Clear,Moderate,13.5,7.6,63.3,67.3
DEL_0000653,ORD_0000653,RIDER_0127,4.44,Clear,Moderate,18.5,7.0,39.9,41.3
DEL_0000654,ORD_0000654,RIDER_0108,10.02,Sunny,Congested,18.9,3.1,98.5,64.0
DEL_0000655,ORD_0000655,RIDER_0034,4.34,Clear,Low,11.6,4.4,28.8,34.0
DEL_0000656,ORD_0000656,RIDER_0115,3.2,Sunny,Low,18.1,7.9,33.6,35.9
DEL_0000657,ORD_0000657,RIDER_0053,6.0,Rainy,Congested,24.6,4.9,85.0,53.6
DEL_0000658,ORD_0000658,RIDER_0118,5.13,Clear,Congested,13.1,3.7,54.4,38.6
DEL_0000659,ORD_0000659,RIDER_0071,14.3,Clear,Moderate,19.6,2.8,70.8,81.8
DEL_0000660,ORD_0000660,RIDER_0070,12.07,Cloudy,Low,22.5,7.3,56.4,75.8
DEL_0000662,ORD_0000662,RIDER_0109,10.67,Clear,Low,18.8,7.1,56.0,66.5
DEL_0000663,ORD_0000663,RIDER_0084,12.87,Clear,Moderate,21.7,5.0,66.7,78.2
DEL_0000664,ORD_0000664,RIDER_0120,8.48,Cloudy,Low,31.8,5.3,59.7,70.7
DEL_0000665,ORD_0000665,RIDER_0116,2.47,Heavy Rain,Moderate,12.1,3.5,24.9,27.0
DEL_0000666,ORD_0000666,RIDER_0126,12.02,Rainy,Low,21.1,3.4,57.5,74.2
DEL_0000667,ORD_0000667,RIDER_0143,1.57,Clear,Moderate,10.5,3.7,20.1,21.8
DEL_0000668,ORD_0000668,RIDER_0009,11.07,Cloudy,Low,26.6,6.6,62.2,75.9
DEL_0000669,ORD_0000669,RIDER_0096,8.45,Cloudy,High,12.4,6.6,61.6,51.2
DEL_0000670,ORD_0000670,RIDER_0136,13.43,Rainy,Congested,29.5,2.9,152.3,88.2
DEL_0000671,ORD_0000671,RIDER_0072,4.74,Clear,Moderate,27.0,2.1,42.9,51.0
DEL_0000672,ORD_0000672,RIDER_0029,7.72,Rainy,Moderate,26.2,2.8,60.6,62.1
DEL_0000673,ORD_0000673,RIDER_0062,8.71,Clear,Moderate,15.7,4.0,49.8,55.5
DEL_0000674,ORD_0000674,RIDER_0038,2.17,Cloudy,Moderate,26.2,3.9,38.5,39.9
DEL_0000675,ORD_0000675,RIDER_0022,3.44,Cloudy,Moderate,11.8,6.1,24.9,30.6
DEL_0000676,ORD_0000676,RIDER_0039,5.45,Cloudy,Moderate,21.1,3.7,43.5,47.9
DEL_0000677,ORD_0000677,RIDER_0123,7.88,Rainy,Moderate,13.9,6.6,47.0,50.4
DEL_0000678,ORD_0000678,RIDER_0097,9.86,Clear,High,16.1,2.9,68.3,60.5
DEL_0000679,ORD_0000679,RIDER_0083,10.19,Clear,Congested,27.3,4.3,111.8,73.1
DEL_0000680,ORD_0000680,RIDER_0118,11.9,Clear,High,24.0,7.6,92.1,76.6
DEL_0000681,ORD_0000681,RIDER_0065,2.89,Sunny,Moderate,10.1,5.8,25.3,26.7
DEL_0000682,ORD_0000682,RIDER_0136,6.64,Clear,Moderate,13.1,4.4,44.6,44.7
DEL_0000683,ORD_0000683,RIDER_0105,3.36,Clear,High,25.8,4.2,46.3,44.2
DEL_0000684,ORD_0000684,RIDER_0100,6.02,Cloudy,Moderate,29.1,2.3,48.4,58.2
DEL_0000685,ORD_0000685,RIDER_0022,6.33,Clear,Low,16.4,5.5,38.9,46.7
DEL_0000686,ORD_0000686,RIDER_0071,11.07,Clear,Moderate,25.3,6.0,65.5,74.6
DEL_0000687,ORD_0000687,RIDER_0066,5.49,Cloudy,Low,14.9,2.8,32.3,41.9
DEL_0000688,ORD_0000688,RIDER_0062,2.44,Cloudy,Moderate,13.0,5.9,27.7,27.8
DEL_0000689,ORD_0000689,RIDER_0100,7.48,Sunny,Moderate,22.2,7.2,54.6,57.1
DEL_0000690,ORD_0000690,RIDER_0029,2.94,Sunny,High,15.4,4.3,34.2,32.2
DEL_0000691,ORD_0000691,RIDER_0107,13.2,Cloudy,Low,23.4,4.1,61.3,81.2
DEL_0000692,ORD_0000692,RIDER_0139,4.27,Clear,Moderate,28.4,5.5,47.5,50.5
DEL_0000693,ORD_0000693,RIDER_0038,4.47,Clear,Low,11.7,3.5,30.4,34.6
DEL_0000694,ORD_0000694,RIDER_0102,7.12,Cloudy,Low,25.3,2.7,46.7,58.8
DEL_0000695,ORD_0000695,RIDER_0053,6.51,Rainy,Low,29.2,2.2,52.1,60.2
DEL_0000696,ORD_0000696,RIDER_0092,12.32,Sunny,Low,22.6,4.9,60.6,76.9
DEL_0000697,ORD_0000697,RIDER_0075,2.78,Clear,Moderate,27.5,7.9,45.1,43.6
DEL_0000699,ORD_0000699,RIDER_0149,12.12,Clear,Low,10.3,8.0,51.9,63.8
DEL_0000700,ORD_0000700,RIDER_0147,13.03,Cloudy,Congested,24.1,6.6,128.3,81.2
DEL_0000701,ORD_0000701,RIDER_0146,3.2,Sunny,Low,27.0,7.3,38.3,44.8
DEL_0000702,ORD_0000702,RIDER_0015,9.66,Clear,Moderate,13.4,5.8,49.5,57.0
DEL_0000703,ORD_0000703,RIDER_0080,14.03,Cloudy,High,14.8,6.0,89.1,75.9
DEL_0000704,ORD_0000704,RIDER_0073,13.4,Heavy Rain,High,12.6,2.9,117.2,71.2
DEL_0000705,ORD_0000705,RIDER_0104,11.58,Sunny,Low,24.5,2.6,53.0,75.8
DEL_0000706,ORD_0000706,RIDER_0049,5.47,Clear,High,12.6,7.1,46.0,39.5
DEL_0000707,ORD_0000707,RIDER_0008,7.71,Clear,Low,28.7,4.6,48.6,64.5
DEL_0000708,ORD_0000708,RIDER_0050,5.75,Heavy Rain,High,11.1,2.4,61.0,39.1
DEL_0000709,ORD_0000709,RIDER_0014,6.75,Clear,Moderate,14.3,5.5,39.9,46.3
DEL_0000710,ORD_0000710,RIDER_0073,3.41,Cloudy,Moderate,13.1,4.4,29.8,31.7
DEL_0000711,ORD_0000711,RIDER_0122,13.75,Foggy,Moderate,30.5,2.4,86.9,90.5
DEL_0000712,ORD_0000712,RIDER_0092,3.96,Rainy,Moderate,20.3,7.6,42.9,41.1
DEL_0000713,ORD_0000713,RIDER_0042,6.37,Clear,Moderate,28.2,7.9,56.2,58.7
DEL_0000714,ORD_0000714,RIDER_0013,12.96,Clear,Low,18.7,5.1,58.8,75.5
DEL_0000715,ORD_0000715,RIDER_0137,13.82,Rainy,High,21.0,5.1,108.2,81.3
DEL_0000716,ORD_0000716,RIDER_0050,8.26,Foggy,Low,22.0,6.4,52.2,60.0
DEL_0000717,ORD_0000717,RIDER_0139,13.12,Rainy,Low,25.0,3.9,69.3,82.5
DEL_0000718,ORD_0000718,RIDER_0104,7.37,Cloudy,High,30.6,3.4,71.2,65.1
DEL_0000720,ORD_0000720,RIDER_0068,8.94,Cloudy,Moderate,26.9,3.0,66.3,67.7
DEL_0000721,ORD_0000721,RIDER_0143,8.47,Cloudy,Low,23.7,5.3,51.2,62.6
DEL_0000722,ORD_0000722,RIDER_0059,7.09,Cloudy,Moderate,15.5,7.8,42.0,48.9
DEL_0000723,ORD_0000723,RIDER_0022,5.92,Sunny,High,31.2,6.5,70.9,59.9
DEL_0000724,ORD_0000724,RIDER_0051,11.66,Cloudy,Low,23.5,3.6,57.1,75.1
DEL_0000725,ORD_0000725,RIDER_0137,6.43,Clear,High,30.1,5.0,67.0,60.8
DEL_0000726,ORD_0000726,RIDER_0137,10.47,Clear,High,25.0,6.8,82.7,71.9
DEL_0000727,ORD_0000727,RIDER_0098,10.52,Sunny,Low,12.7,3.7,38.5,59.8
DEL_0000728,ORD_0000728,RIDER_0051,6.0,Rainy,Low,24.0,5.8,46.3,53.0
DEL_0000729,ORD_0000729,RIDER_0050,14.26,Heavy Rain,High,17.5,3.0,133.5,79.5
DEL_0000730,ORD_0000730,RIDER_0088,3.48,Sunny,High,23.0,7.2,49.4,41.9
DEL_0000731,ORD_0000731,RIDER_0028,10.86,Clear,Low,24.2,5.1,62.3,72.6
DEL_0000732,ORD_0000732,RIDER_0058,3.84,Sunny,Low,24.9,5.1,37.9,45.3
DEL_0000733,ORD_0000733,RIDER_0134,9.11,Clear,Low,28.4,3.3,53.7,69.8
DEL_0000734,ORD_0000734,RIDER_0108,11.1,Heavy Rain,Low,27.6,4.7,77.1,77.0
DEL_0000735,ORD_0000735,RIDER_0073,1.68,Clear,High,23.5,7.7,42.0,35.2
DEL_0000736,ORD_0000736,RIDER_0093,4.4,Sunny,Moderate,26.9,4.4,48.3,49.5
DEL_0000737,ORD_0000737,RIDER_0150,6.85,Cloudy,Moderate,16.1,7.2,48.7,48.5
DEL_0000738,ORD_0000738,RIDER_0109,12.03,Clear,Moderate,23.5,3.1,69.7,76.6
DEL_0000739,ORD_0000739,RIDER_0007,13.88,Clear,Low,13.4,3.8,49.8,73.9
DEL_0000740,ORD_0000740,RIDER_0018,1.28,Clear,Low,14.5,5.8,21.0,24.6
DEL_0000741,ORD_0000741,RIDER_0126,7.99,Rainy,Congested,14.9,4.7,88.3,51.9
DEL_0000742,ORD_0000742,RIDER_0018,4.17,Rainy,Moderate,27.8,2.6,44.7,49.5
DEL_0000743,ORD_0000743,RIDER_0016,11.24,Rainy,Moderate,19.1,4.9,69.0,69.1
DEL_0000744,ORD_0000744,RIDER_0117,11.9,Rainy,Moderate,17.1,6.5,73.3,69.7
DEL_0000745,ORD_0000745,RIDER_0084,9.61,Sunny,High,24.7,4.7,80.0,68.1
DEL_0000746,ORD_0000746,RIDER_0121,2.06,Cloudy,Low,27.3,6.4,37.0,40.5
DEL_0000747,ORD_0000747,RIDER_0044,11.17,Cloudy,High,22.9,5.8,84.8,72.6
DEL_0000748,ORD_0000748,RIDER_0139,5.55,Heavy Rain,Low,12.7,6.3,43.5,39.9
DEL_0000749,ORD_0000749,RIDER_0148,9.51,Cloudy,Low,19.8,6.9,52.2,62.8
DEL_0000751,ORD_0000751,RIDER_0102,8.65,Clear,High,15.8,5.3,59.7,55.4
DEL_0000752,ORD_0000752,RIDER_0137,13.77,Cloudy,High,27.4,6.9,99.5,87.5
DEL_0000753,ORD_0000753,RIDER_0018,12.56,Clear,Low,26.0,7.4,65.2,81.2
DEL_0000754,ORD_0000754,RIDER_0007,5.32,Sunny,Moderate,26.2,3.2,46.7,52.5
DEL_0000755,ORD_0000755,RIDER_0038,1.86,Clear,Low,14.6,2.7,20.4,27.0
DEL_0000756,ORD_0000756,RIDER_0104,2.96,Clear,Low,25.9,4.7,34.4,42.7
DEL_0000757,ORD_0000757,RIDER_0010,8.98,Clear,High,21.8,6.0,67.8,62.7
DEL_0000758,ORD_0000758,RIDER_0087,9.04,Clear,Moderate,23.1,4.3,59.0,64.3
DEL_0000759,ORD_0000759,RIDER_0098,12.22,Cloudy,Low,30.5,6.3,65.3,84.4
DEL_0000760,ORD_0000760,RIDER_0092,5.64,Clear,Low,30.3,3.3,46.7,57.9
DEL_0000761,ORD_0000761,RIDER_0042,4.34,Sunny,Moderate,23.2,2.4,38.8,45.6
DEL_0000762,ORD_0000762,RIDER_0067,12.46,Cloudy,Moderate,14.9,6.3,56.4,69.7
DEL_0000763,ORD_0000763,RIDER_0128,13.63,Sunny,High,29.6,3.8,104.0,89.1
DEL_0000764,ORD_0000764,RIDER_0065,12.65,Clear,Congested,20.2,2.0,118.1,75.8
DEL_0000765,ORD_0000765,RIDER_0103,11.58,Clear,Moderate,21.4,5.3,60.8,72.7
DEL_0000766,ORD_0000766,RIDER_0051,1.78,Sunny,Low,20.2,3.4,27.6,32.3
DEL_0000767,ORD_0000767,RIDER_0052,3.58,Cloudy,Low,22.4,3.1,31.4,41.7
DEL_0000768,ORD_0000768,RIDER_0086,14.8,Rainy,Moderate,23.4,2.9,83.7,87.6
DEL_0000769,ORD_0000769,RIDER_0150,8.33,Rainy,Moderate,20.5,2.2,57.9,58.8
DEL_0000770,ORD_0000770,RIDER_0030,7.28,Sunny,High,30.1,2.2,68.4,64.2
DEL_0000771,ORD_0000771,RIDER_0017,11.87,Clear,Moderate,21.0,6.8,66.0,73.5
DEL_0000772,ORD_0000772,RIDER_0017,7.5,Clear,Low,19.1,5.6,47.9,54.1
DEL_0000773,ORD_0000773,RIDER_0064,12.5,Cloudy,Moderate,14.6,6.1,59.0,69.6
DEL_0000774,ORD_0000774,RIDER_0043,12.73,Heavy Rain,Moderate,14.7,2.3,82.0,70.6
DEL_0000775,ORD_0000775,RIDER_0025,14.03,Cloudy,Low,25.1,6.5,63.6,86.2
DEL_0000776,ORD_0000776,RIDER_0008,14.4,Heavy Rain,Congested,16.7,2.8,184.2,79.3
DEL_0000777,ORD_0000777,RIDER_0130,7.15,Clear,Low,27.9,3.6,52.1,61.5
DEL_0000778,ORD_0000778,RIDER_0104,11.6,Cloudy,Congested,21.2,5.0,114.0,72.6
DEL_0000779,ORD_0000779,RIDER_0119,9.07,Foggy,High,20.5,5.8,79.3,61.8
DEL_0000780,ORD_0000780,RIDER_0091,1.8,Rainy,High,13.9,3.7,31.5,26.1
DEL_0000781,ORD_0000781,RIDER_0149,3.67,Sunny,High,30.4,6.2,54.2,50.1
DEL_0000782,ORD_0000782,RIDER_0131,3.26,Clear,Low,17.4,4.3,33.2,35.4
DEL_0000783,ORD_0000783,RIDER_0139,2.9,Sunny,Moderate,27.4,3.3,37.4,44.0
DEL_0000784,ORD_0000784,RIDER_0039,7.25,Sunny,Moderate,23.7,2.4,49.6,57.7
DEL_0000785,ORD_0000785,RIDER_0092,9.91,Clear,High,14.5,4.4,68.8,59.1
DEL_0000786,ORD_0000786,RIDER_0006,6.1,Heavy Rain,Moderate,20.9,3.6,58.6,50.3
DEL_0000787,ORD_0000787,RIDER_0146,6.67,Clear,Moderate,20.7,7.5,50.4,52.4
DEL_0000788,ORD_0000788,RIDER_0001,7.48,Sunny,Moderate,11.8,3.6,36.0,46.7
DEL_0000789,ORD_0000789,RIDER_0097,8.62,Sunny,Moderate,27.7,3.5,62.4,67.2
DEL_0000790,ORD_0000790,RIDER_0084,9.2,Foggy,High,11.1,2.7,67.5,52.9
DEL_0000791,ORD_0000791,RIDER_0098,5.98,Clear,Low,25.0,2.4,43.9,53.9
DEL_0000792,ORD_0000792,RIDER_0026,9.08,Clear,Moderate,18.3,2.0,47.9,59.6
DEL_0000793,ORD_0000793,RIDER_0149,3.63,Clear,Low,18.3,7.2,35.5,37.8
DEL_0000794,ORD_0000794,RIDER_0081,12.97,Sunny,Moderate,21.8,2.2,63.2,78.7
DEL_0000795,ORD_0000795,RIDER_0063,4.71,Clear,High,12.9,5.8,42.5,36.7
DEL_0000796,ORD_0000796,RIDER_0003,3.38,Clear,Low,16.5,7.8,30.5,35.0
DEL_0000797,ORD_0000797,RIDER_0035,9.54,Clear,Low,13.9,6.3,46.0,57.1
DEL_0000798,ORD_0000798,RIDER_0138,2.67,Sunny,Congested,20.6,5.0,47.0,36.3
DEL_0000799,ORD_0000799,RIDER_0114,13.86,Clear,Low,25.8,6.8,69.4,86.2
DEL_0000800,ORD_0000800,RIDER_0111,10.67,Cloudy,Congested,21.7,4.8,103.7,69.4
DEL_0000801,ORD_0000801,RIDER_0033,10.34,Cloudy,Low,17.1,3.5,48.5,63.5
DEL_0000802,ORD_0000802,RIDER_0038,12.7,Clear,Low,14.3,7.6,47.0,70.1
DEL_0000803,ORD_0000803,RIDER_0022,7.16,Cloudy,High,15.3,3.8,52.3,48.9
DEL_0000804,ORD_0000804,RIDER_0019,6.01,Clear,Moderate,27.6,2.4,46.8,56.6
DEL_0000805,ORD_0000805,RIDER_0059,10.98,Sunny,Moderate,23.7,3.4,66.7,72.6
DEL_0000806,ORD_0000806,RIDER_0132,12.66,Clear,Moderate,15.6,7.5,61.1,71.2
DEL_0000807,ORD_0000807,RIDER_0116,2.66,Sunny,Moderate,30.0,6.4,43.7,45.6
DEL_0000808,ORD_0000808,RIDER_0099,9.08,Foggy,Moderate,27.1,7.3,73.3,68.4
DEL_0000809,ORD_0000809,RIDER_0123,4.93,Clear,Low,18.3,2.2,36.2,43.0
DEL_0000810,ORD_0000810,RIDER_0042,4.4,Sunny,Low,31.5,7.9,52.6,54.1
DEL_0000811,ORD_0000811,RIDER_0045,12.99,Heavy Rain,Moderate,22.3,3.3,92.7,79.3
DEL_0000812,ORD_0000812,RIDER_0030,13.58,Sunny,Moderate,24.8,5.3,76.0,84.1
DEL_0000813,ORD_0000813,RIDER_0074,13.67,Clear,Moderate,30.4,5.9,81.2,90.1
DEL_0000814,ORD_0000814,RIDER_0080,12.98,Sunny,High,27.4,2.2,93.7,84.3
DEL_0000815,ORD_0000815,RIDER_0001,12.32,Clear,Low,26.3,4.3,62.5,80.6
DEL_0000816,ORD_0000816,RIDER_0019,13.51,Clear,Low,29.1,6.3,67.2,88.1
DEL_0000817,ORD_0000817,RIDER_0026,9.55,Heavy Rain,Moderate,27.0,4.8,80.3,70.2
DEL_0000818,ORD_0000818,RIDER_0118,8.38,Sunny,High,21.4,5.8,69.0,59.9
DEL_0000819,ORD_0000819,RIDER_0019,1.62,Rainy,Moderate,18.0,7.1,26.6,29.5
DEL_0000820,ORD_0000820,RIDER_0092,12.75,Sunny,Moderate,28.3,3.1,71.7,84.3
DEL_0000821,ORD_0000821,RIDER_0095,13.99,Cloudy,High,21.2,7.8,101.1,82.2
DEL_0000822,ORD_0000822,RIDER_0038,2.45,Cloudy,Moderate,13.0,3.6,26.7,27.8
DEL_0000823,ORD_0000823,RIDER_0014,11.01,Clear,High,12.3,5.3,71.6,61.3
DEL_0000824,ORD_0000824,RIDER_0148,13.96,Clear,High,14.8,6.2,88.6,75.6
DEL_0000825,ORD_0000825,RIDER_0042,9.51,Rainy,High,16.2,2.4,70.9,59.2
DEL_0000826,ORD_0000826,RIDER_0096,7.75,Clear,Low,22.4,6.2,48.3,58.4
DEL_0000827,ORD_0000827,RIDER_0028,5.48,Clear,Moderate,11.0,4.2,38.2,37.9
DEL_0000828,ORD_0000828,RIDER_0002,4.69,Cloudy,Congested,11.9,5.0,50.4,35.7
DEL_0000829,ORD_0000829,RIDER_0134,6.82,Sunny,Moderate,28.9,4.1,54.1,61.2
DEL_0000830,ORD_0000830,RIDER_0080,2.32,Rainy,Moderate,11.6,3.5,23.1,25.9
DEL_0000831,ORD_0000831,RIDER_0113,8.33,Rainy,Moderate,29.2,2.9,62.3,67.5
DEL_0000832,ORD_0000832,RIDER_0065,13.86,Sunny,Moderate,31.3,3.9,80.9,91.7
DEL_0000833,ORD_0000833,RIDER_0036,1.85,Clear,Moderate,19.8,3.7,31.9,32.2
DEL_0000834,ORD_0000834,RIDER_0084,1.78,Sunny,Low,10.6,7.9,23.7,22.7
DEL_0000837,ORD_0000837,RIDER_0021,2.71,Clear,Moderate,14.0,7.3,33.9,29.8
DEL_0000838,ORD_0000838,RIDER_0049,7.51,Sunny,Congested,25.6,5.5,86.7,60.6
DEL_0000839,ORD_0000839,RIDER_0003,5.11,Cloudy,Low,16.7,6.3,37.3,42.1
DEL_0000840,ORD_0000840,RIDER_0130,10.7,Cloudy,Low,21.9,5.8,59.6,69.7
DEL_0000841,ORD_0000841,RIDER_0092,11.54,Clear,Low,22.5,2.9,53.6,73.7
DEL_0000842,ORD_0000842,RIDER_0016,8.64,Cloudy,Moderate,11.0,6.2,46.7,50.6
DEL_0000844,ORD_0000844,RIDER_0019,4.09,Clear,Moderate,29.8,3.1,47.6,51.2
DEL_0000845,ORD_0000845,RIDER_0039,11.93,Clear,High,11.5,6.4,78.2,64.2
DEL_0000847,ORD_0000847,RIDER_0083,12.91,Clear,High,23.1,4.5,92.5,79.7
DEL_0000848,ORD_0000848,RIDER_0119,13.3,Cloudy,Low,30.0,2.7,66.6,88.2
DEL_0000849,ORD_0000849,RIDER_0018,13.53,Sunny,Low,22.6,4.9,63.7,81.7
DEL_0000850,ORD_0000850,RIDER_0081,11.39,Cloudy,Moderate,25.5,2.6,66.1,76.1
DEL_0000851,ORD_0000851,RIDER_0018,14.52,Sunny,Low,30.0,4.9,72.6,93.1
DEL_0000852,ORD_0000852,RIDER_0014,8.7,Sunny,Moderate,23.8,7.0,62.4,63.6
DEL_0000853,ORD_0000853,RIDER_0034,11.37,Clear,Congested,31.0,5.5,120.8,81.5
DEL_0000854,ORD_0000854,RIDER_0057,2.98,Clear,Low,30.5,6.2,40.4,47.4
DEL_0000855,ORD_0000855,RIDER_0129,6.88,Rainy,Moderate,18.7,2.0,48.5,51.2
DEL_0000856,ORD_0000856,RIDER_0150,9.51,Clear,Moderate,25.0,5.9,62.5,68.0
DEL_0000857,ORD_0000857,RIDER_0077,12.97,Clear,High,22.8,7.7,96.5,79.7
DEL_0000858,ORD_0000858,RIDER_0100,3.41,Sunny,High,14.5,2.7,40.1,33.1
DEL_0000859,ORD_0000859,RIDER_0101,14.18,Rainy,Low,15.1,4.4,63.1,76.8
DEL_0000860,ORD_0000860,RIDER_0113,6.52,Clear,High,26.9,6.3,68.5,58.0
DEL_0000861,ORD_0000861,RIDER_0034,6.44,Clear,High,11.9,7.8,51.7,42.7
DEL_0000862,ORD_0000862,RIDER_0039,10.44,Rainy,High,31.0,5.2,102.0,77.8
DEL_0000863,ORD_0000863,RIDER_0105,9.9,Cloudy,High,25.6,5.9,78.8,70.2
DEL_0000864,ORD_0000864,RIDER_0118,13.29,Cloudy,Low,15.2,3.5,50.9,73.4
DEL_0000865,ORD_0000865,RIDER_0096,6.23,Sunny,Moderate,30.2,5.4,56.1,60.1
DEL_0000866,ORD_0000866,RIDER_0052,14.35,Clear,Moderate,31.8,3.6,85.5,94.2
DEL_0000867,ORD_0000867,RIDER_0054,2.92,Clear,Low,10.5,6.2,26.2,27.2
DEL_0000868,ORD_0000868,RIDER_0148,6.6,Rainy,Low,28.8,3.4,51.7,60.2
DEL_0000869,ORD_0000869,RIDER_0031,3.67,Clear,Congested,11.2,6.0,44.4,30.9
DEL_0000870,ORD_0000870,RIDER_0116,6.81,Cloudy,Moderate,12.3,7.4,45.5,44.5
DEL_0000871,ORD_0000871,RIDER_0043,13.87,Clear,High,19.8,7.5,94.6,80.3
DEL_0000872,ORD_0000872,RIDER_0130,4.73,Rainy,Moderate,24.9,2.3,45.0,48.8
DEL_0000873,ORD_0000873,RIDER_0119,3.0,Clear,Moderate,18.9,3.2,34.1,35.9
DEL_0000874,ORD_0000874,RIDER_0113,2.06,Heavy Rain,Low,24.3,5.9,38.2,37.5
DEL_0000875,ORD_0000875,RIDER_0017,3.73,Sunny,High,14.3,4.6,36.1,34.2
DEL_0000876,ORD_0000876,RIDER_0127,13.55,Clear,Low,23.7,4.1,60.6,82.9
DEL_0000877,ORD_0000877,RIDER_0089,10.98,Heavy Rain,Low,29.7,6.0,78.3,78.6
DEL_0000878,ORD_0000878,RIDER_0094,10.6,Rainy,Moderate,14.9,4.1,62.3,62.3
DEL_0000879,ORD_0000879,RIDER_0024,8.7,Sunny,High,18.6,5.0,71.2,58.4
DEL_0000880,ORD_0000880,RIDER_0143,9.8,Clear,Low,28.9,6.0,58.3,73.1
DEL_0000881,ORD_0000881,RIDER_0123,5.61,Cloudy,Low,14.6,7.8,37.2,42.0
DEL_0000882,ORD_0000882,RIDER_0075,14.76,Clear,Congested,28.9,5.4,148.7,92.9
DEL_0000883,ORD_0000883,RIDER_0104,6.33,Rainy,High,31.8,3.3,69.3,62.1
DEL_0000884,ORD_0000884,RIDER_0018,8.43,Clear,Moderate,20.8,2.6,47.0,59.5
DEL_0000885,ORD_0000885,RIDER_0032,5.61,Clear,High,14.8,4.3,46.5,42.2
DEL_0000886,ORD_0000886,RIDER_0017,11.13,Cloudy,Low,17.0,5.4,50.7,66.5
DEL_0000887,ORD_0000887,RIDER_0019,8.9,Rainy,High,19.4,2.1,74.9,60.0
DEL_0000888,ORD_0000888,RIDER_0016,12.13,Rainy,Low,13.7,7.9,56.8,67.2
DEL_0000889,ORD_0000889,RIDER_0052,4.51,Cloudy,Congested,23.6,4.8,59.7,46.6
DEL_0000890,ORD_0000890,RIDER_0048,7.15,Clear,High,20.1,4.0,58.7,53.7
DEL_0000891,ORD_0000891,RIDER_0061,13.99,Cloudy,High,25.4,3.9,100.1,86.4
DEL_0000892,ORD_0000892,RIDER_0086,4.37,Clear,Low,22.9,4.1,38.7,45.4
DEL_0000893,ORD_0000893,RIDER_0013,3.11,Heavy Rain,Moderate,16.7,5.3,38.2,34.1
DEL_0000894,ORD_0000894,RIDER_0052,13.31,Clear,Congested,15.7,4.0,116.6,73.9
DEL_0000895,ORD_0000895,RIDER_0145,9.58,Heavy Rain,Moderate,12.4,5.8,66.5,55.7
DEL_0000896,ORD_0000896,RIDER_0003,6.2,Clear,Moderate,20.2,6.0,45.8,50.0
DEL_0000897,ORD_0000897,RIDER_0090,6.83,Clear,Low,17.3,3.6,42.6,49.6
DEL_0000898,ORD_0000898,RIDER_0102,13.82,Sunny,Moderate,15.3,6.2,64.3,75.6
DEL_0000899,ORD_0000899,RIDER_0068,8.35,Cloudy,Moderate,22.3,2.9,55.2,60.7
DEL_0000900,ORD_0000900,RIDER_0134,12.87,Clear,Moderate,12.3,2.0,57.9,68.8
DEL_0000901,ORD_0000901,RIDER_0123,5.3,Rainy,Low,16.3,6.3,36.3,42.5
DEL_0000902,ORD_0000902,RIDER_0038,4.24,Clear,Low,29.7,7.2,48.7,51.7
DEL_0000903,ORD_0000903,RIDER_0092,10.81,Clear,Low,17.4,6.1,50.4,65.6
DEL_0000904,ORD_0000904,RIDER_0084,6.48,Clear,Moderate,21.9,4.2,47.7,52.8
DEL_0000905,ORD_0000905,RIDER_0050,7.42,Clear,Moderate,24.4,2.1,51.5,59.1
DEL_0000906,ORD_0000906,RIDER_0008,8.71,Rainy,High,16.9,6.2,77.1,56.7
DEL_0000907,ORD_0000907,RIDER_0125,13.29,Clear,Moderate,31.9,3.8,80.5,90.1
DEL_0000908,ORD_0000908,RIDER_0047,11.42,Cloudy,High,26.7,3.2,86.3,77.4
DEL_0000909,ORD_0000909,RIDER_0056,13.14,Clear,Moderate,15.6,4.8,67.7,73.2
DEL_0000910,ORD_0000910,RIDER_0123,9.5,Cloudy,Low,29.8,2.3,57.4,72.8
DEL_0000911,ORD_0000911,RIDER_0149,11.67,Rainy,Low,10.6,3.6,52.4,62.3
DEL_0000912,ORD_0000912,RIDER_0024,10.96,Heavy Rain,Moderate,12.9,2.3,69.2,61.7
DEL_0000913,ORD_0000913,RIDER_0140,11.12,Heavy Rain,Congested,20.5,5.8,149.9,70.0
DEL_0000914,ORD_0000914,RIDER_0013,6.09,Sunny,High,30.3,2.9,63.8,59.7
DEL_0000915,ORD_0000915,RIDER_0137,10.89,Rainy,Moderate,13.2,3.5,59.4,61.8
DEL_0000916,ORD_0000916,RIDER_0132,4.41,Clear,Moderate,19.2,7.5,43.0,41.8
DEL_0000917,ORD_0000917,RIDER_0075,12.05,Heavy Rain,High,17.8,5.5,114.6,71.0
DEL_0000918,ORD_0000918,RIDER_0037,14.06,Cloudy,Moderate,22.3,3.1,71.0,83.5
DEL_0000919,ORD_0000919,RIDER_0067,13.16,Clear,Congested,30.0,6.4,138.2,87.6
DEL_0000921,ORD_0000921,RIDER_0130,2.17,Cloudy,Low,27.3,4.7,37.2,41.0
DEL_0000922,ORD_0000922,RIDER_0048,13.73,Sunny,Moderate,13.5,4.2,67.4,73.4
DEL_0000923,ORD_0000923,RIDER_0008,8.99,Heavy Rain,Moderate,16.3,2.4,70.3,57.3
DEL_0000924,ORD_0000924,RIDER_0063,10.29,Rainy,Moderate,13.8,5.7,57.0,60.0
DEL_0000925,ORD_0000925,RIDER_0087,3.85,Cloudy,Low,21.8,7.1,41.7,42.2
DEL_0000926,ORD_0000926,RIDER_0096,8.15,Rainy,Low,18.2,2.9,46.0,55.8
DEL_0000927,ORD_0000927,RIDER_0084,8.77,Clear,Low,16.7,2.8,41.5,56.8
DEL_0000928,ORD_0000928,RIDER_0063,8.28,Cloudy,Congested,24.0,3.7,89.7,62.1
DEL_0000929,ORD_0000929,RIDER_0056,10.16,Clear,Moderate,30.5,6.9,72.0,76.1
DEL_0000930,ORD_0000930,RIDER_0029,11.17,Heavy Rain,High,22.5,7.2,117.1,72.2
DEL_0000931,ORD_0000931,RIDER_0148,2.51,Clear,Moderate,12.4,5.3,30.8,27.4
DEL_0000932,ORD_0000932,RIDER_0042,5.78,Sunny,Low,12.1,3.9,32.2,40.2
DEL_0000933,ORD_0000933,RIDER_0091,10.57,Heavy Rain,High,23.6,6.0,107.7,70.9
DEL_0000934,ORD_0000934,RIDER_0063,3.61,Sunny,High,29.4,5.0,51.1,48.8
DEL_0000935,ORD_0000935,RIDER_0139,3.61,Sunny,Low,22.1,7.8,44.1,41.5
DEL_0000936,ORD_0000936,RIDER_0040,10.35,Rainy,Moderate,14.9,7.4,67.1,61.3
DEL_0000937,ORD_0000937,RIDER_0104,7.9,Clear,Low,26.6,6.3,53.3,63.2
DEL_0000938,ORD_0000938,RIDER_0033,9.45,Heavy Rain,Low,30.2,6.2,71.4,73.0
DEL_0000939,ORD_0000939,RIDER_0090,3.62,Cloudy,Congested,28.1,2.9,56.3,47.6
DEL_0000940,ORD_0000940,RIDER_0036,7.3,Clear,Moderate,22.4,7.7,56.0,56.6
DEL_0000941,ORD_0000941,RIDER_0114,13.26,Sunny,Moderate,19.8,5.8,72.0,77.8
DEL_0000942,ORD_0000942,RIDER_0006,1.25,Cloudy,Moderate,25.1,5.0,37.0,35.1
DEL_0000943,ORD_0000943,RIDER_0078,6.79,Clear,High,21.4,5.8,62.3,53.6
DEL_0000944,ORD_0000944,RIDER_0068,5.5,Cloudy,Low,24.1,6.8,48.6,51.1
DEL_0000945,ORD_0000945,RIDER_0075,9.38,Clear,High,13.9,5.2,65.9,56.4
DEL_0000946,ORD_0000946,RIDER_0085,5.35,Rainy,High,23.6,6.4,64.5,50.0
DEL_0000948,ORD_0000948,RIDER_0143,11.63,Clear,Moderate,21.9,7.1,69.7,73.4
DEL_0000949,ORD_0000949,RIDER_0031,7.62,Clear,High,10.8,2.7,51.6,46.3
DEL_0000950,ORD_0000950,RIDER_0071,14.18,Sunny,High,28.0,4.2,100.5,89.7
DEL_0000951,ORD_0000951,RIDER_0036,13.88,Cloudy,Low,28.8,2.7,68.0,89.3
DEL_0000952,ORD_0000952,RIDER_0084,9.32,Sunny,Low,12.1,6.9,42.4,54.4
DEL_0000953,ORD_0000953,RIDER_0074,11.11,Clear,Low,28.2,7.4,67.2,77.6
DEL_0000954,ORD_0000954,RIDER_0061,9.81,Sunny,Moderate,27.0,5.2,66.3,71.2
DEL_0000955,ORD_0000955,RIDER_0084,3.66,Cloudy,Low,28.5,2.8,41.2,48.1
DEL_0000956,ORD_0000956,RIDER_0015,13.66,Sunny,Moderate,18.0,5.6,68.2,77.6
DEL_0000957,ORD_0000957,RIDER_0077,13.08,Cloudy,Congested,16.5,7.0,122.3,73.8
DEL_0000958,ORD_0000958,RIDER_0053,5.73,Sunny,High,14.9,2.7,45.2,42.8
DEL_0000959,ORD_0000959,RIDER_0047,13.93,Sunny,High,29.6,6.9,104.0,90.3
DEL_0000960,ORD_0000960,RIDER_0081,2.86,Cloudy,Moderate,28.3,3.3,40.3,44.7
DEL_0000961,ORD_0000961,RIDER_0049,5.0,Clear,Low,20.5,6.5,42.6,45.5
DEL_0000962,ORD_0000962,RIDER_0111,14.41,Clear,Moderate,22.7,6.7,76.1,85.3
DEL_0000963,ORD_0000963,RIDER_0148,8.43,Clear,High,25.6,3.0,69.9,64.3
DEL_0000964,ORD_0000964,RIDER_0132,5.25,Cloudy,High,24.7,6.3,54.3,50.7
DEL_0000965,ORD_0000965,RIDER_0085,5.94,Sunny,High,26.3,7.1,64.4,55.1
DEL_0000966,ORD_0000966,RIDER_0019,5.27,Sunny,Moderate,30.0,4.7,52.7,56.1
DEL_0000967,ORD_0000967,RIDER_0085,11.94,Cloudy,Low,20.9,7.2,55.5,73.7
DEL_0000968,ORD_0000968,RIDER_0129,11.43,Rainy,Low,11.8,3.5,48.6,62.5
DEL_0000969,ORD_0000969,RIDER_0147,12.53,Clear,Moderate,18.1,2.9,66.4,73.2
DEL_0000971,ORD_0000971,RIDER_0035,5.95,Clear,Moderate,22.6,6.1,47.1,51.4
DEL_0000972,ORD_0000972,RIDER_0053,2.15,Clear,High,27.3,5.0,45.8,40.9
DEL_0000973,ORD_0000973,RIDER_0054,4.49,Sunny,Moderate,23.8,5.3,50.8,46.8
DEL_0000974,ORD_0000974,RIDER_0086,12.36,Clear,High,14.1,4.1,78.9,68.5
DEL_0000976,ORD_0000976,RIDER_0022,12.18,Clear,High,25.0,2.5,83.7,78.7
DEL_0000978,ORD_0000978,RIDER_0109,13.9,Sunny,Low,23.9,6.1,62.0,84.5
DEL_0000979,ORD_0000979,RIDER_0148,9.02,Clear,Moderate,15.7,6.5,56.6,56.8
DEL_0000980,ORD_0000980,RIDER_0082,2.72,Cloudy,High,26.9,5.2,43.2,42.8
DEL_0000981,ORD_0000981,RIDER_0142,14.6,Cloudy,Moderate,28.5,6.9,84.8,91.9
DEL_0000982,ORD_0000982,RIDER_0053,7.59,Cloudy,Low,21.3,6.4,42.5,56.7
DEL_0000983,ORD_0000983,RIDER_0090,8.17,Sunny,Moderate,10.5,5.3,41.2,48.2
DEL_0000984,ORD_0000984,RIDER_0009,7.32,Clear,Moderate,16.1,2.1,44.0,50.4
DEL_0000986,ORD_0000986,RIDER_0066,6.73,Clear,High,31.8,7.1,75.8,63.7
DEL_0000987,ORD_0000987,RIDER_0108,2.67,Rainy,Low,14.2,4.3,22.9,29.9
DEL_0000988,ORD_0000988,RIDER_0015,11.79,Clear,Low,27.4,4.3,62.8,79.6
DEL_0000989,ORD_0000989,RIDER_0120,9.43,Clear,Low,15.4,4.0,44.9,58.1
DEL_0000990,ORD_0000990,RIDER_0024,3.98,Rainy,Moderate,26.4,4.8,40.6,47.3
DEL_0000991,ORD_0000991,RIDER_0105,14.78,Clear,Moderate,27.8,7.8,84.6,91.9
DEL_0000992,ORD_0000992,RIDER_0076,3.7,Clear,High,10.3,4.1,32.9,30.1
DEL_0000993,ORD_0000993,RIDER_0150,5.35,Rainy,Moderate,20.4,3.1,43.2,46.8
DEL_0000994,ORD_0000994,RIDER_0120,12.33,Cloudy,Low,31.4,2.8,63.9,85.7
DEL_0000995,ORD_0000995,RIDER_0034,2.65,Cloudy,Low,30.5,5.5,43.5,46.1
DEL_0000996,ORD_0000996,RIDER_0143,11.96,Rainy,High,19.3,3.3,91.7,72.1
DEL_0000997,ORD_0000997,RIDER_0023,2.69,Clear,Moderate,28.6,2.8,39.7,44.4
DEL_0000998,ORD_0000998,RIDER_0051,14.52,Clear,Low,19.6,4.7,60.9,82.7
DEL_0000999,ORD_0000999,RIDER_0048,10.92,Clear,Low,13.7,6.5,41.6,62.4
DEL_0001000,ORD_0001000,RIDER_0001,1.48,Sunny,Low,27.5,6.5,38.0,38.4
DEL_0001001,ORD_0001001,RIDER_0031,12.06,Clear,Congested,28.7,4.3,123.5,81.9
DEL_0001002,ORD_0001002,RIDER_0137,11.08,Cloudy,Moderate,18.5,5.3,57.2,67.8
DEL_0001003,ORD_0001003,RIDER_0109,14.8,Clear,Low,10.5,5.6,54.9,74.7
DEL_0001004,ORD_0001004,RIDER_0022,8.32,Clear,Low,23.3,5.9,47.2,61.6
DEL_0001005,ORD_0001005,RIDER_0005,9.85,Rainy,Moderate,11.5,3.2,53.5,55.9
DEL_0001006,ORD_0001006,RIDER_0149,12.94,Clear,Moderate,11.2,2.4,54.7,68.0
DEL_0001007,ORD_0001007,RIDER_0130,13.72,Cloudy,High,23.1,6.6,99.7,83.0
DEL_0001010,ORD_0001010,RIDER_0016,9.38,Clear,Low,19.0,2.3,41.6,61.5
DEL_0001011,ORD_0001011,RIDER_0146,2.13,Clear,Low,29.9,7.7,42.8,43.4
DEL_0001012,ORD_0001012,RIDER_0080,11.07,Foggy,Low,13.9,2.9,49.0,63.2
DEL_0001013,ORD_0001013,RIDER_0028,5.73,Clear,High,26.4,5.8,62.0,54.3
DEL_0001014,ORD_0001014,RIDER_0105,3.5,Heavy Rain,Moderate,26.5,2.8,51.1,45.5
DEL_0001015,ORD_0001015,RIDER_0108,13.92,Heavy Rain,Moderate,31.0,7.1,109.3,91.7
DEL_0001016,ORD_0001016,RIDER_0076,7.55,Clear,Low,11.3,3.2,34.4,46.5
DEL_0001017,ORD_0001017,RIDER_0038,4.4,Rainy,High,16.8,3.8,42.9,39.4
DEL_0001018,ORD_0001018,RIDER_0042,4.69,Cloudy,Low,18.8,6.1,38.6,42.6
DEL_0001019,ORD_0001019,RIDER_0051,8.69,Sunny,Moderate,10.1,6.0,45.3,49.9
DEL_0001020,ORD_0001020,RIDER_0136,4.97,Rainy,Moderate,31.8,4.4,57.5,56.7
DEL_0001021,ORD_0001021,RIDER_0022,4.56,Clear,Moderate,11.1,5.7,34.5,34.3
DEL_0001022,ORD_0001022,RIDER_0015,3.42,Foggy,Low,23.1,5.3,37.7,41.8
DEL_0001023,ORD_0001023,RIDER_0122,4.47,Cloudy,Moderate,12.2,6.9,34.2,35.1
DEL_0001024,ORD_0001024,RIDER_0091,14.5,Foggy,High,15.7,5.5,103.3,78.7
DEL_0001025,ORD_0001025,RIDER_0113,4.24,Sunny,Moderate,10.5,7.5,28.6,32.5
DEL_0001026,ORD_0001026,RIDER_0120,14.06,Clear,Low,25.2,2.7,61.7,86.4
DEL_0001027,ORD_0001027,RIDER_0099,7.74,Cloudy,Moderate,20.7,7.0,58.5,56.7
DEL_0001028,ORD_0001028,RIDER_0094,7.53,Foggy,Low,13.7,3.5,40.6,48.8
DEL_0001029,ORD_0001029,RIDER_0101,1.72,Foggy,High,26.8,5.3,43.3,38.7
DEL_0001030,ORD_0001030,RIDER_0112,4.54,Rainy,Congested,18.0,6.5,63.0,41.2
DEL_0001031,ORD_0001031,RIDER_0100,1.26,Heavy Rain,Low,18.0,7.9,34.2,28.0
DEL_0001032,ORD_0001032,RIDER_0138,9.06,Clear,Congested,21.1,3.3,91.3,62.3
DEL_0001033,ORD_0001033,RIDER_0081,1.84,Clear,High,18.3,6.3,34.1,30.7
DEL_0001034,ORD_0001034,RIDER_0141,2.47,Clear,Congested,29.4,3.7,47.7,44.3
DEL_0001035,ORD_0001035,RIDER_0082,4.56,Clear,High,30.1,2.7,54.6,53.3
DEL_0001036,ORD_0001036,RIDER_0088,4.73,Clear,High,11.0,6.0,40.4,34.9
DEL_0001037,ORD_0001037,RIDER_0109,7.57,Clear,Moderate,12.2,4.8,45.0,47.5
DEL_0001038,ORD_0001038,RIDER_0124,4.14,Sunny,Low,15.0,2.1,28.6,36.6
DEL_0001039,ORD_0001039,RIDER_0118,6.41,Clear,Moderate,15.7,6.5,42.6,46.3
DEL_0001040,ORD_0001040,RIDER_0110,3.05,Clear,High,25.0,2.9,40.8,42.2
DEL_0001041,ORD_0001041,RIDER_0092,2.91,Rainy,Moderate,21.1,4.9,42.4,37.7
DEL_0001042,ORD_0001042,RIDER_0046,10.64,Cloudy,Moderate,15.7,4.1,57.0,63.3
DEL_0001043,ORD_0001043,RIDER_0110,11.76,Clear,Moderate,26.2,4.5,72.5,78.2
DEL_0001044,ORD_0001044,RIDER_0067,12.69,Sunny,High,26.5,2.8,93.8,82.3
DEL_0001045,ORD_0001045,RIDER_0119,10.06,Sunny,Moderate,31.3,2.6,69.7,76.5
DEL_0001046,ORD_0001046,RIDER_0045,12.56,Heavy Rain,Low,22.9,6.8,81.7,78.1
DEL_0001047,ORD_0001047,RIDER_0069,10.43,Clear,Congested,11.3,5.3,96.7,58.0
DEL_0001048,ORD_0001048,RIDER_0088,14.0,Clear,Low,14.1,7.0,54.1,75.1
DEL_0001049,ORD_0001049,RIDER_0041,4.99,Clear,Congested,30.1,2.0,70.1,55.1
DEL_0001050,ORD_0001050,RIDER_0084,10.7,Clear,High,12.8,6.2,75.7,60.6
DEL_0001051,ORD_0001051,RIDER_0110,2.91,Clear,High,18.7,4.0,39.6,35.3
DEL_0001052,ORD_0001052,RIDER_0006,11.03,Sunny,Moderate,16.6,2.0,59.8,65.7
DEL_0001053,ORD_0001053,RIDER_0012,1.34,Cloudy,Low,31.1,7.1,40.3,41.5
DEL_0001054,ORD_0001054,RIDER_0139,13.63,Sunny,Moderate,13.5,7.7,65.8,73.0
DEL_0001055,ORD_0001055,RIDER_0096,5.88,Foggy,Low,29.5,3.4,49.0,58.0
DEL_0001056,ORD_0001056,RIDER_0144,10.65,Clear,Low,27.1,3.2,58.8,74.7
DEL_0001057,ORD_0001057,RIDER_0138,5.92,Cloudy,Moderate,24.2,2.7,48.8,52.9
DEL_0001058,ORD_0001058,RIDER_0035,2.8,Clear,High,14.4,4.9,29.5,30.6
DEL_0001059,ORD_0001059,RIDER_0024,3.96,Clear,Moderate,27.5,5.5,47.3,48.3
DEL_0001060,ORD_0001060,RIDER_0071,5.53,Cloudy,Moderate,30.2,3.5,54.6,57.3
DEL_0001061,ORD_0001061,RIDER_0115,1.56,Sunny,Low,26.3,5.2,34.8,37.5
DEL_0001062,ORD_0001062,RIDER_0091,5.52,Clear,Moderate,13.1,5.5,42.1,40.2
DEL_0001063,ORD_0001063,RIDER_0119,4.75,Sunny,Moderate,25.2,3.5,49.0,49.2
DEL_0001064,ORD_0001064,RIDER_0029,3.65,Heavy Rain,Low,27.0,4.9,50.8,46.6
DEL_0001065,ORD_0001065,RIDER_0091,6.07,Sunny,Low,17.5,6.3,35.8,46.8
DEL_0001066,ORD_0001066,RIDER_0135,3.81,Cloudy,Moderate,27.0,6.2,40.4,47.2
DEL_0001067,ORD_0001067,RIDER_0093,13.77,Rainy,Moderate,17.0,4.2,75.8,77.1
DEL_0001068,ORD_0001068,RIDER_0044,7.28,Sunny,Low,26.7,7.3,49.8,60.8
DEL_0001069,ORD_0001069,RIDER_0023,8.95,Clear,Low,10.3,6.2,37.5,51.1
DEL_0001070,ORD_0001070,RIDER_0093,3.84,Clear,Congested,24.2,2.1,55.9,44.6
DEL_0001071,ORD_0001071,RIDER_0052,9.62,Clear,Low,20.2,2.5,44.7,63.7
DEL_0001072,ORD_0001072,RIDER_0103,13.76,Cloudy,Congested,11.2,7.9,121.0,71.2
DEL_0001073,ORD_0001073,RIDER_0147,4.3,Clear,Low,12.0,7.0,27.1,34.2
DEL_0001074,ORD_0001074,RIDER_0067,10.89,Heavy Rain,Moderate,30.7,6.3,88.7,79.3
DEL_0001075,ORD_0001075,RIDER_0123,13.36,Cloudy,High,25.2,6.7,97.5,83.6
DEL_0001076,ORD_0001076,RIDER_0127,8.88,Clear,High,10.9,3.0,57.3,51.4
DEL_0001077,ORD_0001077,RIDER_0086,8.01,Clear,Low,22.5,8.0,53.1,59.5
DEL_0001078,ORD_0001078,RIDER_0072,3.55,Sunny,Moderate,15.9,5.9,38.0,35.1
DEL_0001079,ORD_0001079,RIDER_0069,2.44,Cloudy,Low,27.2,5.6,39.2,42.0
DEL_0001080,ORD_0001080,RIDER_0117,14.2,Sunny,Low,20.1,4.4,59.4,81.9
DEL_0001081,ORD_0001081,RIDER_0120,10.44,Clear,Moderate,22.2,6.9,64.8,69.0
DEL_0001082,ORD_0001082,RIDER_0016,7.36,Heavy Rain,Moderate,28.5,2.1,68.1,62.9
DEL_0001083,ORD_0001083,RIDER_0006,14.48,Clear,Moderate,19.4,4.0,75.5,82.3
DEL_0001084,ORD_0001084,RIDER_0121,8.65,Clear,Moderate,19.3,7.3,56.3,58.9
DEL_0001085,ORD_0001085,RIDER_0116,10.0,Clear,Low,26.7,6.1,58.1,71.7
DEL_0001086,ORD_0001086,RIDER_0081,12.73,Rainy,Moderate,22.6,2.8,74.6,78.5
DEL_0001087,ORD_0001087,RIDER_0020,12.95,Cloudy,Moderate,19.0,3.2,67.6,75.8
DEL_0001088,ORD_0001088,RIDER_0050,9.11,Cloudy,Moderate,23.5,6.0,56.3,64.9
DEL_0001089,ORD_0001089,RIDER_0118,8.46,Rainy,Low,15.8,4.4,44.9,54.6
DEL_0001090,ORD_0001090,RIDER_0005,5.04,Cloudy,Moderate,19.2,2.2,38.8,44.4
DEL_0001091,ORD_0001091,RIDER_0001,4.72,Sunny,Low,32.0,3.4,50.7,55.9
DEL_0001092,ORD_0001092,RIDER_0029,7.61,Rainy,Low,23.9,7.7,51.8,59.3
DEL_0001093,ORD_0001093,RIDER_0014,6.36,Rainy,High,22.8,6.3,69.6,53.2
DEL_0001094,ORD_0001094,RIDER_0014,14.49,Clear,Low,19.8,2.3,62.1,82.8
DEL_0001095,ORD_0001095,RIDER_0117,6.67,Sunny,High,19.1,3.0,56.9,50.8
DEL_0001096,ORD_0001096,RIDER_0038,8.1,Sunny,Low,22.4,5.8,46.9,59.8
DEL_0001097,ORD_0001097,RIDER_0044,6.72,Clear,High,21.7,7.0,62.4,53.6
DEL_0001098,ORD_0001098,RIDER_0084,6.39,Cloudy,High,17.3,5.1,55.6,47.9
DEL_0001100,ORD_0001100,RIDER_0016,9.5,Sunny,Moderate,12.9,6.5,48.3,55.9
DEL_0001101,ORD_0001101,RIDER_0021,12.29,Cloudy,Moderate,16.1,2.1,59.3,70.3
DEL_0001102,ORD_0001102,RIDER_0116,4.58,Clear,High,18.8,2.9,47.1,42.1
DEL_0001103,ORD_0001103,RIDER_0136,5.06,Clear,Low,16.8,6.9,41.2,42.0
DEL_0001104,ORD_0001104,RIDER_0145,1.35,Clear,Moderate,20.0,7.6,31.1,30.4
DEL_0001105,ORD_0001105,RIDER_0141,4.13,Cloudy,Moderate,29.0,4.4,43.2,50.5
DEL_0001106,ORD_0001106,RIDER_0065,12.26,Clear,Low,21.6,3.1,55.0,75.6
DEL_0001107,ORD_0001107,RIDER_0013,13.85,Clear,Moderate,26.4,2.4,76.0,86.8
DEL_0001108,ORD_0001108,RIDER_0056,2.81,Clear,High,20.9,2.9,33.9,37.1
DEL_0001109,ORD_0001109,RIDER_0084,5.24,Cloudy,Moderate,25.3,3.8,50.0,51.3
DEL_0001110,ORD_0001110,RIDER_0027,8.8,Sunny,Low,30.6,7.6,60.4,70.8
DEL_0001111,ORD_0001111,RIDER_0103,2.99,Clear,High,18.0,5.8,42.2,35.0
DEL_0001112,ORD_0001112,RIDER_0002,4.57,Heavy Rain,Moderate,12.7,3.0,39.2,36.0
DEL_0001113,ORD_0001113,RIDER_0025,1.9,Sunny,Low,13.7,5.0,24.3,26.3
DEL_0001114,ORD_0001114,RIDER_0150,11.02,Sunny,Moderate,14.3,4.8,55.7,63.4
DEL_0001115,ORD_0001115,RIDER_0127,1.55,Cloudy,High,29.1,6.6,43.1,40.3
DEL_0001116,ORD_0001116,RIDER_0121,14.49,Cloudy,High,31.4,2.5,107.2,94.4
DEL_0001117,ORD_0001117,RIDER_0091,3.82,Clear,Moderate,11.6,6.8,28.8,31.9
DEL_0001120,ORD_0001120,RIDER_0042,4.44,Clear,Congested,22.2,6.1,58.5,45.0
DEL_0001121,ORD_0001121,RIDER_0004,6.53,Clear,Moderate,12.0,7.4,40.6,43.1
DEL_0001122,ORD_0001122,RIDER_0120,4.79,Clear,High,29.8,6.6,63.0,54.0
DEL_0001123,ORD_0001123,RIDER_0044,14.52,Cloudy,Moderate,23.5,5.2,76.4,86.6
DEL_0001124,ORD_0001124,RIDER_0100,2.56,Clear,Moderate,17.4,2.3,24.4,32.6
DEL_0001125,ORD_0001125,RIDER_0041,1.45,Clear,High,24.9,4.9,39.3,35.7
DEL_0001126,ORD_0001126,RIDER_0036,2.29,Cloudy,Low,26.4,6.9,38.3,40.6
DEL_0001127,ORD_0001127,RIDER_0105,13.07,Clear,High,26.7,4.3,98.2,84.0
DEL_0001128,ORD_0001128,RIDER_0100,6.66,Clear,High,18.7,2.2,54.2,50.3
DEL_0001129,ORD_0001129,RIDER_0110,12.59,Sunny,High,10.2,3.3,77.7,65.6
DEL_0001130,ORD_0001130,RIDER_0052,11.49,Sunny,Moderate,18.1,7.1,63.8,69.1
DEL_0001131,ORD_0001131,RIDER_0090,13.91,Cloudy,Moderate,16.0,5.8,68.9,76.6
DEL_0001132,ORD_0001132,RIDER_0024,8.78,Sunny,Low,22.1,4.3,48.1,62.2
DEL_0001133,ORD_0001133,RIDER_0041,9.32,Cloudy,Low,20.9,5.0,48.2,63.2
DEL_0001134,ORD_0001134,RIDER_0109,7.29,Clear,High,13.4,4.5,56.7,47.6
DEL_0001135,ORD_0001135,RIDER_0019,14.19,Cloudy,Low,15.1,6.4,59.5,76.9
DEL_0001136,ORD_0001136,RIDER_0046,5.31,Clear,High,16.8,5.4,48.0,43.0
DEL_0001137,ORD_0001137,RIDER_0082,9.14,Clear,Moderate,22.6,6.4,59.8,64.2
DEL_0001138,ORD_0001138,RIDER_0149,7.04,Clear,Moderate,15.2,7.3,40.2,48.4
DEL_0001139,ORD_0001139,RIDER_0002,10.54,Clear,Low,15.3,6.5,45.3,62.5
DEL_0001140,ORD_0001140,RIDER_0042,9.41,Clear,Moderate,14.2,6.9,52.9,56.8
DEL_0001141,ORD_0001141,RIDER_0145,5.13,Clear,High,30.3,3.9,60.2,55.8
DEL_0001142,ORD_0001142,RIDER_0087,1.84,Clear,Low,22.7,3.5,26.2,35.1
DEL_0001143,ORD_0001143,RIDER_0072,3.08,Heavy Rain,High,11.6,5.5,42.8,28.9
DEL_0001144,ORD_0001144,RIDER_0015,5.6,Sunny,Moderate,11.5,5.3,38.2,38.9
DEL_0001145,ORD_0001145,RIDER_0040,11.72,Clear,High,27.1,7.5,90.4,79.0
DEL_0001146,ORD_0001146,RIDER_0102,13.83,Cloudy,Low,27.7,2.0,64.4,88.0
DEL_0001147,ORD_0001147,RIDER_0022,9.91,Cloudy,Low,11.2,7.4,42.9,55.8
DEL_0001148,ORD_0001148,RIDER_0111,1.39,Clear,High,14.2,5.1,30.0,24.8
DEL_0001149,ORD_0001149,RIDER_0106,5.05,Clear,High,20.7,5.5,56.0,45.9
DEL_0001151,ORD_0001151,RIDER_0054,12.4,Cloudy,High,14.8,2.8,80.2,69.4
DEL_0001152,ORD_0001152,RIDER_0020,5.68,Clear,High,15.0,2.1,48.8,42.7
DEL_0001153,ORD_0001153,RIDER_0036,12.31,Foggy,High,16.7,5.0,96.6,70.9
DEL_0001154,ORD_0001154,RIDER_0132,8.36,Rainy,Low,19.9,5.9,55.0,58.3
DEL_0001155,ORD_0001155,RIDER_0100,1.87,Cloudy,Congested,14.4,6.3,32.6,26.9
DEL_0001156,ORD_0001156,RIDER_0101,11.44,Clear,Moderate,19.8,3.6,60.4,70.6
DEL_0001157,ORD_0001157,RIDER_0040,6.57,Clear,Congested,11.3,7.3,65.7,42.6
DEL_0001158,ORD_0001158,RIDER_0105,5.7,Cloudy,Moderate,18.8,4.0,43.0,46.6
DEL_0001159,ORD_0001159,RIDER_0135,5.79,Cloudy,Moderate,21.7,2.8,42.8,49.9
DEL_0001160,ORD_0001160,RIDER_0121,1.27,Rainy,Congested,14.4,4.4,27.9,24.5
DEL_0001161,ORD_0001161,RIDER_0011,7.36,Heavy Rain,Moderate,11.0,5.7,55.2,45.4
DEL_0001162,ORD_0001162,RIDER_0139,11.21,Clear,Congested,27.1,3.7,113.0,76.9
DEL_0001163,ORD_0001163,RIDER_0122,7.79,Rainy,Congested,22.7,4.9,97.6,58.9
DEL_0001164,ORD_0001164,RIDER_0004,5.52,Clear,Low,26.6,4.3,42.8,53.7
DEL_0001165,ORD_0001165,RIDER_0147,10.4,Rainy,Moderate,23.8,5.3,74.4,70.4
DEL_0001166,ORD_0001166,RIDER_0091,9.37,Cloudy,High,16.2,7.0,75.5,58.7
DEL_0001167,ORD_0001167,RIDER_0137,7.46,Sunny,Congested,12.5,3.9,69.7,47.3
DEL_0001168,ORD_0001168,RIDER_0082,13.08,Cloudy,Congested,16.1,5.4,119.4,73.4
DEL_0001169,ORD_0001169,RIDER_0043,6.91,Sunny,High,14.6,7.1,52.6,47.2
DEL_0001170,ORD_0001170,RIDER_0024,13.76,Cloudy,Low,21.9,2.9,60.5,81.9
DEL_0001171,ORD_0001171,RIDER_0108,4.4,Sunny,Moderate,24.4,2.7,37.5,47.0
DEL_0001172,ORD_0001172,RIDER_0110,12.41,Rainy,Moderate,23.8,4.7,72.9,78.4
DEL_0001173,ORD_0001173,RIDER_0067,9.73,Clear,High,16.9,5.6,75.2,60.8
DEL_0001174,ORD_0001174,RIDER_0017,9.13,Clear,Moderate,22.3,3.8,58.7,63.8
DEL_0001175,ORD_0001175,RIDER_0130,8.69,Clear,Low,10.5,2.9,38.0,50.3
DEL_0001176,ORD_0001176,RIDER_0023,13.15,Sunny,Low,22.5,6.7,62.4,80.1
DEL_0001177,ORD_0001177,RIDER_0126,13.65,Clear,Moderate,31.2,2.2,80.9,90.8
DEL_0001178,ORD_0001178,RIDER_0058,13.51,Sunny,High,19.6,3.8,92.8,78.6
DEL_0001179,ORD_0001179,RIDER_0131,6.83,Sunny,Moderate,15.0,7.8,43.5,47.3
DEL_0001180,ORD_0001180,RIDER_0026,5.68,Sunny,Moderate,26.9,4.6,53.7,54.6
DEL_0001181,ORD_0001181,RIDER_0133,10.87,Clear,Low,18.1,5.1,52.1,66.6
DEL_0001182,ORD_0001182,RIDER_0040,14.5,Cloudy,High,14.4,5.2,98.6,77.4
DEL_0001183,ORD_0001183,RIDER_0020,9.13,Clear,High,23.6,5.2,75.4,65.1
DEL_0001184,ORD_0001184,RIDER_0148,1.54,Cloudy,Moderate,27.0,6.4,37.5,38.2
DEL_0001185,ORD_0001185,RIDER_0123,11.51,Sunny,Low,12.6,5.5,44.1,63.6
DEL_0001186,ORD_0001186,RIDER_0144,10.87,Clear,High,17.3,4.2,75.9,65.8
DEL_0001187,ORD_0001187,RIDER_0089,8.51,Sunny,Moderate,10.5,4.8,44.2,49.5
DEL_0001188,ORD_0001188,RIDER_0092,5.05,Clear,High,15.9,7.6,50.8,41.1
DEL_0001189,ORD_0001189,RIDER_0104,8.7,Sunny,Congested,29.6,2.6,97.9,69.4
DEL_0001190,ORD_0001190,RIDER_0053,12.23,Clear,Moderate,12.8,6.9,58.4,66.7
DEL_0001191,ORD_0001191,RIDER_0039,14.28,Sunny,Congested,26.5,5.5,137.6,88.6
DEL_0001192,ORD_0001192,RIDER_0097,6.83,Heavy Rain,Low,31.9,6.5,62.7,64.2
DEL_0001193,ORD_0001193,RIDER_0069,9.2,Clear,High,14.6,4.6,63.6,56.4
DEL_0001194,ORD_0001194,RIDER_0084,9.85,Clear,High,16.0,2.2,68.3,60.4
DEL_0001195,ORD_0001195,RIDER_0112,3.11,Rainy,Congested,12.4,4.3,42.8,29.8
DEL_0001196,ORD_0001196,RIDER_0086,9.12,Clear,Moderate,25.1,4.3,59.9,66.6
DEL_0001197,ORD_0001197,RIDER_0086,2.06,Cloudy,Low,30.6,7.8,44.6,43.8
DEL_0001198,ORD_0001198,RIDER_0147,5.29,Cloudy,Congested,11.5,7.6,53.2,37.7
DEL_0001199,ORD_0001199,RIDER_0051,6.06,Clear,Moderate,22.9,5.2,43.7,52.1
DEL_0001200,ORD_0001200,RIDER_0112,2.49,Clear,Moderate,27.7,5.0,42.0,42.7
DEL_0001201,ORD_0001201,RIDER_0065,7.09,Sunny,Low,12.3,6.8,33.7,45.7
DEL_0001202,ORD_0001202,RIDER_0109,2.95,Cloudy,High,18.9,5.3,39.2,35.7
DEL_0001203,ORD_0001203,RIDER_0096,3.64,Cloudy,Low,10.7,3.1,28.9,30.3
DEL_0001204,ORD_0001204,RIDER_0036,5.12,Clear,Low,13.4,4.4,32.7,38.9
DEL_0001205,ORD_0001205,RIDER_0005,14.57,Clear,High,14.5,6.4,94.6,77.8
DEL_0001206,ORD_0001206,RIDER_0048,1.84,Clear,Moderate,12.1,6.0,25.3,24.5
DEL_0001207,ORD_0001207,RIDER_0045,3.67,Clear,Congested,27.5,2.9,57.7,47.2
DEL_0001208,ORD_0001208,RIDER_0045,9.14,Clear,Low,13.8,2.3,37.0,55.4
DEL_0001209,ORD_0001209,RIDER_0071,8.68,Sunny,Low,20.4,3.4,41.9,60.1
DEL_0001210,ORD_0001210,RIDER_0069,11.59,Clear,Low,27.3,7.2,65.9,78.7
DEL_0001211,ORD_0001211,RIDER_0149,3.37,Rainy,Moderate,30.9,7.5,48.5,49.4
DEL_0001212,ORD_0001212,RIDER_0033,8.7,Clear,Low,16.4,7.3,47.9,56.2
DEL_0001213,ORD_0001213,RIDER_0108,11.33,Sunny,Low,16.0,7.6,51.2,66.3
DEL_0001214,ORD_0001214,RIDER_0121,9.89,Sunny,Moderate,26.7,6.7,69.4,71.3
DEL_0001215,ORD_0001215,RIDER_0026,13.4,Sunny,Low,20.2,2.2,60.4,78.8
DEL_0001216,ORD_0001216,RIDER_0025,8.49,Clear,Moderate,22.2,6.3,57.5,61.2
DEL_0001217,ORD_0001217,RIDER_0032,6.62,Clear,Moderate,27.2,4.7,55.4,58.7
DEL_0001218,ORD_0001218,RIDER_0053,9.33,Sunny,High,22.9,6.8,79.6,65.2
DEL_0001219,ORD_0001219,RIDER_0106,10.97,Sunny,Low,19.0,7.9,58.1,67.9
DEL_0001220,ORD_0001220,RIDER_0008,6.66,Cloudy,Moderate,16.0,5.5,44.3,47.6
DEL_0001221,ORD_0001221,RIDER_0071,12.01,Clear,Congested,22.0,6.1,118.9,75.0
DEL_0001222,ORD_0001222,RIDER_0003,9.07,Cloudy,High,11.8,2.1,59.7,53.1
DEL_0001223,ORD_0001223,RIDER_0104,14.79,Cloudy,Moderate,23.7,2.2,74.9,87.9
DEL_0001224,ORD_0001224,RIDER_0051,6.99,Cloudy,Moderate,24.8,4.9,54.2,57.8
DEL_0001225,ORD_0001225,RIDER_0127,3.96,Clear,Moderate,22.8,3.9,40.2,43.6
DEL_0001226,ORD_0001226,RIDER_0031,12.63,Sunny,High,17.0,7.5,87.3,72.5
DEL_0001227,ORD_0001227,RIDER_0126,5.21,Clear,Moderate,15.3,6.7,44.3,41.1
DEL_0001228,ORD_0001228,RIDER_0031,5.06,Clear,High,11.8,4.0,43.8,37.0
DEL_0001229,ORD_0001229,RIDER_0087,14.78,Clear,Moderate,26.3,7.4,86.5,90.4
DEL_0001230,ORD_0001230,RIDER_0071,8.35,Rainy,High,23.3,5.0,77.5,61.7
DEL_0001231,ORD_0001231,RIDER_0111,5.93,Cloudy,High,18.0,6.7,53.9,46.7
DEL_0001232,ORD_0001232,RIDER_0067,13.09,Sunny,Moderate,11.8,7.2,64.0,69.2
DEL_0001233,ORD_0001233,RIDER_0047,1.75,Cloudy,Moderate,27.8,7.3,44.5,39.8
DEL_0001234,ORD_0001234,RIDER_0037,7.62,Clear,High,12.4,4.1,54.7,47.9
DEL_0001235,ORD_0001235,RIDER_0072,5.64,Clear,Low,32.0,5.5,51.6,59.6
DEL_0001236,ORD_0001236,RIDER_0059,13.3,Clear,Low,15.4,6.0,54.8,73.6
DEL_0001238,ORD_0001238,RIDER_0027,13.58,Cloudy,Low,16.6,5.7,55.8,75.9
DEL_0001239,ORD_0001239,RIDER_0121,6.78,Sunny,Moderate,23.8,5.3,53.3,55.9
DEL_0001240,ORD_0001240,RIDER_0128,9.94,Heavy Rain,Moderate,15.0,5.3,74.5,59.8
DEL_0001241,ORD_0001241,RIDER_0065,12.38,Clear,Moderate,17.0,4.0,61.2,71.5
DEL_0001242,ORD_0001242,RIDER_0048,13.37,Clear,Moderate,31.2,5.4,83.2,89.7
DEL_0001243,ORD_0001243,RIDER_0110,6.33,Cloudy,Low,19.2,3.4,36.5,49.5
DEL_0001244,ORD_0001244,RIDER_0108,2.14,Sunny,Moderate,13.1,3.3,24.1,26.7
DEL_0001245,ORD_0001245,RIDER_0102,4.86,Sunny,High,28.9,3.1,57.8,53.3
DEL_0001246,ORD_0001246,RIDER_0009,2.29,Cloudy,Low,25.8,4.1,31.3,40.0
DEL_0001247,ORD_0001247,RIDER_0099,12.54,Sunny,High,13.6,3.0,77.5,68.8
DEL_0001249,ORD_0001249,RIDER_0048,9.36,Clear,Low,16.5,2.9,43.7,58.9
DEL_0001250,ORD_0001250,RIDER_0046,6.4,Clear,High,28.4,4.4,65.8,59.0
DEL_0001251,ORD_0001251,RIDER_0129,5.31,Cloudy,High,10.2,2.9,36.4,36.4
DEL_0001252,ORD_0001252,RIDER_0125,9.41,Clear,Moderate,14.0,5.5,52.7,56.6
DEL_0001253,ORD_0001253,RIDER_0127,8.19,Clear,Congested,16.8,6.4,81.6,54.6
DEL_0001254,ORD_0001254,RIDER_0060,14.29,Cloudy,Moderate,30.2,5.2,81.4,92.4
DEL_0001255,ORD_0001255,RIDER_0114,11.84,Clear,Low,26.7,3.2,55.3,79.1
DEL_0001256,ORD_0001256,RIDER_0088,5.89,Cloudy,Moderate,26.7,2.4,45.1,55.3
DEL_0001257,ORD_0001257,RIDER_0123,1.95,Cloudy,Moderate,23.7,2.9,33.2,36.5
DEL_0001258,ORD_0001258,RIDER_0063,3.26,Cloudy,Low,17.8,2.9,32.6,35.8
DEL_0001259,ORD_0001259,RIDER_0057,2.34,Clear,Low,16.9,2.1,28.9,31.3
DEL_0001260,ORD_0001260,RIDER_0063,4.02,Clear,Low,24.5,5.0,40.3,45.6
DEL_0001261,ORD_0001261,RIDER_0027,10.16,Clear,Moderate,19.1,5.4,60.1,64.7
DEL_0001262,ORD_0001262,RIDER_0100,3.43,Clear,Low,19.5,7.2,33.7,38.2
DEL_0001263,ORD_0001263,RIDER_0089,14.29,Rainy,Moderate,28.4,6.0,88.8,90.6
DEL_0001264,ORD_0001264,RIDER_0041,4.99,Rainy,Low,18.1,2.7,39.3,43.1
DEL_0001265,ORD_0001265,RIDER_0146,5.65,Sunny,Low,12.4,6.9,35.9,40.0
DEL_0001266,ORD_0001266,RIDER_0082,9.55,Sunny,Low,25.1,3.6,53.4,68.3
DEL_0001267,ORD_0001267,RIDER_0002,3.2,Clear,High,20.2,7.9,42.3,38.0
DEL_0001268,ORD_0001268,RIDER_0119,6.28,Rainy,Low,24.4,4.8,43.1,54.5
DEL_0001269,ORD_0001269,RIDER_0040,13.8,Cloudy,Low,11.4,7.5,49.2,71.6
DEL_0001270,ORD_0001270,RIDER_0110,1.26,Clear,Moderate,27.5,2.9,34.9,37.5
DEL_0001271,ORD_0001271,RIDER_0140,3.98,Cloudy,High,19.9,5.5,49.7,40.8
DEL_0001272,ORD_0001272,RIDER_0022,6.38,Rainy,Moderate,15.6,7.5,48.8,46.1
DEL_0001273,ORD_0001273,RIDER_0072,10.93,Clear,High,13.2,5.7,73.6,61.9
DEL_0001274,ORD_0001274,RIDER_0020,13.43,Clear,Moderate,17.6,7.4,68.7,76.3
DEL_0001275,ORD_0001275,RIDER_0131,9.89,Cloudy,Low,15.6,2.4,42.3,60.2
DEL_0001277,ORD_0001277,RIDER_0098,7.28,Sunny,High,22.1,2.2,64.0,56.2
DEL_0001278,ORD_0001278,RIDER_0124,7.13,Clear,Moderate,18.6,7.9,49.5,52.1
DEL_0001279,ORD_0001279,RIDER_0113,9.08,Cloudy,Low,14.4,4.5,40.9,55.7
DEL_0001280,ORD_0001280,RIDER_0109,7.18,Clear,High,18.0,3.4,57.4,51.7
DEL_0001282,ORD_0001282,RIDER_0046,11.45,Clear,High,24.2,3.5,86.2,75.0
DEL_0001283,ORD_0001283,RIDER_0110,14.37,Clear,Moderate,28.0,7.6,89.1,90.5
DEL_0001284,ORD_0001284,RIDER_0143,14.12,Cloudy,Moderate,30.2,7.7,85.2,91.7
DEL_0001285,ORD_0001285,RIDER_0016,7.22,Clear,Moderate,28.2,6.3,58.3,62.1
DEL_0001286,ORD_0001286,RIDER_0110,10.42,Sunny,Moderate,18.3,6.3,60.9,65.0
DEL_0001287,ORD_0001287,RIDER_0135,3.85,Cloudy,Low,23.5,4.2,39.8,43.9
DEL_0001288,ORD_0001288,RIDER_0052,2.93,Clear,Low,15.7,7.9,34.9,32.4
DEL_0001289,ORD_0001289,RIDER_0013,5.75,Cloudy,Moderate,11.8,7.7,42.5,39.8
DEL_0001290,ORD_0001290,RIDER_0009,6.66,Sunny,Moderate,24.7,7.1,54.9,56.3
DEL_0001291,ORD_0001291,RIDER_0023,3.74,Clear,Moderate,22.5,6.9,36.9,42.5
DEL_0001292,ORD_0001292,RIDER_0040,13.12,Clear,Congested,20.9,2.8,126.5,78.4
DEL_0001293,ORD_0001293,RIDER_0128,5.15,Clear,Low,29.4,6.1,50.4,55.0
DEL_0001294,ORD_0001294,RIDER_0023,1.53,Cloudy,Low,28.1,5.0,39.4,39.2
DEL_0001295,ORD_0001295,RIDER_0061,13.42,Rainy,High,18.4,6.3,104.5,77.1
DEL_0001296,ORD_0001296,RIDER_0114,2.75,Clear,High,28.8,5.2,46.3,44.8
DEL_0001297,ORD_0001297,RIDER_0013,1.87,Clear,Low,19.8,4.5,29.1,32.3
DEL_0001298,ORD_0001298,RIDER_0036,8.27,Clear,Congested,26.7,3.8,95.1,64.8
DEL_0001299,ORD_0001299,RIDER_0057,14.71,Rainy,Low,31.5,6.1,84.4,95.3
DEL_0001300,ORD_0001300,RIDER_0075,2.49,Sunny,Moderate,16.8,6.0,29.9,31.8
DEL_0001301,ORD_0001301,RIDER_0104,7.01,Cloudy,Low,20.9,4.4,45.8,53.9
DEL_0001302,ORD_0001302,RIDER_0007,11.11,Clear,High,24.1,4.8,82.3,73.5
DEL_0001303,ORD_0001303,RIDER_0132,8.95,Cloudy,Moderate,18.7,7.7,58.4,59.5
DEL_0001304,ORD_0001304,RIDER_0119,9.1,Clear,Low,21.8,2.8,47.2,63.2
DEL_0001305,ORD_0001305,RIDER_0098,1.54,Rainy,Congested,18.1,6.5,38.8,29.3
DEL_0001306,ORD_0001306,RIDER_0150,8.97,Heavy Rain,Low,31.1,7.2,72.9,72.0
DEL_0001307,ORD_0001307,RIDER_0079,7.03,Clear,Moderate,27.0,2.0,50.9,60.1
DEL_0001308,ORD_0001308,RIDER_0090,14.7,Sunny,Moderate,27.0,5.5,80.3,90.8
DEL_0001309,ORD_0001309,RIDER_0010,4.94,Sunny,Congested,18.8,5.9,57.1,43.6
DEL_0001310,ORD_0001310,RIDER_0005,3.49,Clear,Moderate,21.0,3.2,42.6,40.0
DEL_0001311,ORD_0001311,RIDER_0067,7.34,Clear,Congested,26.2,3.7,89.4,60.6
DEL_0001312,ORD_0001312,RIDER_0095,10.42,Rainy,Low,25.8,5.3,62.5,72.5
DEL_0001313,ORD_0001313,RIDER_0085,5.02,Cloudy,High,31.5,6.0,57.6,56.6
DEL_0001315,ORD_0001315,RIDER_0121,13.77,Rainy,Low,13.5,7.3,57.5,73.6
DEL_0001316,ORD_0001316,RIDER_0087,1.63,Clear,Moderate,16.7,6.8,31.4,28.2
DEL_0001317,ORD_0001317,RIDER_0043,1.9,Clear,Moderate,31.7,5.6,43.9,44.3
DEL_0001318,ORD_0001318,RIDER_0070,10.27,Heavy Rain,Low,22.4,2.2,64.8,68.5
DEL_0001319,ORD_0001319,RIDER_0002,14.7,Clear,Low,22.4,3.9,60.2,86.2
DEL_0001320,ORD_0001320,RIDER_0058,9.64,Rainy,Low,11.7,6.3,50.7,55.3
DEL_0001321,ORD_0001321,RIDER_0118,3.23,Clear,Moderate,29.9,6.8,45.3,47.8
DEL_0001322,ORD_0001322,RIDER_0075,14.18,Clear,Moderate,31.5,6.8,88.8,93.2
DEL_0001323,ORD_0001323,RIDER_0089,5.45,Cloudy,Moderate,25.4,7.5,48.6,52.2
DEL_0001324,ORD_0001324,RIDER_0036,10.28,Rainy,Low,19.3,6.3,57.2,65.4
DEL_0001325,ORD_0001325,RIDER_0131,6.53,Clear,Moderate,11.3,5.4,42.6,42.4
DEL_0001326,ORD_0001326,RIDER_0112,14.0,Clear,Low,17.3,5.7,60.4,78.3
DEL_0001327,ORD_0001327,RIDER_0026,14.15,Clear,High,28.2,5.2,98.3,89.8
DEL_0001328,ORD_0001328,RIDER_0094,12.88,Clear,Moderate,25.9,2.6,69.3,82.4
DEL_0001329,ORD_0001329,RIDER_0017,10.97,Clear,Low,16.3,3.6,49.7,65.2
DEL_0001330,ORD_0001330,RIDER_0022,10.53,Rainy,Moderate,22.9,4.9,67.2,70.0
DEL_0001331,ORD_0001331,RIDER_0017,4.11,Clear,Moderate,19.4,6.1,39.9,40.8
DEL_0001332,ORD_0001332,RIDER_0146,11.9,Clear,Moderate,19.6,4.9,64.6,72.2
DEL_0001334,ORD_0001334,RIDER_0063,7.92,Sunny,High,26.4,3.9,70.6,63.1
DEL_0001335,ORD_0001335,RIDER_0013,10.02,Clear,Low,27.2,6.7,58.4,72.3
DEL_0001336,ORD_0001336,RIDER_0109,8.07,Clear,High,28.3,6.0,78.4,65.6
DEL_0001337,ORD_0001337,RIDER_0041,1.24,Clear,High,13.7,6.8,28.7,23.7
DEL_0001338,ORD_0001338,RIDER_0057,12.64,Clear,Moderate,24.7,2.5,73.1,80.3
DEL_0001339,ORD_0001339,RIDER_0110,3.7,Clear,High,11.8,6.2,37.2,31.6
DEL_0001340,ORD_0001340,RIDER_0056,1.29,Clear,High,29.4,5.5,41.8,39.6
DEL_0001341,ORD_0001341,RIDER_0108,7.63,Sunny,High,18.6,2.7,60.5,54.1
DEL_0001342,ORD_0001342,RIDER_0129,11.4,Rainy,Low,17.8,2.6,56.4,68.4
DEL_0001343,ORD_0001343,RIDER_0096,7.92,Sunny,Low,28.6,5.1,53.4,65.3
DEL_0001344,ORD_0001344,RIDER_0098,5.31,Cloudy,High,13.9,4.5,40.3,40.1
DEL_0001345,ORD_0001345,RIDER_0096,5.22,Clear,Moderate,31.8,6.4,57.1,57.7
DEL_0001346,ORD_0001346,RIDER_0124,4.14,Sunny,Moderate,15.1,2.2,36.6,36.7
DEL_0001347,ORD_0001347,RIDER_0038,2.75,Sunny,Moderate,11.3,4.0,24.6,27.3
DEL_0001348,ORD_0001348,RIDER_0116,2.94,Clear,High,21.4,2.1,39.1,38.2
DEL_0001349,ORD_0001349,RIDER_0086,8.35,Cloudy,Congested,21.5,3.5,82.9,59.9
DEL_0001350,ORD_0001350,RIDER_0029,8.63,Clear,Low,19.2,5.1,43.4,58.7
DEL_0001351,ORD_0001351,RIDER_0111,7.9,Sunny,High,31.1,6.2,75.2,67.7
DEL_0001352,ORD_0001352,RIDER_0115,11.33,Cloudy,Low,23.1,5.7,58.2,73.4
DEL_0001353,ORD_0001353,RIDER_0135,10.02,Rainy,Low,21.7,7.7,58.5,66.8
DEL_0001354,ORD_0001354,RIDER_0044,6.49,Rainy,Moderate,19.3,2.7,46.3,50.3
DEL_0001355,ORD_0001355,RIDER_0015,7.68,Clear,High,16.5,5.1,59.1,52.2
DEL_0001356,ORD_0001356,RIDER_0040,12.77,Foggy,Moderate,23.9,2.9,78.4,80.0
DEL_0001357,ORD_0001357,RIDER_0048,8.78,Rainy,Moderate,28.5,7.4,72.6,68.6
DEL_0001358,ORD_0001358,RIDER_0032,6.57,Sunny,Low,15.7,6.9,34.9,47.0
DEL_0001359,ORD_0001359,RIDER_0103,10.2,Clear,Congested,11.0,5.5,92.3,56.8
DEL_0001360,ORD_0001360,RIDER_0028,7.77,Cloudy,Moderate,24.3,6.6,54.8,60.4
DEL_0001361,ORD_0001361,RIDER_0123,2.85,Cloudy,Moderate,31.4,6.2,47.7,47.8
DEL_0001362,ORD_0001362,RIDER_0048,7.1,Clear,Low,29.6,2.6,51.2,63.0
DEL_0001363,ORD_0001363,RIDER_0008,10.63,Clear,High,18.1,6.2,76.5,65.6
DEL_0001364,ORD_0001364,RIDER_0087,14.66,Clear,High,16.3,3.9,95.9,79.9
DEL_0001365,ORD_0001365,RIDER_0077,14.67,Cloudy,High,21.2,6.9,100.7,84.9
DEL_0001366,ORD_0001366,RIDER_0148,14.67,Clear,Congested,15.3,4.3,130.3,79.0
DEL_0001367,ORD_0001367,RIDER_0146,4.38,Sunny,Low,15.5,7.0,31.2,38.0
DEL_0001368,ORD_0001368,RIDER_0072,5.2,Clear,Moderate,21.3,3.1,39.5,47.1
DEL_0001369,ORD_0001369,RIDER_0066,7.63,Clear,Congested,21.6,4.6,80.3,57.1
DEL_0001370,ORD_0001370,RIDER_0035,5.68,Clear,Moderate,17.5,7.0,40.8,45.2
DEL_0001371,ORD_0001371,RIDER_0096,4.9,Foggy,Moderate,23.9,2.0,41.0,48.5
DEL_0001372,ORD_0001372,RIDER_0067,2.89,Sunny,Moderate,10.8,5.6,24.1,27.4
DEL_0001373,ORD_0001373,RIDER_0073,9.97,Cloudy,Moderate,19.5,4.7,54.2,64.4
DEL_0001374,ORD_0001374,RIDER_0111,1.9,Rainy,Moderate,30.0,2.5,39.2,42.6
DEL_0001375,ORD_0001375,RIDER_0087,7.73,Clear,Moderate,17.2,5.9,52.4,53.1
DEL_0001376,ORD_0001376,RIDER_0145,3.98,Cloudy,Congested,18.1,7.3,57.1,39.0
DEL_0001377,ORD_0001377,RIDER_0148,7.79,Clear,Low,25.7,7.4,56.2,61.9
DEL_0001378,ORD_0001378,RIDER_0032,14.24,Rainy,Low,31.6,6.1,77.0,93.6
DEL_0001379,ORD_0001379,RIDER_0078,14.7,Clear,Moderate,26.6,5.1,80.3,90.4
DEL_0001380,ORD_0001380,RIDER_0057,10.99,Clear,High,28.7,2.8,88.3,77.7
DEL_0001381,ORD_0001381,RIDER_0129,3.21,Rainy,High,20.1,5.1,44.1,37.9
DEL_0001382,ORD_0001382,RIDER_0078,4.07,Sunny,Moderate,27.2,4.3,44.3,48.5
DEL_0001383,ORD_0001383,RIDER_0057,7.18,Clear,Moderate,28.5,7.4,58.2,62.2
DEL_0001384,ORD_0001384,RIDER_0045,13.31,Clear,High,19.8,3.9,90.8,78.0
DEL_0001385,ORD_0001385,RIDER_0127,11.86,Heavy Rain,High,23.5,6.1,117.3,75.9
DEL_0001386,ORD_0001386,RIDER_0008,7.68,Sunny,Moderate,16.2,3.6,40.6,51.9
DEL_0001387,ORD_0001387,RIDER_0114,3.92,Clear,Low,20.4,3.2,33.5,41.1
DEL_0001388,ORD_0001388,RIDER_0105,6.62,Cloudy,Low,26.4,6.3,48.4,57.9
DEL_0001389,ORD_0001389,RIDER_0052,14.0,Clear,Low,25.0,7.5,67.9,86.0
DEL_0001390,ORD_0001390,RIDER_0063,9.15,Cloudy,High,19.3,2.5,62.6,60.9
DEL_0001391,ORD_0001391,RIDER_0023,2.58,Rainy,Moderate,26.5,4.7,43.6,41.8
DEL_0001392,ORD_0001392,RIDER_0131,10.3,Clear,Moderate,22.8,4.4,60.4,69.0
DEL_0001393,ORD_0001393,RIDER_0096,6.22,Clear,Moderate,18.2,5.2,42.7,48.1
DEL_0001394,ORD_0001394,RIDER_0005,4.98,Sunny,Low,21.8,3.0,35.9,46.7
DEL_0001395,ORD_0001395,RIDER_0125,7.33,Clear,High,28.4,3.5,68.2,62.7
DEL_0001396,ORD_0001396,RIDER_0043,11.85,Sunny,Low,17.9,2.5,47.1,70.3
DEL_0001397,ORD_0001397,RIDER_0123,2.5,Clear,Low,18.1,5.0,29.9,33.1
DEL_0001398,ORD_0001398,RIDER_0090,14.13,Heavy Rain,Moderate,18.0,3.0,94.7,79.5
DEL_0001399,ORD_0001399,RIDER_0148,5.33,Rainy,Moderate,11.7,3.0,42.6,38.0
DEL_0001400,ORD_0001400,RIDER_0056,4.0,Rainy,Moderate,16.8,6.6,39.0,37.8
DEL_0001401,ORD_0001401,RIDER_0067,3.77,Clear,Moderate,28.0,3.9,46.6,48.1
DEL_0001402,ORD_0001402,RIDER_0045,8.2,Clear,High,16.5,7.9,68.6,54.3
DEL_0001403,ORD_0001403,RIDER_0017,4.24,Clear,High,16.5,4.7,38.7,38.5
DEL_0001404,ORD_0001404,RIDER_0078,5.55,Clear,High,19.5,6.5,53.0,46.7
DEL_0001406,ORD_0001406,RIDER_0098,2.47,Clear,High,28.5,6.2,48.9,43.4
DEL_0001407,ORD_0001407,RIDER_0138,6.88,Sunny,Low,25.1,5.8,42.4,57.6
DEL_0001408,ORD_0001408,RIDER_0008,3.83,Clear,Moderate,30.5,2.5,45.8,50.8
DEL_0001409,ORD_0001409,RIDER_0127,11.54,Sunny,High,25.5,2.9,92.3,76.7
DEL_0001410,ORD_0001410,RIDER_0143,13.97,Clear,Low,16.5,3.1,55.7,77.4
DEL_0001411,ORD_0001411,RIDER_0038,6.63,Rainy,Low,22.2,3.0,46.2,53.7
DEL_0001412,ORD_0001412,RIDER_0149,4.7,Clear,Moderate,26.0,5.0,46.0,49.8
DEL_0001413,ORD_0001413,RIDER_0057,8.8,Sunny,High,19.7,7.3,68.8,59.9
DEL_0001414,ORD_0001414,RIDER_0033,12.67,Clear,Low,12.1,6.4,53.3,67.8
DEL_0001415,ORD_0001415,RIDER_0021,9.57,Clear,Low,17.2,6.6,47.1,60.5
DEL_0001416,ORD_0001416,RIDER_0032,7.45,Sunny,Low,18.0,3.8,35.5,52.8
DEL_0001417,ORD_0001417,RIDER_0056,12.35,Clear,Moderate,24.5,4.4,73.3,78.9
DEL_0001418,ORD_0001418,RIDER_0098,9.26,Clear,High,30.7,5.2,82.4,72.7
DEL_0001419,ORD_0001419,RIDER_0029,4.17,Clear,Low,19.6,5.1,33.4,41.3
DEL_0001420,ORD_0001420,RIDER_0103,5.61,Sunny,Moderate,15.9,3.7,40.9,43.3
DEL_0001421,ORD_0001421,RIDER_0085,9.75,Heavy Rain,Moderate,20.7,5.2,74.0,64.7
DEL_0001422,ORD_0001422,RIDER_0110,5.6,Clear,Moderate,12.6,5.7,37.5,40.0
DEL_0001423,ORD_0001423,RIDER_0019,11.79,Clear,Congested,23.5,4.6,115.0,75.7
DEL_0001424,ORD_0001424,RIDER_0016,6.59,Clear,Low,26.7,4.0,46.1,58.1
DEL_0001425,ORD_0001425,RIDER_0123,6.78,Clear,Moderate,26.9,4.6,52.0,59.0
DEL_0001426,ORD_0001426,RIDER_0057,11.37,Clear,High,18.8,7.9,77.7,69.3
DEL_0001427,ORD_0001427,RIDER_0063,3.3,Clear,High,19.6,7.1,47.4,37.8
DEL_0001428,ORD_0001428,RIDER_0102,9.69,Clear,Moderate,13.4,5.2,49.0,57.2
DEL_0001429,ORD_0001429,RIDER_0083,8.78,Rainy,Moderate,20.0,7.2,60.6,60.1
DEL_0001430,ORD_0001430,RIDER_0123,4.83,Cloudy,Low,22.3,6.7,40.7,46.6
DEL_0001431,ORD_0001431,RIDER_0146,9.46,Clear,Moderate,18.1,2.9,51.6,60.9
DEL_0001432,ORD_0001432,RIDER_0133,10.22,Sunny,Moderate,19.6,4.3,56.2,65.5
DEL_0001434,ORD_0001434,RIDER_0125,14.07,Cloudy,Low,12.5,3.3,47.5,73.8
DEL_0001435,ORD_0001435,RIDER_0086,7.49,Rainy,High,23.5,3.6,68.8,58.5
DEL_0001436,ORD_0001436,RIDER_0027,5.86,Sunny,Moderate,20.7,2.6,38.9,49.1
DEL_0001437,ORD_0001437,RIDER_0061,8.5,Heavy Rain,Low,10.4,6.7,49.8,49.4
DEL_0001438,ORD_0001438,RIDER_0105,1.8,Cloudy,High,27.0,3.6,35.2,39.2
DEL_0001439,ORD_0001439,RIDER_0005,2.58,Clear,Moderate,31.5,5.8,49.2,46.8
DEL_0001440,ORD_0001440,RIDER_0147,14.73,Sunny,Low,30.7,4.2,74.0,94.6
DEL_0001441,ORD_0001441,RIDER_0005,7.46,Sunny,Low,28.6,6.5,53.1,63.4
DEL_0001442,ORD_0001442,RIDER_0136,5.47,Clear,High,13.4,6.5,47.5,40.3
DEL_0001443,ORD_0001443,RIDER_0114,10.41,Clear,Low,19.4,8.0,50.9,66.0
DEL_0001444,ORD_0001444,RIDER_0055,12.09,Rainy,Moderate,23.5,2.4,76.1,76.9
DEL_0001445,ORD_0001445,RIDER_0058,7.73,Cloudy,Moderate,19.7,6.9,55.9,55.6
DEL_0001446,ORD_0001446,RIDER_0112,8.83,Clear,High,21.3,7.8,74.7,61.6
DEL_0001447,ORD_0001447,RIDER_0018,13.25,Rainy,Moderate,19.4,5.5,78.0,77.4
DEL_0001448,ORD_0001448,RIDER_0097,13.76,Sunny,Moderate,22.0,6.8,75.4,82.0
DEL_0001449,ORD_0001449,RIDER_0116,9.76,Clear,High,25.4,3.1,76.5,69.4
DEL_0001450,ORD_0001450,RIDER_0022,6.4,Sunny,High,10.4,4.0,44.4,41.0
DEL_0001451,ORD_0001451,RIDER_0110,5.29,Clear,High,16.1,5.0,49.7,42.3
DEL_0001452,ORD_0001452,RIDER_0029,7.22,Sunny,High,10.3,2.0,49.6,44.2
DEL_0001453,ORD_0001453,RIDER_0108,7.12,Foggy,Moderate,20.2,2.9,50.9,53.7
DEL_0001454,ORD_0001454,RIDER_0128,1.77,Sunny,High,18.7,2.3,29.7,30.8
DEL_0001455,ORD_0001455,RIDER_0085,4.69,Clear,Moderate,23.0,2.5,45.0,46.8
DEL_0001456,ORD_0001456,RIDER_0009,10.98,Cloudy,High,15.0,2.8,73.6,63.9
DEL_0001457,ORD_0001457,RIDER_0096,9.0,Clear,Congested,13.1,4.3,87.6,54.1
DEL_0001458,ORD_0001458,RIDER_0044,12.02,Clear,Low,22.6,7.6,59.5,75.7
DEL_0001459,ORD_0001459,RIDER_0051,8.62,Cloudy,High,14.2,7.0,64.2,53.7
DEL_0001460,ORD_0001460,RIDER_0087,6.33,Clear,Moderate,17.6,2.2,40.7,47.9
DEL_0001461,ORD_0001461,RIDER_0095,14.14,Sunny,High,22.7,7.6,98.8,84.3
DEL_0001462,ORD_0001462,RIDER_0050,5.9,Sunny,High,29.7,3.8,66.6,58.3
DEL_0001464,ORD_0001464,RIDER_0117,12.66,Sunny,Moderate,15.2,3.4,62.4,70.8
DEL_0001465,ORD_0001465,RIDER_0068,2.78,Clear,Moderate,29.7,7.2,42.8,45.8
DEL_0001466,ORD_0001466,RIDER_0042,1.9,Sunny,High,29.6,4.2,41.3,42.2
DEL_0001467,ORD_0001467,RIDER_0014,14.17,Sunny,Low,29.4,4.2,68.0,91.1
DEL_0001468,ORD_0001468,RIDER_0087,14.03,Cloudy,Moderate,22.8,5.7,73.2,83.9
DEL_0001469,ORD_0001469,RIDER_0098,11.11,Clear,High,24.3,7.2,89.8,73.7
DEL_0001470,ORD_0001470,RIDER_0117,9.31,Sunny,Moderate,14.5,5.4,52.2,56.7
DEL_0001471,ORD_0001471,RIDER_0015,11.53,Foggy,Moderate,22.2,4.5,73.6,73.3
DEL_0001472,ORD_0001472,RIDER_0056,9.22,Clear,Moderate,10.5,4.4,49.7,52.4
DEL_0001473,ORD_0001473,RIDER_0103,5.88,Clear,Low,21.8,4.4,41.5,50.3
DEL_0001474,ORD_0001474,RIDER_0068,8.42,Rainy,Low,21.7,6.7,49.8,60.4
DEL_0001475,ORD_0001475,RIDER_0003,3.47,Clear,High,13.1,6.8,34.2,32.0
DEL_0001476,ORD_0001476,RIDER_0141,9.87,Clear,High,24.9,2.3,82.6,69.4
DEL_0001477,ORD_0001477,RIDER_0084,6.66,Clear,Low,23.0,5.5,48.2,54.6
DEL_0001478,ORD_0001478,RIDER_0065,12.16,Sunny,Moderate,13.8,6.9,64.6,67.4
DEL_0001479,ORD_0001479,RIDER_0139,8.09,Sunny,Low,11.7,2.2,32.0,49.1
DEL_0001480,ORD_0001480,RIDER_0022,6.11,Clear,Moderate,18.8,5.2,44.0,48.2
DEL_0001481,ORD_0001481,RIDER_0082,11.81,Clear,Moderate,25.0,4.7,68.3,77.2
DEL_0001482,ORD_0001482,RIDER_0139,3.94,Sunny,Low,31.0,2.9,48.4,51.8
DEL_0001483,ORD_0001483,RIDER_0013,12.96,Clear,Congested,13.4,2.8,111.4,70.2
DEL_0001486,ORD_0001486,RIDER_0123,5.83,Clear,Congested,17.6,7.8,70.5,45.9
DEL_0001487,ORD_0001487,RIDER_0114,5.04,Clear,Low,27.3,4.0,45.9,52.5
DEL_0001488,ORD_0001488,RIDER_0150,3.35,Clear,Moderate,21.4,5.3,37.0,39.8
DEL_0001489,ORD_0001489,RIDER_0119,3.54,Cloudy,Low,24.0,3.2,39.7,43.2
DEL_0001490,ORD_0001490,RIDER_0122,5.79,Clear,Moderate,16.8,7.4,40.2,45.0
DEL_0001491,ORD_0001491,RIDER_0033,7.6,Rainy,Congested,23.8,6.3,96.8,59.2
DEL_0001492,ORD_0001492,RIDER_0043,6.39,Cloudy,Moderate,13.0,4.2,38.4,43.6
DEL_0001493,ORD_0001493,RIDER_0022,13.75,Sunny,Low,12.2,4.0,49.4,72.2
DEL_0001494,ORD_0001494,RIDER_0067,14.26,Clear,Moderate,27.3,7.3,82.4,89.3
DEL_0001495,ORD_0001495,RIDER_0136,7.3,Clear,Moderate,21.9,3.5,50.9,56.1
DEL_0001496,ORD_0001496,RIDER_0091,12.94,Clear,Low,19.5,7.5,55.3,76.3
DEL_0001497,ORD_0001497,RIDER_0052,9.43,Clear,Low,31.4,2.3,56.4,74.1
DEL_0001498,ORD_0001498,RIDER_0014,3.59,Clear,Moderate,20.8,2.9,38.3,40.2
DEL_0001499,ORD_0001499,RIDER_0147,9.66,Clear,Moderate,22.6,5.5,59.5,66.2
DEL_0001500,ORD_0001500,RIDER_0045,7.58,Cloudy,High,14.4,7.0,64.1,49.7
DEL_0001501,ORD_0001501,RIDER_0109,2.58,Clear,Low,20.5,3.5,28.4,35.8
DEL_0001502,ORD_0001502,RIDER_0033,12.37,Clear,High,20.7,2.5,82.7,75.2
DEL_0001503,ORD_0001503,RIDER_0014,3.27,Rainy,Congested,24.9,7.7,60.7,43.0
DEL_0001504,ORD_0001504,RIDER_0060,12.09,Clear,Moderate,21.4,5.5,67.8,74.8
DEL_0001505,ORD_0001505,RIDER_0080,14.27,Heavy Rain,Congested,23.6,7.2,198.4,85.7
DEL_0001506,ORD_0001506,RIDER_0132,14.54,Clear,Low,27.2,2.7,68.7,90.4
DEL_0001507,ORD_0001507,RIDER_0061,2.99,Rainy,Low,19.6,2.4,32.2,36.6
DEL_0001508,ORD_0001508,RIDER_0115,13.13,Clear,Moderate,25.2,4.5,73.8,82.7
DEL_0001509,ORD_0001509,RIDER_0013,9.36,Sunny,Moderate,21.0,2.6,54.2,63.4
DEL_0001510,ORD_0001510,RIDER_0131,10.83,Cloudy,Low,28.0,4.1,58.8,76.3
DEL_0001511,ORD_0001511,RIDER_0138,6.37,Clear,Low,20.5,2.9,34.7,51.0
DEL_0001513,ORD_0001513,RIDER_0114,11.54,Sunny,Congested,18.2,5.8,109.4,69.4
DEL_0001514,ORD_0001514,RIDER_0098,8.21,Clear,Low,29.1,4.0,55.3,66.9
DEL_0001515,ORD_0001515,RIDER_0103,14.76,Clear,Moderate,21.1,7.5,76.8,85.1
DEL_0001516,ORD_0001516,RIDER_0085,4.47,Sunny,High,27.5,2.1,50.5,50.4
DEL_0001518,ORD_0001518,RIDER_0009,14.71,Cloudy,Moderate,22.9,5.3,75.5,86.7
DEL_0001520,ORD_0001520,RIDER_0041,5.38,Heavy Rain,Congested,20.8,7.8,93.7,47.3
DEL_0001521,ORD_0001521,RIDER_0070,11.46,Clear,Moderate,25.3,4.2,63.3,76.1
DEL_0001522,ORD_0001522,RIDER_0043,4.6,Clear,High,16.3,4.2,42.9,39.7
DEL_0001523,ORD_0001523,RIDER_0027,12.77,Clear,High,29.4,2.1,97.6,85.5
DEL_0001524,ORD_0001524,RIDER_0125,1.66,Sunny,Moderate,19.2,4.0,29.8,30.8
DEL_0001525,ORD_0001525,RIDER_0078,3.31,Clear,Moderate,15.7,5.3,32.0,33.9
DEL_0001526,ORD_0001526,RIDER_0029,1.63,Clear,High,23.9,6.9,42.1,35.4
DEL_0001527,ORD_0001527,RIDER_0022,4.79,Heavy Rain,Moderate,29.2,5.4,59.0,53.4
DEL_0001528,ORD_0001528,RIDER_0078,6.77,Sunny,Moderate,16.4,7.8,42.1,48.5
DEL_0001529,ORD_0001529,RIDER_0029,9.82,Clear,High,17.5,2.5,68.7,61.8
DEL_0001530,ORD_0001530,RIDER_0147,11.98,Rainy,High,20.0,3.8,92.9,72.9
DEL_0001531,ORD_0001531,RIDER_0122,14.07,Clear,Low,31.5,5.6,73.0,92.8
DEL_0001532,ORD_0001532,RIDER_0064,2.65,Clear,Moderate,32.0,3.7,41.9,47.6
DEL_0001533,ORD_0001533,RIDER_0090,13.99,Cloudy,Moderate,17.6,7.6,71.0,78.6
DEL_0001534,ORD_0001534,RIDER_0105,3.45,Clear,Low,30.5,2.1,41.9,49.3
DEL_0001535,ORD_0001535,RIDER_0133,7.56,Rainy,Low,27.8,2.2,57.2,63.0
DEL_0001536,ORD_0001536,RIDER_0080,3.88,Clear,Congested,10.8,5.2,46.8,31.3
DEL_0001537,ORD_0001537,RIDER_0010,9.58,Clear,Low,16.3,2.5,45.1,59.6
DEL_0001538,ORD_0001538,RIDER_0145,14.6,Heavy Rain,High,13.6,5.4,130.9,77.0
DEL_0001539,ORD_0001539,RIDER_0001,5.43,Cloudy,Moderate,14.0,5.8,39.6,40.7
DEL_0001540,ORD_0001540,RIDER_0117,14.28,Rainy,Moderate,25.3,2.9,84.0,87.4
DEL_0001541,ORD_0001541,RIDER_0135,12.87,Heavy Rain,Moderate,23.7,7.2,95.6,80.2
DEL_0001542,ORD_0001542,RIDER_0071,3.93,Clear,Moderate,30.2,4.3,45.5,50.9
DEL_0001543,ORD_0001543,RIDER_0082,9.46,Clear,High,18.5,4.0,66.2,61.3
DEL_0001544,ORD_0001544,RIDER_0103,12.35,Sunny,Moderate,10.3,7.6,61.9,64.7
DEL_0001545,ORD_0001545,RIDER_0122,11.05,Foggy,Low,26.4,7.8,65.9,75.6
DEL_0001546,ORD_0001546,RIDER_0013,11.86,Cloudy,Moderate,27.0,2.3,69.8,79.4
DEL_0001547,ORD_0001547,RIDER_0065,2.31,Heavy Rain,High,10.0,6.0,32.5,24.2
DEL_0001548,ORD_0001548,RIDER_0144,7.7,Clear,High,11.6,3.6,53.2,47.4
DEL_0001549,ORD_0001549,RIDER_0093,11.06,Clear,Moderate,31.7,6.6,73.8,80.9
DEL_0001550,ORD_0001550,RIDER_0032,6.43,Sunny,Moderate,25.8,7.0,54.0,56.5
DEL_0001551,ORD_0001551,RIDER_0109,3.77,Rainy,Moderate,11.5,7.1,33.0,31.6
DEL_0001552,ORD_0001552,RIDER_0137,13.24,Sunny,High,20.0,2.6,89.0,78.0
DEL_0001553,ORD_0001553,RIDER_0043,5.46,Rainy,Moderate,15.7,3.8,36.7,42.5
DEL_0001554,ORD_0001554,RIDER_0112,2.74,Foggy,Low,16.8,7.8,32.1,32.8
DEL_0001555,ORD_0001555,RIDER_0144,7.71,Rainy,High,17.6,6.0,69.1,53.4
DEL_0001556,ORD_0001556,RIDER_0014,13.74,Sunny,Moderate,10.3,6.4,61.7,70.3
DEL_0001557,ORD_0001557,RIDER_0056,3.79,Sunny,Low,27.5,3.1,38.5,47.7
DEL_0001558,ORD_0001558,RIDER_0147,9.38,Clear,Moderate,22.7,6.6,63.9,65.2
DEL_0001559,ORD_0001559,RIDER_0056,14.3,Sunny,Low,21.6,2.9,56.4,83.8
DEL_0001560,ORD_0001560,RIDER_0053,1.62,Clear,Low,18.8,3.5,31.3,30.3
DEL_0001561,ORD_0001561,RIDER_0144,8.15,Clear,Congested,29.0,6.8,99.7,66.6
DEL_0001562,ORD_0001562,RIDER_0110,11.57,Clear,Low,14.0,4.8,48.4,65.3
DEL_0001563,ORD_0001563,RIDER_0121,12.48,Clear,Moderate,13.5,5.7,56.1,68.4
DEL_0001564,ORD_0001564,RIDER_0024,1.45,Clear,Moderate,21.3,5.7,34.1,32.1
DEL_0001565,ORD_0001565,RIDER_0013,4.05,Clear,Moderate,12.8,3.9,32.3,34.0
DEL_0001566,ORD_0001566,RIDER_0053,2.76,Clear,High,28.7,5.4,50.9,44.7
DEL_0001567,ORD_0001567,RIDER_0121,1.33,Clear,Low,18.2,7.5,29.5,28.5
DEL_0001568,ORD_0001568,RIDER_0142,2.56,Cloudy,Low,19.0,2.9,28.5,34.2
DEL_0001569,ORD_0001569,RIDER_0105,8.99,Cloudy,Low,25.8,3.2,50.8,66.8
DEL_0001570,ORD_0001570,RIDER_0141,14.58,Sunny,High,15.2,7.5,96.9,78.5
DEL_0001571,ORD_0001571,RIDER_0088,9.3,Clear,Low,12.5,4.0,40.9,54.7
DEL_0001572,ORD_0001572,RIDER_0103,4.21,Foggy,Low,22.9,7.8,44.9,44.7
DEL_0001573,ORD_0001573,RIDER_0121,12.58,Clear,Moderate,28.7,3.9,75.8,84.0
DEL_0001574,ORD_0001574,RIDER_0047,5.63,Cloudy,Moderate,19.7,4.7,42.3,47.2
DEL_0001575,ORD_0001575,RIDER_0141,1.45,Clear,Low,19.1,2.9,27.2,29.9
DEL_0001576,ORD_0001576,RIDER_0136,7.52,Heavy Rain,Moderate,12.4,4.1,53.5,47.5
DEL_0001577,ORD_0001577,RIDER_0016,13.65,Clear,High,25.0,2.4,94.0,84.6
DEL_0001578,ORD_0001578,RIDER_0072,13.47,Cloudy,High,26.1,5.4,95.7,85.0
DEL_0001579,ORD_0001579,RIDER_0101,13.61,Rainy,Low,21.5,4.9,63.5,80.9
DEL_0001580,ORD_0001580,RIDER_0132,8.17,Clear,High,15.7,3.4,59.2,53.4
DEL_0001581,ORD_0001581,RIDER_0002,4.43,Sunny,Moderate,31.6,7.1,56.9,54.3
DEL_0001582,ORD_0001582,RIDER_0080,2.7,Heavy Rain,High,22.8,7.0,49.3,38.6
DEL_0001583,ORD_0001583,RIDER_0101,13.94,Cloudy,Low,22.8,7.5,66.0,83.6
DEL_0001584,ORD_0001584,RIDER_0110,8.09,Clear,Moderate,14.9,6.0,51.2,52.3
DEL_0001585,ORD_0001585,RIDER_0079,7.85,Heavy Rain,Moderate,31.9,5.9,81.2,68.3
DEL_0001586,ORD_0001586,RIDER_0007,7.89,Sunny,Low,13.4,3.1,38.4,50.0
DEL_0001587,ORD_0001587,RIDER_0088,14.17,Clear,Moderate,26.0,3.3,77.1,87.7
DEL_0001588,ORD_0001588,RIDER_0040,9.28,Clear,Moderate,12.8,3.6,41.0,54.9
DEL_0001589,ORD_0001589,RIDER_0081,5.89,Sunny,Congested,30.1,2.9,78.4,58.7
DEL_0001590,ORD_0001590,RIDER_0101,11.62,Clear,High,30.4,5.6,94.4,81.9
DEL_0001591,ORD_0001591,RIDER_0113,2.61,Clear,High,29.9,5.2,48.5,45.3
DEL_0001592,ORD_0001592,RIDER_0066,6.23,Rainy,Low,17.3,2.8,42.3,47.2
DEL_0001593,ORD_0001593,RIDER_0080,4.36,Clear,Moderate,31.7,5.5,50.2,54.1
DEL_0001594,ORD_0001594,RIDER_0145,11.0,Foggy,High,30.9,4.5,99.0,79.9
DEL_0001595,ORD_0001595,RIDER_0006,2.62,Cloudy,Low,24.2,7.5,42.2,39.7
DEL_0001596,ORD_0001596,RIDER_0118,9.35,Rainy,High,18.4,6.4,80.4,60.8
DEL_0001597,ORD_0001597,RIDER_0041,13.71,Cloudy,Moderate,12.5,7.1,65.8,72.3
DEL_0001598,ORD_0001598,RIDER_0131,10.07,Clear,Low,20.0,2.3,50.3,65.3
DEL_0001599,ORD_0001599,RIDER_0043,13.9,Clear,Low,13.5,6.0,56.3,74.1
DEL_0001600,ORD_0001600,RIDER_0067,10.77,Clear,Moderate,13.0,7.3,52.6,61.1
DEL_0001601,ORD_0001601,RIDER_0068,3.32,Sunny,High,32.0,3.1,49.0,50.3
DEL_0001602,ORD_0001602,RIDER_0123,7.43,Rainy,Congested,11.9,7.4,85.5,46.6
DEL_0001603,ORD_0001603,RIDER_0134,12.02,Clear,Moderate,13.2,4.4,56.9,66.3
DEL_0001604,ORD_0001604,RIDER_0100,8.58,Clear,Low,25.2,7.8,50.6,64.5
DEL_0001605,ORD_0001605,RIDER_0037,9.12,Clear,Low,13.8,6.6,42.9,55.3
DEL_0001606,ORD_0001606,RIDER_0022,8.77,Clear,Low,19.7,7.6,52.4,59.8
DEL_0001607,ORD_0001607,RIDER_0094,1.74,Sunny,Moderate,30.9,4.8,41.1,42.9
DEL_0001608,ORD_0001608,RIDER_0039,6.81,Cloudy,High,11.5,2.2,49.7,43.7
DEL_0001609,ORD_0001609,RIDER_0093,11.08,Clear,Low,17.7,3.7,45.3,67.0
DEL_0001610,ORD_0001610,RIDER_0094,7.64,Sunny,High,24.4,7.2,70.4,60.0
DEL_0001611,ORD_0001611,RIDER_0066,5.91,Clear,Moderate,23.5,6.5,49.0,52.1
DEL_0001612,ORD_0001612,RIDER_0062,13.95,Foggy,High,29.1,6.7,116.5,89.9
DEL_0001613,ORD_0001613,RIDER_0002,5.56,Sunny,Moderate,27.5,3.8,47.4,54.7
DEL_0001614,ORD_0001614,RIDER_0009,1.99,Heavy Rain,Moderate,21.1,3.0,30.6,34.1
DEL_0001615,ORD_0001615,RIDER_0067,11.6,Clear,Congested,26.2,2.7,116.8,77.6
DEL_0001616,ORD_0001616,RIDER_0065,10.41,Rainy,High,24.7,6.4,91.7,71.3
DEL_0001617,ORD_0001617,RIDER_0129,1.91,Cloudy,Moderate,14.4,3.6,27.2,27.0
DEL_0001618,ORD_0001618,RIDER_0085,8.63,Clear,High,29.1,7.6,78.7,68.6
DEL_0001619,ORD_0001619,RIDER_0121,9.48,Sunny,High,18.5,3.8,64.6,61.4
DEL_0001620,ORD_0001620,RIDER_0021,7.05,Sunny,High,21.8,6.9,61.0,55.0
DEL_0001621,ORD_0001621,RIDER_0129,10.03,Sunny,Congested,21.5,7.6,103.3,66.6
DEL_0001622,ORD_0001622,RIDER_0149,6.86,Rainy,Low,17.2,5.6,44.7,49.6
DEL_0001623,ORD_0001623,RIDER_0065,13.38,Sunny,Low,13.4,3.7,52.6,71.9
DEL_0001624,ORD_0001624,RIDER_0103,10.79,Cloudy,Low,29.7,7.8,64.2,77.9
DEL_0001625,ORD_0001625,RIDER_0060,6.35,Clear,Low,24.0,3.8,43.7,54.4
DEL_0001626,ORD_0001626,RIDER_0018,6.83,Sunny,Low,20.0,7.2,46.0,52.3
DEL_0001627,ORD_0001627,RIDER_0048,13.5,Sunny,Moderate,29.9,4.5,77.2,88.9
DEL_0001628,ORD_0001628,RIDER_0111,10.84,Clear,Moderate,10.6,5.8,57.2,59.0
DEL_0001629,ORD_0001629,RIDER_0139,7.09,Clear,High,28.4,5.7,65.2,61.8
DEL_0001630,ORD_0001630,RIDER_0074,13.21,Clear,Low,11.7,3.3,51.6,69.5
DEL_0001631,ORD_0001631,RIDER_0043,11.34,Rainy,Low,19.5,4.3,55.2,69.9
DEL_0001632,ORD_0001632,RIDER_0087,7.61,Sunny,Moderate,31.6,6.3,64.1,67.0
DEL_0001633,ORD_0001633,RIDER_0113,14.21,Clear,Moderate,21.8,6.9,75.7,83.6
DEL_0001634,ORD_0001634,RIDER_0015,5.7,Clear,Low,22.8,3.3,43.9,50.6
DEL_0001635,ORD_0001635,RIDER_0141,12.3,Rainy,High,10.5,6.3,89.3,64.7
DEL_0001636,ORD_0001636,RIDER_0118,5.19,Clear,High,22.3,7.1,54.6,48.1
DEL_0001637,ORD_0001637,RIDER_0060,6.52,Cloudy,High,18.4,2.1,55.1,49.5
DEL_0001638,ORD_0001638,RIDER_0048,9.68,Clear,Moderate,16.2,5.6,53.6,59.9
DEL_0001639,ORD_0001639,RIDER_0081,12.63,Cloudy,Moderate,13.5,3.6,58.7,69.0
DEL_0001640,ORD_0001640,RIDER_0008,4.48,Heavy Rain,Moderate,29.1,4.3,56.4,52.0
DEL_0001642,ORD_0001642,RIDER_0118,14.77,Heavy Rain,High,19.5,5.7,143.3,83.6
DEL_0001643,ORD_0001643,RIDER_0146,9.52,Clear,Low,29.6,3.9,55.0,72.7
DEL_0001644,ORD_0001644,RIDER_0094,13.41,Sunny,High,30.7,6.1,100.8,89.3
DEL_0001645,ORD_0001645,RIDER_0101,2.51,Clear,Moderate,14.1,3.8,28.7,29.1
DEL_0001646,ORD_0001646,RIDER_0068,3.95,Sunny,Moderate,13.1,7.7,32.4,33.9
DEL_0001647,ORD_0001647,RIDER_0003,9.13,Foggy,High,16.4,7.0,77.8,57.9
DEL_0001648,ORD_0001648,RIDER_0091,8.97,Sunny,Low,10.6,7.6,37.4,51.5
DEL_0001649,ORD_0001649,RIDER_0142,2.38,Heavy Rain,Low,27.6,6.4,42.9,42.1
DEL_0001650,ORD_0001650,RIDER_0119,8.64,Clear,High,16.4,2.8,60.6,56.0
DEL_0001651,ORD_0001651,RIDER_0058,2.45,Sunny,High,10.8,5.7,29.5,25.6
DEL_0001652,ORD_0001652,RIDER_0093,3.76,Rainy,Low,22.7,5.5,39.0,42.7
DEL_0001654,ORD_0001654,RIDER_0024,13.27,Cloudy,Moderate,10.8,6.9,58.2,68.9
DEL_0001655,ORD_0001655,RIDER_0095,1.58,Sunny,Low,21.4,6.6,29.3,32.7
DEL_0001656,ORD_0001656,RIDER_0058,12.43,Cloudy,Low,18.7,7.0,60.6,73.4
DEL_0001657,ORD_0001657,RIDER_0008,11.53,Sunny,Low,27.0,2.4,56.0,78.1
DEL_0001658,ORD_0001658,RIDER_0102,4.54,Cloudy,Congested,15.5,6.1,57.3,38.7
DEL_0001659,ORD_0001659,RIDER_0149,12.99,Clear,Moderate,22.3,3.2,69.7,79.3
DEL_0001660,ORD_0001660,RIDER_0139,8.71,Sunny,Moderate,15.4,4.0,50.4,55.2
DEL_0001661,ORD_0001661,RIDER_0139,10.53,Sunny,Low,16.0,3.9,47.4,63.1
DEL_0001662,ORD_0001662,RIDER_0061,7.94,Sunny,Low,25.6,3.2,47.4,62.4
DEL_0001663,ORD_0001663,RIDER_0061,4.67,Clear,Low,19.3,6.8,33.7,43.0
DEL_0001664,ORD_0001664,RIDER_0044,7.21,Clear,Moderate,17.9,3.8,45.3,51.7
DEL_0001665,ORD_0001665,RIDER_0046,2.73,Clear,Moderate,18.3,2.4,27.7,34.2
DEL_0001666,ORD_0001666,RIDER_0133,3.46,Cloudy,Low,17.3,4.0,31.2,36.1
DEL_0001667,ORD_0001667,RIDER_0098,11.44,Heavy Rain,High,31.4,8.0,126.3,82.2
DEL_0001668,ORD_0001668,RIDER_0106,1.59,Clear,Low,11.9,5.6,21.5,23.3
DEL_0001669,ORD_0001669,RIDER_0134,12.08,Sunny,Moderate,12.8,2.6,59.7,66.1
DEL_0001670,ORD_0001670,RIDER_0006,3.83,Clear,High,22.6,4.4,41.1,42.9
DEL_0001671,ORD_0001671,RIDER_0005,4.94,Sunny,Low,16.0,7.2,40.0,40.8
DEL_0001672,ORD_0001672,RIDER_0086,5.35,Clear,Congested,15.6,5.7,60.3,42.0
DEL_0001673,ORD_0001673,RIDER_0091,2.97,Clear,Moderate,31.3,2.7,47.9,48.2
DEL_0001674,ORD_0001674,RIDER_0060,10.37,Rainy,Moderate,22.1,6.9,68.8,68.6
DEL_0001675,ORD_0001675,RIDER_0014,7.25,Sunny,Congested,12.3,6.1,70.2,46.3
DEL_0001676,ORD_0001676,RIDER_0024,3.56,Cloudy,Moderate,29.6,3.5,42.5,48.8
DEL_0001677,ORD_0001677,RIDER_0104,9.0,Sunny,High,11.1,2.8,60.7,52.1
DEL_0001678,ORD_0001678,RIDER_0144,13.22,Cloudy,Low,21.5,7.9,60.8,79.4
DEL_0001679,ORD_0001679,RIDER_0001,11.1,Clear,Congested,12.6,3.8,98.1,62.0
DEL_0001680,ORD_0001680,RIDER_0045,13.08,Sunny,Congested,27.9,6.0,133.1,85.2
DEL_0001681,ORD_0001681,RIDER_0118,1.97,Sunny,Congested,23.9,4.0,45.4,36.8
DEL_0001682,ORD_0001682,RIDER_0043,7.77,Foggy,Low,19.0,4.4,51.4,55.1
DEL_0001683,ORD_0001683,RIDER_0147,7.45,Clear,Moderate,28.2,5.2,62.5,63.0
DEL_0001684,ORD_0001684,RIDER_0006,1.83,Clear,Moderate,11.3,5.8,22.5,23.6
DEL_0001685,ORD_0001685,RIDER_0058,1.7,Rainy,Moderate,25.5,5.4,39.9,37.3
DEL_0001686,ORD_0001686,RIDER_0139,12.97,Heavy Rain,Low,19.0,2.4,69.4,75.9
DEL_0001687,ORD_0001687,RIDER_0114,7.01,Clear,Moderate,12.0,5.6,41.6,45.0
DEL_0001688,ORD_0001688,RIDER_0034,2.03,Clear,Moderate,23.5,7.9,39.2,36.6
DEL_0001689,ORD_0001689,RIDER_0089,14.16,Clear,Moderate,15.3,5.7,68.1,76.9
DEL_0001690,ORD_0001690,RIDER_0023,8.2,Clear,Low,20.2,6.5,46.6,58.0
DEL_0001691,ORD_0001691,RIDER_0054,11.04,Cloudy,High,14.6,2.8,71.0,63.8
DEL_0001692,ORD_0001692,RIDER_0060,3.1,Cloudy,High,14.8,6.0,37.0,32.2
DEL_0001693,ORD_0001693,RIDER_0150,3.14,Clear,High,10.7,6.5,34.6,28.3
DEL_0001695,ORD_0001695,RIDER_0135,11.44,Cloudy,Low,30.9,5.4,64.6,81.7
DEL_0001696,ORD_0001696,RIDER_0037,6.2,Cloudy,Moderate,14.9,5.7,41.6,44.7
DEL_0001697,ORD_0001697,RIDER_0051,7.03,Sunny,High,15.8,7.8,55.6,48.9
DEL_0001698,ORD_0001698,RIDER_0133,10.42,Clear,Low,15.2,2.6,43.3,61.9
DEL_0001699,ORD_0001699,RIDER_0021,2.94,Clear,High,29.3,6.4,46.9,46.1
DEL_0001700,ORD_0001700,RIDER_0077,9.05,Sunny,Low,22.3,4.2,48.6,63.5
DEL_0001701,ORD_0001701,RIDER_0038,6.38,Clear,Low,22.5,4.4,45.1,53.0
DEL_0001702,ORD_0001702,RIDER_0074,3.93,Sunny,Low,26.4,4.5,39.2,47.1
DEL_0001703,ORD_0001703,RIDER_0056,1.93,Cloudy,Low,24.6,6.4,41.4,37.3
DEL_0001704,ORD_0001704,RIDER_0053,3.51,Cloudy,Low,21.1,3.6,31.5,40.1
DEL_0001705,ORD_0001705,RIDER_0078,8.26,Clear,Congested,10.5,4.7,81.2,48.5
DEL_0001706,ORD_0001706,RIDER_0051,8.19,Sunny,High,16.1,4.9,61.3,53.9
DEL_0001707,ORD_0001707,RIDER_0144,1.4,Clear,Moderate,15.4,3.6,20.7,26.0
DEL_0001708,ORD_0001708,RIDER_0139,11.65,Rainy,High,27.3,7.7,104.8,78.9
DEL_0001709,ORD_0001709,RIDER_0089,8.72,Clear,High,16.7,4.7,67.6,56.6
DEL_0001710,ORD_0001710,RIDER_0131,9.62,Sunny,Low,26.4,2.3,54.4,69.9
DEL_0001711,ORD_0001711,RIDER_0068,5.26,Rainy,Low,21.6,5.6,43.2,47.6
DEL_0001712,ORD_0001712,RIDER_0134,1.81,Clear,Low,23.7,4.3,33.6,35.9
DEL_0001713,ORD_0001713,RIDER_0071,7.05,Rainy,Low,26.3,2.5,50.9,59.5
DEL_0001714,ORD_0001714,RIDER_0081,8.7,Clear,Moderate,30.4,2.4,62.6,70.2
DEL_0001715,ORD_0001715,RIDER_0034,6.86,Cloudy,High,12.2,3.3,48.2,44.6
DEL_0001716,ORD_0001716,RIDER_0076,12.84,Clear,Moderate,30.0,5.4,82.0,86.4
DEL_0001717,ORD_0001717,RIDER_0096,13.13,Clear,High,24.8,6.4,92.9,82.3
DEL_0001718,ORD_0001718,RIDER_0124,8.49,Sunny,High,13.2,7.1,60.1,52.2
DEL_0001719,ORD_0001719,RIDER_0057,12.25,Clear,Low,22.7,3.0,58.5,76.7
DEL_0001720,ORD_0001720,RIDER_0121,6.14,Sunny,Low,25.8,3.5,47.1,55.4
DEL_0001721,ORD_0001721,RIDER_0009,13.67,Foggy,Moderate,28.3,7.7,87.0,88.0
DEL_0001722,ORD_0001722,RIDER_0032,12.94,Cloudy,High,29.2,5.7,100.8,86.0
DEL_0001723,ORD_0001723,RIDER_0127,11.0,Clear,Moderate,13.3,2.7,51.9,62.3
DEL_0001724,ORD_0001724,RIDER_0006,10.77,Sunny,High,18.9,5.3,81.6,67.0
DEL_0001725,ORD_0001725,RIDER_0032,11.89,Cloudy,High,29.6,6.6,95.6,82.2
DEL_0001726,ORD_0001726,RIDER_0066,12.14,Sunny,Low,19.3,4.0,57.8,72.9
DEL_0001727,ORD_0001727,RIDER_0117,5.83,Clear,High,25.1,5.8,62.0,53.4
DEL_0001728,ORD_0001728,RIDER_0092,13.85,Foggy,Moderate,19.5,3.9,76.5,79.9
DEL_0001729,ORD_0001729,RIDER_0022,12.17,Clear,Low,30.6,7.8,65.8,84.3
DEL_0001730,ORD_0001730,RIDER_0082,13.53,Clear,High,25.1,2.8,95.6,84.2
DEL_0001731,ORD_0001731,RIDER_0139,7.12,Cloudy,Low,21.5,3.6,47.7,55.0
DEL_0001732,ORD_0001732,RIDER_0032,6.23,Clear,Moderate,20.8,6.1,45.8,50.7
DEL_0001733,ORD_0001733,RIDER_0038,3.21,Clear,Low,13.3,7.0,27.8,31.1
DEL_0001734,ORD_0001734,RIDER_0116,2.67,Heavy Rain,Low,27.0,2.0,39.7,42.7
DEL_0001735,ORD_0001735,RIDER_0005,9.53,Rainy,Low,24.6,3.5,58.9,67.7
DEL_0001736,ORD_0001736,RIDER_0020,12.92,Rainy,Moderate,27.4,5.1,86.0,84.1
DEL_0001737,ORD_0001737,RIDER_0140,10.57,Clear,Moderate,12.1,2.7,51.3,59.4
DEL_0001738,ORD_0001738,RIDER_0021,2.68,Clear,Low,25.0,4.3,35.4,40.7
DEL_0001739,ORD_0001739,RIDER_0056,6.12,Sunny,Congested,27.1,7.2,81.9,56.6
DEL_0001740,ORD_0001740,RIDER_0076,2.94,Clear,Low,11.5,4.8,21.7,28.3
DEL_0001741,ORD_0001741,RIDER_0135,8.15,Sunny,Low,15.8,4.4,35.5,53.4
DEL_0001742,ORD_0001742,RIDER_0129,2.27,Cloudy,Low,20.4,3.2,31.5,34.5
DEL_0001743,ORD_0001743,RIDER_0027,11.77,Cloudy,Low,12.1,5.9,45.3,64.2
DEL_0001744,ORD_0001744,RIDER_0021,13.74,Clear,Moderate,29.1,4.3,79.5,89.1
DEL_0001746,ORD_0001746,RIDER_0058,5.3,Sunny,Low,25.7,6.2,41.8,51.9
DEL_0001747,ORD_0001747,RIDER_0132,1.93,Cloudy,High,29.4,2.7,40.5,42.1
DEL_0001748,ORD_0001748,RIDER_0150,14.16,Clear,Low,13.7,3.4,51.9,75.3
DEL_0001749,ORD_0001749,RIDER_0056,8.76,Clear,High,28.9,3.5,74.5,68.9
DEL_0001750,ORD_0001750,RIDER_0036,12.83,Sunny,Low,29.0,3.1,64.6,85.3
DEL_0001751,ORD_0001751,RIDER_0138,7.74,Cloudy,Moderate,12.9,3.6,43.1,48.9
DEL_0001752,ORD_0001752,RIDER_0146,10.21,Clear,Moderate,24.5,4.4,59.7,70.3
DEL_0001754,ORD_0001754,RIDER_0143,7.64,Cloudy,High,25.6,7.6,72.6,61.2
DEL_0001755,ORD_0001755,RIDER_0090,11.24,Rainy,High,25.6,5.4,97.1,75.6
DEL_0001756,ORD_0001756,RIDER_0101,9.04,Clear,Low,19.4,5.0,48.0,60.6
DEL_0001757,ORD_0001757,RIDER_0023,4.69,Sunny,Moderate,14.8,6.9,31.4,38.6
DEL_0001758,ORD_0001758,RIDER_0004,12.75,Clear,Congested,10.7,2.4,106.6,66.7
DEL_0001759,ORD_0001759,RIDER_0128,11.51,Clear,Moderate,10.3,2.0,49.7,61.3
DEL_0001760,ORD_0001760,RIDER_0005,12.61,Foggy,Moderate,22.6,2.5,68.5,78.0
DEL_0001761,ORD_0001761,RIDER_0098,10.26,Clear,Moderate,10.8,6.1,54.4,56.8
DEL_0001762,ORD_0001762,RIDER_0093,2.61,Rainy,High,18.0,6.1,42.5,33.4
DEL_0001763,ORD_0001763,RIDER_0086,10.42,Clear,Congested,24.9,3.2,107.7,71.6
DEL_0001764,ORD_0001764,RIDER_0142,13.0,Cloudy,Moderate,11.4,7.6,58.6,68.4
DEL_0001765,ORD_0001765,RIDER_0076,14.1,Rainy,Congested,19.0,3.6,145.5,80.4
DEL_0001766,ORD_0001766,RIDER_0090,6.55,Rainy,Low,17.4,4.7,41.4,48.6
DEL_0001767,ORD_0001767,RIDER_0021,6.01,Sunny,High,16.1,4.7,50.8,45.1
DEL_0001768,ORD_0001768,RIDER_0135,6.62,Rainy,Moderate,15.7,7.3,51.2,47.2
DEL_0001769,ORD_0001769,RIDER_0002,4.32,Clear,Moderate,18.2,4.4,38.5,40.5
DEL_0001770,ORD_0001770,RIDER_0008,4.21,Clear,Congested,29.3,2.5,67.1,51.1
DEL_0001771,ORD_0001771,RIDER_0008,2.61,Rainy,Congested,19.0,5.1,49.0,34.4
DEL_0001772,ORD_0001772,RIDER_0110,10.61,Foggy,Congested,18.7,4.6,114.9,66.1
DEL_0001773,ORD_0001773,RIDER_0122,2.72,Sunny,Moderate,25.6,6.5,40.2,41.5
DEL_0001774,ORD_0001774,RIDER_0029,5.66,Clear,Congested,15.8,7.3,70.0,43.4
DEL_0001775,ORD_0001775,RIDER_0065,13.3,Clear,High,15.9,7.7,88.4,74.1
DEL_0001776,ORD_0001776,RIDER_0047,1.63,Cloudy,Low,18.9,5.2,27.9,30.4
DEL_0001777,ORD_0001777,RIDER_0047,13.21,Clear,Low,14.8,2.7,51.6,72.6
DEL_0001778,ORD_0001778,RIDER_0064,6.79,Sunny,Low,30.2,5.0,54.7,62.4
DEL_0001779,ORD_0001779,RIDER_0094,13.26,Rainy,Moderate,20.9,7.8,76.5,78.9
DEL_0001781,ORD_0001781,RIDER_0123,8.19,Sunny,Low,29.1,5.3,55.7,66.9
DEL_0001782,ORD_0001782,RIDER_0129,14.1,Foggy,High,22.1,6.0,109.3,83.5
DEL_0001783,ORD_0001783,RIDER_0119,7.13,Rainy,High,13.4,5.7,61.3,46.9
DEL_0001784,ORD_0001784,RIDER_0103,3.86,Clear,Moderate,29.6,7.5,48.7,50.0
DEL_0001785,ORD_0001785,RIDER_0113,9.94,Clear,Low,27.7,7.0,60.8,72.5
DEL_0001786,ORD_0001786,RIDER_0143,1.26,Clear,Low,24.6,5.2,29.4,34.6
DEL_0001787,ORD_0001787,RIDER_0146,13.58,Clear,Congested,16.5,3.7,116.8,75.8
DEL_0001788,ORD_0001788,RIDER_0135,4.88,Cloudy,Moderate,17.2,5.2,40.4,41.7
DEL_0001789,ORD_0001789,RIDER_0034,6.03,Heavy Rain,Moderate,14.1,4.2,46.9,43.2
DEL_0001790,ORD_0001790,RIDER_0063,13.94,Clear,Moderate,26.0,7.0,76.4,86.8
DEL_0001791,ORD_0001791,RIDER_0004,8.17,Clear,High,29.5,7.1,77.2,67.2
DEL_0001792,ORD_0001792,RIDER_0093,11.86,Sunny,Moderate,30.6,4.2,71.4,83.0
DEL_0001793,ORD_0001793,RIDER_0115,11.75,Clear,Moderate,19.9,5.0,61.7,71.9
DEL_0001794,ORD_0001794,RIDER_0064,9.31,Sunny,Low,11.4,3.7,38.5,53.6
DEL_0001795,ORD_0001795,RIDER_0119,13.74,Rainy,Low,19.4,3.2,59.0,79.4
DEL_0001796,ORD_0001796,RIDER_0008,11.76,Clear,Low,26.2,2.1,56.0,78.2
DEL_0001797,ORD_0001797,RIDER_0102,3.88,Clear,Low,18.1,2.7,29.1,38.6
DEL_0001798,ORD_0001798,RIDER_0091,9.67,Clear,Congested,30.3,6.8,108.2,74.0
DEL_0001799,ORD_0001799,RIDER_0144,6.04,Clear,Congested,26.4,2.5,70.0,55.6
DEL_0001800,ORD_0001800,RIDER_0144,11.62,Clear,Moderate,20.0,3.4,62.1,71.5
DEL_0001801,ORD_0001801,RIDER_0108,8.32,Heavy Rain,Congested,31.6,5.3,132.6,69.9
DEL_0001802,ORD_0001802,RIDER_0045,3.4,Clear,Low,25.6,6.1,39.8,44.2
DEL_0001803,ORD_0001803,RIDER_0011,13.57,Cloudy,High,22.0,5.8,89.7,81.3
DEL_0001804,ORD_0001804,RIDER_0116,6.7,Cloudy,Low,28.6,2.8,47.4,60.4
DEL_0001805,ORD_0001805,RIDER_0072,11.1,Clear,Moderate,10.7,4.8,48.5,60.1
DEL_0001806,ORD_0001806,RIDER_0133,10.49,Sunny,Moderate,28.8,3.6,65.8,75.8
DEL_0001808,ORD_0001808,RIDER_0143,12.15,Clear,Congested,18.5,4.5,116.2,72.1
DEL_0001809,ORD_0001809,RIDER_0148,4.5,Cloudy,Moderate,29.4,2.8,45.0,52.4
DEL_0001810,ORD_0001810,RIDER_0014,10.39,Clear,High,20.8,3.8,78.5,67.4
DEL_0001811,ORD_0001811,RIDER_0084,6.44,Rainy,High,24.9,4.7,63.8,55.7
DEL_0001812,ORD_0001812,RIDER_0087,12.76,Clear,High,26.5,5.9,98.9,82.5
DEL_0001813,ORD_0001813,RIDER_0010,6.79,Clear,Moderate,14.2,3.5,40.3,46.4
DEL_0001815,ORD_0001815,RIDER_0061,5.51,Rainy,Low,22.0,5.8,49.5,49.0
DEL_0001816,ORD_0001816,RIDER_0048,10.33,Cloudy,Low,16.1,3.2,44.7,62.4
DEL_0001817,ORD_0001817,RIDER_0126,1.72,Clear,Moderate,21.6,4.1,34.4,33.5
DEL_0001818,ORD_0001818,RIDER_0090,9.64,Clear,Moderate,16.4,3.9,50.3,60.0
DEL_0001819,ORD_0001819,RIDER_0032,1.75,Clear,Moderate,13.4,7.3,28.1,25.4
DEL_0001820,ORD_0001820,RIDER_0115,14.34,Clear,Low,11.8,2.8,52.4,74.2
DEL_0001821,ORD_0001821,RIDER_0012,4.21,Clear,High,31.3,4.0,60.6,53.1
DEL_0001822,ORD_0001822,RIDER_0062,9.76,Sunny,Low,20.0,3.9,48.9,64.0
DEL_0001823,ORD_0001823,RIDER_0011,9.08,Clear,Congested,27.0,7.8,105.5,68.3
DEL_0001824,ORD_0001824,RIDER_0049,12.13,Cloudy,Congested,10.4,7.2,110.1,63.9
DEL_0001825,ORD_0001825,RIDER_0085,12.32,Rainy,Moderate,14.1,7.2,69.1,68.4
DEL_0001826,ORD_0001826,RIDER_0085,9.0,Clear,Low,11.5,6.6,38.9,52.5
DEL_0001827,ORD_0001827,RIDER_0057,5.07,Cloudy,High,14.9,4.5,44.8,40.2
DEL_0001828,ORD_0001828,RIDER_0001,12.35,Rainy,Low,27.0,3.6,66.6,81.4
DEL_0001829,ORD_0001829,RIDER_0029,5.84,Cloudy,High,22.1,6.1,59.1,50.5
DEL_0001830,ORD_0001830,RIDER_0098,2.67,Clear,Moderate,10.8,5.6,20.6,26.5
DEL_0001831,ORD_0001831,RIDER_0018,10.52,Cloudy,Congested,23.0,6.6,106.0,70.1
DEL_0001832,ORD_0001832,RIDER_0066,1.79,Clear,Moderate,23.8,7.6,35.4,36.0
DEL_0001833,ORD_0001833,RIDER_0120,10.23,Rainy,Congested,29.0,2.0,121.2,74.9
DEL_0001834,ORD_0001834,RIDER_0116,9.1,Rainy,Moderate,26.7,7.9,71.9,68.1
DEL_0001835,ORD_0001835,RIDER_0057,12.6,Sunny,Low,16.1,5.4,53.4,71.5
DEL_0001836,ORD_0001836,RIDER_0136,5.89,Rainy,Moderate,25.2,4.8,52.2,53.8
DEL_0001837,ORD_0001837,RIDER_0026,8.86,Clear,Moderate,26.2,7.5,63.0,66.6
DEL_0001838,ORD_0001838,RIDER_0029,12.32,Clear,High,28.0,7.1,97.3,82.3
DEL_0001839,ORD_0001839,RIDER_0073,11.84,Sunny,High,11.1,4.1,70.7,63.5
DEL_0001840,ORD_0001840,RIDER_0029,11.09,Clear,High,31.6,5.0,93.9,81.0
DEL_0001841,ORD_0001841,RIDER_0056,4.4,Clear,Moderate,20.3,2.7,35.1,42.9
DEL_0001842,ORD_0001842,RIDER_0039,12.21,Clear,Low,19.2,5.5,58.7,73.0
DEL_0001843,ORD_0001843,RIDER_0123,4.15,Clear,Low,12.9,6.8,29.6,34.5
DEL_0001844,ORD_0001844,RIDER_0130,2.75,Sunny,Moderate,28.8,5.5,40.7,44.8
DEL_0001845,ORD_0001845,RIDER_0036,4.21,Clear,Moderate,19.5,7.4,42.8,41.3
DEL_0001846,ORD_0001846,RIDER_0081,14.33,Cloudy,Moderate,20.6,7.1,75.6,82.9
DEL_0001847,ORD_0001847,RIDER_0082,5.96,Sunny,Moderate,11.5,4.0,32.4,40.3
DEL_0001848,ORD_0001848,RIDER_0096,9.95,Foggy,Moderate,23.5,3.2,69.7,68.3
DEL_0001849,ORD_0001849,RIDER_0138,5.61,Clear,Moderate,15.0,7.5,40.0,42.4
DEL_0001850,ORD_0001850,RIDER_0090,12.64,Clear,High,10.0,7.1,78.7,65.6
DEL_0001851,ORD_0001851,RIDER_0055,11.57,Rainy,Moderate,18.1,7.8,70.0,69.4
DEL_0001852,ORD_0001852,RIDER_0077,6.22,Clear,Moderate,31.5,4.5,59.5,61.4
DEL_0001853,ORD_0001853,RIDER_0042,13.6,Heavy Rain,High,17.5,3.5,122.6,76.9
DEL_0001854,ORD_0001854,RIDER_0059,6.43,Rainy,Congested,27.6,7.6,94.5,58.3
DEL_0001855,ORD_0001855,RIDER_0148,2.67,Clear,Low,15.7,6.6,30.3,31.4
DEL_0001856,ORD_0001856,RIDER_0011,5.79,Clear,High,21.6,7.7,59.0,49.8
DEL_0001857,ORD_0001857,RIDER_0036,5.83,Heavy Rain,High,11.5,7.4,62.1,39.8
DEL_0001858,ORD_0001858,RIDER_0145,10.77,Clear,Congested,23.0,3.0,101.9,71.1
DEL_0001859,ORD_0001859,RIDER_0075,5.07,Cloudy,Low,21.3,4.2,36.6,46.6
DEL_0001860,ORD_0001860,RIDER_0031,12.36,Clear,High,29.6,2.9,89.2,84.0
DEL_0001861,ORD_0001861,RIDER_0134,6.68,Sunny,Moderate,25.2,2.9,52.1,56.9
DEL_0001862,ORD_0001862,RIDER_0148,14.75,Heavy Rain,Low,13.3,2.7,76.9,77.3
DEL_0001863,ORD_0001863,RIDER_0056,6.09,Rainy,Moderate,13.8,7.8,44.7,43.2
DEL_0001864,ORD_0001864,RIDER_0102,14.02,Sunny,Moderate,15.3,6.7,71.8,76.4
DEL_0001865,ORD_0001865,RIDER_0122,1.6,Cloudy,Moderate,26.1,5.9,34.9,37.5
DEL_0001866,ORD_0001866,RIDER_0078,14.41,Cloudy,High,21.0,7.2,97.5,83.6
DEL_0001867,ORD_0001867,RIDER_0006,12.52,Cloudy,High,18.1,2.4,81.4,73.2
DEL_0001868,ORD_0001868,RIDER_0111,5.14,Clear,Moderate,24.7,5.2,42.8,50.3
DEL_0001869,ORD_0001869,RIDER_0149,5.54,Clear,High,12.3,5.3,46.1,39.5
DEL_0001870,ORD_0001870,RIDER_0141,8.22,Sunny,Congested,30.2,3.6,92.6,68.1
DEL_0001871,ORD_0001871,RIDER_0134,9.39,Sunny,Low,11.8,4.6,38.5,54.4
DEL_0001872,ORD_0001872,RIDER_0002,14.57,Foggy,Low,20.5,2.0,64.6,83.8
DEL_0001873,ORD_0001873,RIDER_0051,7.4,Sunny,Moderate,19.1,6.6,50.8,53.7
DEL_0001874,ORD_0001874,RIDER_0072,3.42,Clear,Low,12.2,6.9,33.5,30.9
DEL_0001875,ORD_0001875,RIDER_0029,1.55,Clear,Low,12.4,3.4,23.4,23.6
DEL_0001876,ORD_0001876,RIDER_0065,7.88,Sunny,High,13.1,3.4,51.5,49.6
DEL_0001877,ORD_0001877,RIDER_0051,4.14,Rainy,Low,21.4,4.6,42.0,43.0
DEL_0001878,ORD_0001878,RIDER_0082,14.18,Clear,Congested,19.7,3.9,126.6,81.4
DEL_0001879,ORD_0001879,RIDER_0023,9.45,Heavy Rain,Low,31.7,7.4,78.4,74.5
DEL_0001880,ORD_0001880,RIDER_0007,4.39,Heavy Rain,Low,27.6,3.5,47.9,50.2
DEL_0001881,ORD_0001881,RIDER_0078,10.81,Clear,Low,11.0,5.1,44.0,59.2
DEL_0001882,ORD_0001882,RIDER_0054,14.29,Clear,High,24.6,3.5,99.4,86.8
DEL_0001883,ORD_0001883,RIDER_0006,12.67,Clear,Low,16.4,3.2,51.5,72.1
DEL_0001884,ORD_0001884,RIDER_0033,9.32,Clear,High,31.9,4.8,85.7,74.2
DEL_0001885,ORD_0001885,RIDER_0150,7.96,Sunny,Congested,20.0,4.5,83.7,56.8
DEL_0001886,ORD_0001886,RIDER_0058,7.41,Sunny,Low,16.1,4.9,34.0,50.7
DEL_0001887,ORD_0001887,RIDER_0058,2.74,Sunny,Moderate,21.0,7.8,35.5,37.0
DEL_0001888,ORD_0001888,RIDER_0146,11.63,Sunny,Low,24.6,6.3,56.3,76.1
DEL_0001889,ORD_0001889,RIDER_0081,1.62,Clear,Moderate,28.6,7.4,48.3,40.1
DEL_0001890,ORD_0001890,RIDER_0092,10.98,Cloudy,High,15.9,7.6,78.8,64.8
DEL_0001891,ORD_0001891,RIDER_0117,10.7,Sunny,Moderate,31.4,5.5,75.1,79.2
DEL_0001892,ORD_0001892,RIDER_0036,13.79,Clear,High,16.8,6.6,89.8,77.0
DEL_0001893,ORD_0001893,RIDER_0138,13.34,Clear,Congested,10.5,6.2,115.8,68.9
DEL_0001894,ORD_0001894,RIDER_0016,8.86,Clear,Low,27.7,7.9,60.2,68.1
DEL_0001895,ORD_0001895,RIDER_0058,7.5,Clear,Congested,24.5,6.6,84.2,59.5
DEL_0001896,ORD_0001896,RIDER_0132,12.12,Clear,High,26.3,7.6,93.1,79.8
DEL_0001897,ORD_0001897,RIDER_0016,8.16,Cloudy,Low,13.0,2.5,35.7,50.6
DEL_0001898,ORD_0001898,RIDER_0063,4.49,Cloudy,Low,26.0,2.9,42.5,49.0
DEL_0001899,ORD_0001899,RIDER_0053,2.19,Clear,Low,11.5,5.6,23.1,25.3
DEL_0001900,ORD_0001900,RIDER_0053,11.86,Clear,Low,11.7,6.0,47.1,64.1
DEL_0001901,ORD_0001901,RIDER_0094,8.82,Cloudy,Low,19.3,2.7,38.6,59.6
DEL_0001902,ORD_0001902,RIDER_0106,8.46,Rainy,Low,14.6,6.6,49.5,53.4
DEL_0001903,ORD_0001903,RIDER_0070,9.1,Rainy,Low,10.7,6.8,45.8,52.1
DEL_0001904,ORD_0001904,RIDER_0087,13.79,Sunny,Low,20.9,6.0,63.1,81.1
DEL_0001905,ORD_0001905,RIDER_0034,3.66,Cloudy,High,20.8,3.5,43.0,40.4
DEL_0001906,ORD_0001906,RIDER_0013,1.32,Sunny,High,30.3,4.3,39.2,40.6
DEL_0001907,ORD_0001907,RIDER_0128,9.27,Cloudy,High,22.4,7.4,78.6,64.5
DEL_0001908,ORD_0001908,RIDER_0120,12.89,Clear,Congested,26.1,5.6,125.7,82.7
DEL_0001909,ORD_0001909,RIDER_0037,7.57,Clear,Moderate,30.9,4.2,64.4,66.2
DEL_0001910,ORD_0001910,RIDER_0096,10.03,Clear,Moderate,25.2,5.5,62.4,70.3
DEL_0001911,ORD_0001911,RIDER_0092,10.53,Clear,Low,28.7,5.5,60.3,75.8
DEL_0001912,ORD_0001912,RIDER_0117,13.11,Clear,Moderate,26.0,5.0,77.3,83.4
DEL_0001913,ORD_0001913,RIDER_0059,12.76,Heavy Rain,Moderate,10.5,3.3,81.7,66.5
DEL_0001914,ORD_0001914,RIDER_0008,14.51,Clear,Congested,17.4,4.2,129.9,80.4
DEL_0001915,ORD_0001915,RIDER_0090,13.95,Cloudy,High,21.7,5.6,101.2,82.5
DEL_0001916,ORD_0001916,RIDER_0035,11.81,Rainy,Moderate,27.5,3.1,77.9,79.7
DEL_0001917,ORD_0001917,RIDER_0050,10.93,Sunny,Low,19.2,6.5,54.8,67.9
DEL_0001918,ORD_0001918,RIDER_0018,3.83,Sunny,Low,31.9,5.1,50.9,52.2
DEL_0001919,ORD_0001919,RIDER_0029,6.04,Clear,High,14.3,5.3,50.4,43.5
DEL_0001920,ORD_0001920,RIDER_0059,14.56,Sunny,Congested,29.6,3.7,146.1,92.8
DEL_0001921,ORD_0001921,RIDER_0007,3.23,Sunny,Low,23.4,4.8,37.8,41.3
DEL_0001922,ORD_0001922,RIDER_0089,4.54,Foggy,High,22.5,6.6,58.6,45.7
DEL_0001923,ORD_0001923,RIDER_0119,2.76,Clear,Moderate,10.7,3.0,28.7,26.7
DEL_0001924,ORD_0001924,RIDER_0032,13.89,Clear,High,22.0,5.0,97.0,82.6
DEL_0001925,ORD_0001925,RIDER_0087,11.44,Clear,Low,23.6,7.5,60.5,74.4
DEL_0001926,ORD_0001926,RIDER_0074,1.74,Cloudy,High,24.3,3.6,38.3,36.3
DEL_0001927,ORD_0001927,RIDER_0067,13.84,Sunny,Moderate,22.6,3.7,67.8,83.0
DEL_0001928,ORD_0001928,RIDER_0108,8.15,Rainy,High,29.8,7.7,87.8,67.4
DEL_0001929,ORD_0001929,RIDER_0110,14.11,Sunny,Moderate,24.4,4.7,74.5,85.8
DEL_0001930,ORD_0001930,RIDER_0092,8.29,Clear,High,31.6,7.9,79.5,69.8
DEL_0001931,ORD_0001931,RIDER_0131,6.28,Cloudy,Low,19.5,6.2,37.8,49.6
DEL_0001932,ORD_0001932,RIDER_0128,3.12,Clear,Moderate,14.1,2.4,24.7,31.6
DEL_0001933,ORD_0001933,RIDER_0030,4.38,Cloudy,Low,27.1,4.3,45.5,49.6
DEL_0001934,ORD_0001934,RIDER_0069,12.37,Foggy,High,18.9,5.9,97.7,73.4
DEL_0001935,ORD_0001935,RIDER_0008,12.1,Clear,Low,16.0,4.3,52.7,69.4
DEL_0001936,ORD_0001936,RIDER_0125,13.33,Clear,Low,19.6,6.0,55.1,77.9
DEL_0001937,ORD_0001937,RIDER_0112,13.1,Rainy,High,25.6,6.8,111.5,83.0
DEL_0001938,ORD_0001938,RIDER_0075,11.05,Clear,Low,20.8,4.2,49.1,70.0
DEL_0001939,ORD_0001939,RIDER_0121,6.89,Cloudy,High,13.8,5.8,56.6,46.4
DEL_0001940,ORD_0001940,RIDER_0055,10.2,Clear,High,30.9,3.6,88.5,76.7
DEL_0001941,ORD_0001941,RIDER_0076,6.88,Sunny,Low,11.9,2.6,30.1,44.4
DEL_0001942,ORD_0001942,RIDER_0096,10.99,Clear,High,20.6,4.4,76.2,69.6
DEL_0001943,ORD_0001943,RIDER_0112,5.68,Clear,Low,20.8,2.4,34.6,48.5
DEL_0001944,ORD_0001944,RIDER_0077,3.13,Clear,Moderate,25.4,4.2,38.7,42.9
DEL_0001945,ORD_0001945,RIDER_0135,11.88,Clear,Low,27.6,2.8,54.6,80.1
DEL_0001946,ORD_0001946,RIDER_0062,13.4,Clear,Low,29.1,3.6,69.4,87.7
DEL_0001947,ORD_0001947,RIDER_0092,8.95,Clear,Moderate,14.2,5.7,51.9,55.0
DEL_0001948,ORD_0001948,RIDER_0052,7.41,Heavy Rain,Moderate,17.2,7.8,62.1,51.8
DEL_0001949,ORD_0001949,RIDER_0148,10.86,Cloudy,High,15.5,4.8,73.3,63.9
DEL_0001950,ORD_0001950,RIDER_0111,4.79,Clear,High,23.9,4.5,52.1,48.1
DEL_0001951,ORD_0001951,RIDER_0111,12.9,Rainy,Moderate,23.0,3.1,72.7,79.6
DEL_0001952,ORD_0001952,RIDER_0081,12.58,Clear,Congested,20.0,2.6,117.4,75.3
DEL_0001953,ORD_0001953,RIDER_0070,10.57,Clear,Moderate,17.4,4.4,55.8,64.7
DEL_0001954,ORD_0001954,RIDER_0062,2.44,Clear,Low,24.2,3.9,32.8,39.0
DEL_0001955,ORD_0001955,RIDER_0016,13.22,Sunny,Low,30.9,2.3,66.2,88.8
DEL_0001957,ORD_0001957,RIDER_0045,10.42,Cloudy,Moderate,30.4,6.5,68.1,77.1
DEL_0001958,ORD_0001958,RIDER_0114,7.67,Clear,Low,22.3,2.6,44.3,58.0
DEL_0001959,ORD_0001959,RIDER_0064,4.15,Cloudy,Moderate,12.8,3.6,29.4,34.4
DEL_0001960,ORD_0001960,RIDER_0112,7.63,Rainy,Moderate,23.5,7.3,60.9,59.0
DEL_0001961,ORD_0001961,RIDER_0018,9.4,Sunny,Low,19.9,2.7,45.0,62.5
DEL_0001962,ORD_0001962,RIDER_0022,6.93,Cloudy,Congested,10.7,7.6,69.4,43.4
DEL_0001963,ORD_0001963,RIDER_0049,4.62,Clear,Low,15.5,6.9,33.9,39.0
DEL_0001964,ORD_0001964,RIDER_0015,9.76,Clear,High,19.7,6.3,71.6,63.7
DEL_0001965,ORD_0001965,RIDER_0140,10.29,Clear,Moderate,14.8,5.2,53.8,61.0
DEL_0001966,ORD_0001966,RIDER_0132,9.98,Sunny,Moderate,17.3,4.4,55.5,62.2
DEL_0001967,ORD_0001967,RIDER_0108,4.19,Cloudy,High,17.8,6.7,45.6,39.6
DEL_0001968,ORD_0001968,RIDER_0081,3.97,Foggy,Moderate,28.0,5.1,46.1,48.9
DEL_0001969,ORD_0001969,RIDER_0093,6.75,Cloudy,Low,27.3,5.8,50.7,59.3
DEL_0001970,ORD_0001970,RIDER_0133,9.87,Clear,High,14.0,7.3,65.0,58.5
DEL_0001971,ORD_0001971,RIDER_0051,9.92,Clear,Low,11.0,2.4,39.8,55.7
DEL_0001972,ORD_0001972,RIDER_0040,9.23,Clear,Low,27.1,4.2,56.5,69.0
DEL_0001973,ORD_0001973,RIDER_0146,13.41,Sunny,Low,27.7,6.1,65.1,86.3
DEL_0001974,ORD_0001974,RIDER_0128,7.43,Sunny,Low,31.5,5.0,51.1,66.2
DEL_0001976,ORD_0001976,RIDER_0086,3.45,Sunny,Moderate,18.4,6.5,36.1,37.2
DEL_0001977,ORD_0001977,RIDER_0078,13.74,Rainy,Moderate,13.6,7.8,75.0,73.6
DEL_0001978,ORD_0001978,RIDER_0107,2.63,Clear,High,16.6,6.4,34.2,32.1
DEL_0001979,ORD_0001979,RIDER_0099,10.66,Heavy Rain,Congested,23.6,3.0,153.0,71.2
DEL_0001980,ORD_0001980,RIDER_0022,14.22,Sunny,High,27.6,3.4,101.5,89.5
DEL_0001981,ORD_0001981,RIDER_0140,8.6,Clear,Moderate,14.2,4.8,43.8,53.6
DEL_0001982,ORD_0001982,RIDER_0142,2.44,Cloudy,Low,30.5,2.2,36.5,45.3
DEL_0001984,ORD_0001984,RIDER_0012,4.52,Sunny,Congested,20.6,2.2,55.0,43.7
DEL_0001985,ORD_0001985,RIDER_0002,10.59,Cloudy,High,26.5,2.5,77.0,73.9
DEL_0001986,ORD_0001986,RIDER_0131,2.75,Rainy,Low,25.8,3.8,38.9,41.8
DEL_0001987,ORD_0001987,RIDER_0116,3.01,Clear,Congested,29.9,7.1,62.9,46.9
DEL_0001988,ORD_0001988,RIDER_0073,9.92,Clear,Low,12.5,6.0,44.4,57.2
DEL_0001989,ORD_0001989,RIDER_0048,6.43,Clear,High,10.9,3.0,46.3,41.6
DEL_0001990,ORD_0001990,RIDER_0043,7.92,Clear,High,11.8,4.7,57.2,48.5
DEL_0001991,ORD_0001991,RIDER_0106,14.16,Clear,Low,17.3,5.0,60.7,78.9
DEL_0001992,ORD_0001992,RIDER_0124,4.04,Rainy,Moderate,24.8,4.2,41.9,46.0
DEL_0001993,ORD_0001993,RIDER_0001,4.73,Clear,Moderate,19.1,4.9,43.8,43.0
DEL_0001994,ORD_0001994,RIDER_0007,6.54,Cloudy,High,17.5,5.1,57.0,48.7
DEL_0001995,ORD_0001995,RIDER_0063,8.66,Sunny,Low,25.2,7.4,55.9,64.8
DEL_0001996,ORD_0001996,RIDER_0011,1.6,Clear,Moderate,11.4,6.0,24.5,22.8
DEL_0001997,ORD_0001997,RIDER_0118,10.29,Clear,High,27.9,4.6,81.2,74.1
DEL_0001998,ORD_0001998,RIDER_0015,11.24,Sunny,High,16.6,6.1,80.1,66.6
DEL_0001999,ORD_0001999,RIDER_0026,12.36,Clear,Moderate,27.5,4.4,68.1,81.9
DEL_0002000,ORD_0002000,RIDER_0124,8.93,Cloudy,High,16.7,2.5,65.9,57.4
DEL_0002001,ORD_0002001,RIDER_0059,7.35,Rainy,Moderate,24.5,3.9,57.7,58.9
DEL_0002002,ORD_0002002,RIDER_0093,7.98,Foggy,Congested,23.6,7.3,102.6,60.5
DEL_0002003,ORD_0002003,RIDER_0042,1.61,Rainy,Moderate,21.1,6.0,34.6,32.5
DEL_0002004,ORD_0002004,RIDER_0101,2.98,Clear,Low,26.1,4.5,41.3,43.0
DEL_0002005,ORD_0002005,RIDER_0061,13.37,Heavy Rain,Moderate,11.2,2.6,80.7,69.7
DEL_0002006,ORD_0002006,RIDER_0066,3.61,Rainy,Low,13.8,7.2,32.5,33.2
DEL_0002007,ORD_0002007,RIDER_0071,6.15,Cloudy,Moderate,30.0,5.9,55.7,59.6
DEL_0002008,ORD_0002008,RIDER_0123,3.47,Rainy,Moderate,21.7,3.8,41.0,40.6
DEL_0002009,ORD_0002009,RIDER_0070,9.93,Clear,Low,18.5,3.1,44.0,63.2
DEL_0002010,ORD_0002010,RIDER_0093,12.82,Clear,Low,12.6,4.2,47.2,68.9
DEL_0002011,ORD_0002011,RIDER_0061,5.82,Sunny,High,13.8,3.9,47.1,42.1
DEL_0002012,ORD_0002012,RIDER_0123,9.9,Rainy,Low,13.7,3.2,47.0,58.3
DEL_0002013,ORD_0002013,RIDER_0108,6.49,Cloudy,Low,29.0,5.8,51.2,60.0
DEL_0002014,ORD_0002014,RIDER_0133,9.33,Cloudy,Low,17.4,4.5,47.9,59.7
DEL_0002015,ORD_0002015,RIDER_0021,1.8,Rainy,Moderate,14.1,7.9,32.0,26.3
DEL_0002016,ORD_0002016,RIDER_0068,8.65,Clear,Low,20.2,4.4,51.2,59.8
DEL_0002017,ORD_0002017,RIDER_0009,10.0,Clear,Low,15.9,3.5,47.2,60.9
DEL_0002018,ORD_0002018,RIDER_0149,3.51,Cloudy,Congested,26.3,6.3,59.2,45.3
DEL_0002020,ORD_0002020,RIDER_0011,9.18,Sunny,High,21.8,3.9,68.4,63.5
DEL_0002021,ORD_0002021,RIDER_0007,8.42,Cloudy,Moderate,23.6,7.8,59.1,62.3
DEL_0002022,ORD_0002022,RIDER_0005,5.64,Clear,Low,11.3,5.0,30.6,38.9
DEL_0002023,ORD_0002023,RIDER_0135,13.12,Clear,Low,22.8,2.4,55.4,80.3
DEL_0002024,ORD_0002024,RIDER_0085,12.39,Cloudy,Moderate,25.0,4.2,74.1,79.6
DEL_0002025,ORD_0002025,RIDER_0040,2.23,Clear,Low,28.0,5.3,38.2,41.9
DEL_0002026,ORD_0002026,RIDER_0041,9.21,Sunny,Low,16.0,6.1,47.8,57.8
DEL_0002027,ORD_0002027,RIDER_0145,1.92,Clear,Moderate,21.4,3.6,30.6,34.1
DEL_0002028,ORD_0002028,RIDER_0107,11.26,Sunny,High,28.4,5.3,90.3,78.4
DEL_0002029,ORD_0002029,RIDER_0086,9.56,Clear,Low,25.9,6.5,57.2,69.1
DEL_0002030,ORD_0002030,RIDER_0049,3.16,Clear,High,17.7,5.6,39.2,35.3
DEL_0002031,ORD_0002031,RIDER_0099,14.7,Clear,High,27.7,3.4,102.2,91.5
DEL_0002032,ORD_0002032,RIDER_0014,10.41,Sunny,Congested,11.9,4.8,94.7,58.5
DEL_0002033,ORD_0002033,RIDER_0128,11.85,Sunny,High,17.5,7.7,82.8,69.9
DEL_0002034,ORD_0002034,RIDER_0052,11.69,Cloudy,Moderate,11.1,4.3,56.0,62.9
DEL_0002035,ORD_0002035,RIDER_0050,3.76,Heavy Rain,Low,18.0,6.5,45.1,38.0
DEL_0002036,ORD_0002036,RIDER_0004,7.18,Cloudy,Low,32.0,6.5,59.3,65.7
DEL_0002037,ORD_0002037,RIDER_0066,7.36,Rainy,High,20.0,2.3,64.9,54.4
DEL_0002038,ORD_0002038,RIDER_0130,7.37,Cloudy,Low,22.0,5.2,45.2,56.5
DEL_0002039,ORD_0002039,RIDER_0077,6.07,Clear,High,17.3,5.5,53.1,46.6
DEL_0002040,ORD_0002040,RIDER_0083,4.44,Sunny,Low,11.6,4.2,23.0,34.4
DEL_0002041,ORD_0002041,RIDER_0094,4.68,Rainy,Moderate,21.0,4.8,40.4,44.7
DEL_0002042,ORD_0002042,RIDER_0059,7.87,Cloudy,Congested,29.9,6.5,95.7,66.4
DEL_0002043,ORD_0002043,RIDER_0009,4.48,Cloudy,Moderate,24.8,2.6,45.3,47.7
DEL_0002044,ORD_0002044,RIDER_0090,5.6,Clear,Low,24.2,6.3,46.6,51.6
DEL_0002045,ORD_0002045,RIDER_0126,5.8,Clear,High,11.1,7.4,43.0,39.3
DEL_0002046,ORD_0002046,RIDER_0107,14.61,Rainy,Congested,22.4,4.5,159.5,85.8
DEL_0002047,ORD_0002047,RIDER_0106,12.95,Clear,Low,17.4,7.9,58.4,74.2
DEL_0002048,ORD_0002048,RIDER_0033,14.1,Sunny,Moderate,22.5,7.1,78.4,83.9
DEL_0002049,ORD_0002049,RIDER_0124,11.45,Sunny,Moderate,19.0,3.2,55.2,69.8
DEL_0002050,ORD_0002050,RIDER_0047,11.56,Rainy,High,19.3,2.8,87.6,70.5
DEL_0002051,ORD_0002051,RIDER_0029,6.51,Foggy,Moderate,12.0,7.0,45.7,43.0
DEL_0002052,ORD_0002052,RIDER_0004,3.76,Clear,Low,26.2,4.9,39.1,46.2
DEL_0002053,ORD_0002053,RIDER_0001,13.17,Rainy,Moderate,14.8,6.5,72.5,72.5
DEL_0002054,ORD_0002054,RIDER_0033,11.9,Rainy,Low,22.2,6.1,63.4,74.8
DEL_0002055,ORD_0002055,RIDER_0036,8.85,Clear,High,24.6,2.4,74.2,65.0
DEL_0002056,ORD_0002056,RIDER_0101,6.44,Clear,Moderate,30.6,3.8,58.1,61.4
DEL_0002057,ORD_0002057,RIDER_0132,5.77,Clear,Congested,20.8,2.3,68.1,48.9
DEL_0002058,ORD_0002058,RIDER_0028,3.31,Clear,High,28.6,4.7,53.1,46.8
DEL_0002059,ORD_0002059,RIDER_0064,6.22,Sunny,Moderate,20.0,2.4,41.8,49.9
DEL_0002060,ORD_0002060,RIDER_0041,14.2,Clear,Moderate,13.7,2.0,58.9,75.5
DEL_0002061,ORD_0002061,RIDER_0148,4.55,Cloudy,Moderate,17.7,4.5,35.7,40.9
DEL_0002062,ORD_0002062,RIDER_0007,8.85,Sunny,Low,27.1,3.1,54.8,67.5
DEL_0002063,ORD_0002063,RIDER_0102,11.02,Clear,High,28.6,4.1,85.5,77.7
DEL_0002064,ORD_0002064,RIDER_0103,8.21,Clear,Low,25.3,7.8,57.3,63.1
DEL_0002065,ORD_0002065,RIDER_0149,2.38,Sunny,Low,18.4,5.4,28.9,32.9
DEL_0002066,ORD_0002066,RIDER_0141,2.56,Clear,Low,30.1,5.7,43.8,45.3
DEL_0002067,ORD_0002067,RIDER_0052,4.24,Cloudy,Moderate,31.7,4.3,50.0,53.7
DEL_0002068,ORD_0002068,RIDER_0126,12.61,Rainy,High,20.8,2.2,97.2,76.2
DEL_0002069,ORD_0002069,RIDER_0070,13.36,Cloudy,Moderate,31.3,6.3,84.4,89.7
DEL_0002071,ORD_0002071,RIDER_0081,11.91,Cloudy,Low,10.6,7.5,44.8,63.2
DEL_0002072,ORD_0002072,RIDER_0073,12.69,Cloudy,Low,22.6,7.8,56.4,78.4
DEL_0002073,ORD_0002073,RIDER_0097,2.12,Clear,Low,31.1,4.1,43.1,44.6
DEL_0002074,ORD_0002074,RIDER_0023,10.12,Clear,Low,16.6,6.5,51.0,62.1
DEL_0002075,ORD_0002075,RIDER_0115,1.69,Cloudy,Moderate,13.1,5.3,23.1,24.9
DEL_0002076,ORD_0002076,RIDER_0148,13.39,Rainy,High,27.2,7.0,109.3,85.8
DEL_0002077,ORD_0002077,RIDER_0074,10.3,Cloudy,Low,12.2,3.2,41.4,58.4
DEL_0002078,ORD_0002078,RIDER_0047,11.43,Clear,Low,10.1,2.7,45.2,60.8
DEL_0002079,ORD_0002079,RIDER_0131,1.97,Clear,Moderate,28.5,5.0,33.9,41.4
DEL_0002080,ORD_0002080,RIDER_0136,5.55,Clear,Low,21.1,6.5,37.4,48.3
DEL_0002081,ORD_0002081,RIDER_0126,7.76,Sunny,Moderate,15.9,5.6,46.6,51.9
DEL_0002082,ORD_0002082,RIDER_0094,10.64,Clear,Low,17.8,3.1,46.2,65.4
DEL_0002083,ORD_0002083,RIDER_0083,11.0,Cloudy,Congested,22.6,2.3,109.7,71.6
DEL_0002084,ORD_0002084,RIDER_0060,12.96,Clear,High,16.3,4.5,87.6,73.1
DEL_0002085,ORD_0002085,RIDER_0058,7.1,Cloudy,Low,20.7,5.1,41.8,54.1
DEL_0002086,ORD_0002086,RIDER_0093,4.99,Clear,Low,11.7,7.2,32.2,36.7
DEL_0002087,ORD_0002087,RIDER_0043,14.74,Cloudy,High,20.2,4.3,96.1,84.2
DEL_0002089,ORD_0002089,RIDER_0144,11.43,Cloudy,Moderate,12.1,7.9,58.6,62.8
DEL_0002090,ORD_0002090,RIDER_0001,3.72,Clear,Moderate,29.1,2.6,45.3,49.0
DEL_0002091,ORD_0002091,RIDER_0082,13.41,Rainy,High,11.9,6.6,99.1,70.5
DEL_0002092,ORD_0002092,RIDER_0049,10.28,Rainy,Low,31.6,5.5,67.9,77.7
DEL_0002093,ORD_0002093,RIDER_0112,2.46,Clear,High,18.1,5.1,37.0,32.9
DEL_0002094,ORD_0002094,RIDER_0148,12.77,Sunny,Moderate,23.2,5.9,74.4,79.3
DEL_0002095,ORD_0002095,RIDER_0142,6.47,Clear,Moderate,18.7,7.4,47.2,49.6
DEL_0002096,ORD_0002096,RIDER_0021,7.09,Foggy,Moderate,24.3,3.3,55.4,57.7
DEL_0002097,ORD_0002097,RIDER_0100,4.39,Clear,Low,26.5,2.9,39.7,49.1
DEL_0002098,ORD_0002098,RIDER_0039,13.37,Clear,High,12.3,2.0,85.9,70.8
DEL_0002099,ORD_0002099,RIDER_0016,12.98,Rainy,Low,23.0,5.8,63.8,79.9
DEL_0002100,ORD_0002100,RIDER_0080,2.19,Clear,Low,20.8,5.3,32.8,34.6
DEL_0002101,ORD_0002101,RIDER_0015,13.59,Clear,High,27.0,5.4,98.0,86.4
DEL_0002102,ORD_0002102,RIDER_0133,1.53,Clear,Moderate,31.8,5.8,46.1,42.9
DEL_0002103,ORD_0002103,RIDER_0032,11.59,Clear,High,17.0,3.5,79.0,68.4
DEL_0002104,ORD_0002104,RIDER_0019,11.89,Clear,Moderate,28.9,6.1,73.2,81.5
DEL_0002105,ORD_0002105,RIDER_0043,14.32,Rainy,Moderate,20.5,3.4,79.6,82.8
DEL_0002106,ORD_0002106,RIDER_0125,9.36,Rainy,Moderate,15.3,3.4,53.4,57.7
DEL_0002107,ORD_0002107,RIDER_0054,9.14,Clear,Congested,22.4,4.1,93.4,64.0
DEL_0002108,ORD_0002108,RIDER_0132,12.25,Clear,Low,28.3,7.6,66.3,82.3
DEL_0002109,ORD_0002109,RIDER_0120,3.52,Clear,Low,15.6,3.5,26.3,34.7
DEL_0002110,ORD_0002110,RIDER_0008,10.86,Clear,High,29.6,6.1,89.2,78.0
DEL_0002112,ORD_0002112,RIDER_0112,9.28,Sunny,Low,28.5,2.8,49.6,70.6
DEL_0002113,ORD_0002113,RIDER_0036,9.46,Cloudy,Moderate,19.7,2.8,56.3,62.5
DEL_0002114,ORD_0002114,RIDER_0039,12.55,Sunny,Low,15.4,4.3,49.8,70.6
DEL_0002115,ORD_0002115,RIDER_0062,6.19,Cloudy,High,18.7,5.1,52.5,48.5
DEL_0002116,ORD_0002116,RIDER_0126,7.39,Clear,High,14.4,7.2,58.0,49.0
DEL_0002117,ORD_0002117,RIDER_0107,8.46,Sunny,High,27.4,7.9,76.1,66.2
DEL_0002118,ORD_0002118,RIDER_0006,7.59,Rainy,Moderate,29.9,6.4,68.5,65.3
DEL_0002119,ORD_0002119,RIDER_0055,7.64,Cloudy,Low,12.3,6.1,35.9,47.9
DEL_0002120,ORD_0002120,RIDER_0026,5.56,Sunny,Low,15.4,6.6,33.4,42.6
DEL_0002121,ORD_0002121,RIDER_0116,14.0,Clear,High,25.3,5.3,106.6,86.3
DEL_0002122,ORD_0002122,RIDER_0131,13.6,Clear,Moderate,24.8,2.4,75.2,84.2
DEL_0002123,ORD_0002123,RIDER_0086,3.83,Cloudy,Low,27.5,3.3,41.7,47.8
DEL_0002124,ORD_0002124,RIDER_0025,11.4,Clear,Low,26.2,2.2,55.9,76.8
DEL_0002125,ORD_0002125,RIDER_0125,9.15,Sunny,Low,26.1,5.0,57.3,67.7
DEL_0002126,ORD_0002126,RIDER_0030,7.73,Clear,Moderate,23.9,7.3,54.5,59.8
DEL_0002127,ORD_0002127,RIDER_0063,13.57,Rainy,High,17.1,7.8,104.7,76.4
DEL_0002128,ORD_0002128,RIDER_0031,5.6,Cloudy,Low,24.0,4.9,41.5,51.4
DEL_0002129,ORD_0002129,RIDER_0012,2.84,Rainy,High,18.7,5.0,38.7,35.1
DEL_0002130,ORD_0002130,RIDER_0027,7.05,Cloudy,Low,19.0,6.8,45.7,52.2
DEL_0002131,ORD_0002131,RIDER_0076,8.16,Sunny,Moderate,25.8,4.8,61.1,63.4
DEL_0002132,ORD_0002132,RIDER_0080,4.91,Sunny,High,11.2,3.7,43.2,35.8
DEL_0002133,ORD_0002133,RIDER_0082,1.65,Rainy,Low,11.4,3.5,18.2,23.0
DEL_0002134,ORD_0002134,RIDER_0111,7.17,Clear,Low,24.4,3.9,41.4,58.1
DEL_0002135,ORD_0002135,RIDER_0058,14.05,Sunny,Moderate,11.6,5.3,66.9,72.8
DEL_0002136,ORD_0002136,RIDER_0058,11.75,Clear,Moderate,30.6,5.9,75.9,82.6
DEL_0002137,ORD_0002137,RIDER_0008,1.35,Cloudy,High,31.6,2.1,41.9,42.0
DEL_0002138,ORD_0002138,RIDER_0150,9.21,Cloudy,High,17.0,4.4,67.1,58.8
DEL_0002139,ORD_0002139,RIDER_0023,12.08,Heavy Rain,Congested,19.8,7.7,169.8,73.1
DEL_0002140,ORD_0002140,RIDER_0065,8.41,Clear,Low,31.9,4.5,58.9,70.5
DEL_0002141,ORD_0002141,RIDER_0097,5.55,Heavy Rain,Congested,19.5,4.0,88.3,46.7
DEL_0002142,ORD_0002142,RIDER_0070,10.6,Clear,Moderate,11.6,5.4,53.5,59.0
DEL_0002143,ORD_0002143,RIDER_0103,2.7,Cloudy,Moderate,10.2,2.1,22.6,26.0
DEL_0002144,ORD_0002144,RIDER_0069,3.82,Clear,Congested,17.5,2.2,46.6,37.8
DEL_0002145,ORD_0002145,RIDER_0088,11.0,Cloudy,High,23.0,2.2,80.7,72.0
DEL_0002146,ORD_0002146,RIDER_0036,3.39,Heavy Rain,Low,19.5,4.7,38.3,38.1
DEL_0002147,ORD_0002147,RIDER_0089,8.32,Clear,Moderate,11.1,6.9,45.4,49.4
DEL_0002148,ORD_0002148,RIDER_0045,1.26,Sunny,Low,14.9,6.3,27.3,24.9
DEL_0002149,ORD_0002149,RIDER_0108,6.02,Rainy,High,23.9,3.3,61.9,53.0
DEL_0002150,ORD_0002150,RIDER_0075,6.61,Clear,High,13.2,6.3,55.7,44.6
DEL_0002151,ORD_0002151,RIDER_0006,14.75,Foggy,Congested,31.5,5.3,165.0,95.5
DEL_0002152,ORD_0002152,RIDER_0093,4.62,Sunny,Moderate,26.4,6.1,48.0,49.9
DEL_0002153,ORD_0002153,RIDER_0072,10.38,Sunny,Moderate,22.4,7.6,65.7,68.9
DEL_0002154,ORD_0002154,RIDER_0118,10.56,Clear,Moderate,15.2,6.8,58.3,62.4
DEL_0002155,ORD_0002155,RIDER_0089,9.83,Sunny,Moderate,26.5,7.7,70.4,70.8
DEL_0002156,ORD_0002156,RIDER_0108,8.87,Clear,High,12.9,4.3,67.0,53.4
DEL_0002157,ORD_0002157,RIDER_0073,9.65,Clear,Low,30.9,6.4,63.6,74.5
DEL_0002158,ORD_0002158,RIDER_0035,10.89,Clear,Moderate,11.4,2.0,51.9,60.0
DEL_0002159,ORD_0002159,RIDER_0121,11.89,Cloudy,Moderate,14.1,7.6,62.6,66.7
DEL_0002160,ORD_0002160,RIDER_0047,7.4,Clear,Moderate,11.1,8.0,43.2,45.7
DEL_0002161,ORD_0002161,RIDER_0059,3.78,Clear,High,25.7,5.2,46.9,45.8
DEL_0002162,ORD_0002162,RIDER_0085,11.7,Clear,Moderate,27.4,3.9,69.5,79.2
DEL_0002163,ORD_0002163,RIDER_0046,5.83,Clear,Moderate,13.3,7.8,39.5,41.6
DEL_0002164,ORD_0002164,RIDER_0116,10.24,Clear,Congested,22.5,6.7,108.3,68.5
DEL_0002165,ORD_0002165,RIDER_0075,14.5,Sunny,High,11.4,6.3,88.8,74.4
DEL_0002166,ORD_0002166,RIDER_0109,6.65,Clear,High,22.8,7.3,65.7,54.4
DEL_0002167,ORD_0002167,RIDER_0123,9.73,Clear,Congested,13.0,2.3,88.0,56.9
DEL_0002168,ORD_0002168,RIDER_0015,3.68,Clear,Moderate,22.9,2.6,36.5,42.6
DEL_0002169,ORD_0002169,RIDER_0004,1.31,Cloudy,Moderate,17.8,6.2,30.0,28.0
DEL_0002170,ORD_0002170,RIDER_0109,10.77,Clear,Low,21.4,7.1,54.3,69.5
DEL_0002171,ORD_0002171,RIDER_0056,4.0,Heavy Rain,High,30.8,4.8,64.7,51.8
DEL_0002172,ORD_0002172,RIDER_0086,12.82,Clear,Low,11.5,3.8,44.0,67.8
DEL_0002173,ORD_0002173,RIDER_0047,1.61,Cloudy,Moderate,24.5,5.5,40.1,35.9
DEL_0002174,ORD_0002174,RIDER_0070,3.26,Rainy,High,12.0,2.7,34.9,30.0
DEL_0002175,ORD_0002175,RIDER_0013,3.29,Cloudy,Low,31.8,7.5,46.6,50.0
DEL_0002176,ORD_0002176,RIDER_0003,14.39,Cloudy,Moderate,24.5,3.1,76.6,87.1
DEL_0002177,ORD_0002177,RIDER_0019,10.45,Clear,High,24.1,5.6,79.9,70.9
DEL_0002178,ORD_0002178,RIDER_0010,5.53,Sunny,High,18.7,8.0,51.3,45.8
DEL_0002179,ORD_0002179,RIDER_0014,10.43,Clear,Moderate,21.2,7.2,67.6,67.9
DEL_0002180,ORD_0002180,RIDER_0064,6.85,Heavy Rain,Moderate,23.8,3.0,60.9,56.2
DEL_0002181,ORD_0002181,RIDER_0086,5.26,Sunny,Moderate,10.8,2.5,32.2,36.8
DEL_0002182,ORD_0002182,RIDER_0033,4.56,Cloudy,High,14.7,2.8,43.3,37.9
DEL_0002183,ORD_0002183,RIDER_0064,11.51,Rainy,Low,17.9,4.9,55.2,68.9
DEL_0002184,ORD_0002184,RIDER_0106,7.63,Cloudy,High,17.4,5.6,57.3,52.9
DEL_0002185,ORD_0002185,RIDER_0007,3.85,Cloudy,Low,13.3,6.7,28.8,33.7
DEL_0002186,ORD_0002186,RIDER_0027,11.08,Clear,High,23.2,4.5,79.8,72.5
DEL_0002187,ORD_0002187,RIDER_0083,7.39,Clear,Moderate,12.3,2.1,47.9,46.9
DEL_0002188,ORD_0002188,RIDER_0104,12.34,Heavy Rain,Moderate,26.4,4.0,91.7,80.8
DEL_0002189,ORD_0002189,RIDER_0126,4.65,Clear,Moderate,19.8,6.9,41.4,43.4
DEL_0002190,ORD_0002190,RIDER_0057,5.28,Clear,Low,22.6,7.8,37.4,48.7
DEL_0002191,ORD_0002191,RIDER_0020,1.21,Clear,Moderate,22.1,5.8,32.2,31.9
DEL_0002192,ORD_0002192,RIDER_0107,9.69,Rainy,High,19.4,5.6,89.4,63.2
DEL_0002193,ORD_0002193,RIDER_0005,8.44,Cloudy,High,12.5,5.3,58.0,51.3
DEL_0002194,ORD_0002194,RIDER_0090,7.33,Clear,High,25.0,4.1,66.5,59.3
DEL_0002195,ORD_0002195,RIDER_0065,4.79,Cloudy,High,18.6,7.5,50.2,42.8
DEL_0002196,ORD_0002196,RIDER_0130,8.21,Clear,Low,27.9,6.7,58.3,65.7
DEL_0002197,ORD_0002197,RIDER_0096,9.26,Cloudy,Congested,14.9,6.4,91.0,56.9
DEL_0002198,ORD_0002198,RIDER_0141,5.07,Clear,Moderate,22.6,3.7,42.5,47.9
DEL_0002199,ORD_0002199,RIDER_0049,4.39,Heavy Rain,High,27.0,6.6,66.5,49.6
DEL_0002200,ORD_0002200,RIDER_0041,3.73,Cloudy,High,30.2,5.2,55.5,50.1
DEL_0002201,ORD_0002201,RIDER_0038,14.59,Sunny,High,15.4,5.5,92.1,78.8
DEL_0002202,ORD_0002202,RIDER_0146,10.14,Foggy,High,17.2,4.0,81.2,62.8
DEL_0002203,ORD_0002203,RIDER_0103,14.05,Rainy,Moderate,31.4,6.4,92.7,92.6
DEL_0002204,ORD_0002204,RIDER_0133,5.9,Clear,Low,23.7,6.0,44.0,52.3
DEL_0002205,ORD_0002205,RIDER_0142,3.44,Rainy,Low,12.0,7.3,30.5,30.8
DEL_0002206,ORD_0002206,RIDER_0001,3.86,Clear,Moderate,20.5,4.6,33.2,40.9
DEL_0002207,ORD_0002207,RIDER_0090,12.05,Rainy,Moderate,19.1,3.1,70.0,72.3
DEL_0002208,ORD_0002208,RIDER_0134,4.25,Sunny,High,27.0,2.7,47.9,49.0
DEL_0002209,ORD_0002209,RIDER_0136,8.42,Clear,Moderate,25.0,5.0,60.7,63.7
DEL_0002210,ORD_0002210,RIDER_0106,13.91,Sunny,High,30.5,5.4,105.1,91.1
DEL_0002211,ORD_0002211,RIDER_0034,14.49,Clear,Low,25.1,6.8,64.7,88.1
DEL_0002212,ORD_0002212,RIDER_0039,5.86,Sunny,High,27.3,5.8,61.7,55.7
DEL_0002213,ORD_0002213,RIDER_0078,4.53,Clear,Low,24.8,4.6,40.2,47.9
DEL_0002214,ORD_0002214,RIDER_0012,1.76,Rainy,Low,16.6,7.7,28.4,28.6
DEL_0002215,ORD_0002215,RIDER_0010,5.42,Cloudy,Moderate,17.3,5.9,40.9,44.0
DEL_0002216,ORD_0002216,RIDER_0144,6.69,Sunny,High,16.7,4.0,49.3,48.5
DEL_0002217,ORD_0002217,RIDER_0017,13.05,Cloudy,Moderate,24.2,7.2,71.3,81.4
DEL_0002218,ORD_0002218,RIDER_0067,4.08,Rainy,Moderate,10.4,6.2,29.5,31.7
DEL_0002219,ORD_0002219,RIDER_0081,5.3,Cloudy,Low,26.3,2.3,36.6,52.5
DEL_0002220,ORD_0002220,RIDER_0105,13.59,Clear,Congested,15.1,5.8,119.9,74.5
DEL_0002221,ORD_0002221,RIDER_0026,4.63,Clear,Moderate,31.9,4.2,51.7,55.4
DEL_0002222,ORD_0002222,RIDER_0045,11.9,Heavy Rain,Moderate,30.4,6.8,99.7,83.0
DEL_0002223,ORD_0002223,RIDER_0060,2.42,Clear,Moderate,30.5,2.2,40.3,45.2
DEL_0002224,ORD_0002224,RIDER_0111,5.06,Clear,Moderate,26.3,2.9,48.5,51.5
DEL_0002225,ORD_0002225,RIDER_0119,1.81,Sunny,Moderate,19.4,2.1,28.7,31.6
DEL_0002227,ORD_0002227,RIDER_0049,3.8,Clear,Low,18.5,5.3,37.0,38.7
DEL_0002228,ORD_0002228,RIDER_0089,12.66,Sunny,Low,30.5,7.2,74.1,86.1
DEL_0002229,ORD_0002229,RIDER_0135,10.68,Clear,Moderate,13.3,3.1,50.7,61.0
DEL_0002230,ORD_0002230,RIDER_0039,7.59,Sunny,Moderate,29.3,2.8,61.0,64.7
DEL_0002231,ORD_0002231,RIDER_0130,12.89,Sunny,High,26.8,5.2,92.8,83.4
DEL_0002232,ORD_0002232,RIDER_0126,9.87,Sunny,Congested,28.2,6.5,110.0,72.7
DEL_0002233,ORD_0002233,RIDER_0085,6.7,Clear,Moderate,21.0,6.6,50.9,52.8
DEL_0002234,ORD_0002234,RIDER_0004,4.51,Clear,Low,25.0,3.3,39.8,48.0
DEL_0002235,ORD_0002235,RIDER_0132,2.63,Clear,High,10.2,3.5,27.4,25.7
DEL_0002236,ORD_0002236,RIDER_0050,2.7,Clear,High,29.7,5.4,49.3,45.5
DEL_0002237,ORD_0002237,RIDER_0097,1.37,Clear,Low,25.7,4.1,33.1,36.2
DEL_0002238,ORD_0002238,RIDER_0027,14.71,Clear,Congested,19.4,5.8,136.2,83.2
DEL_0002239,ORD_0002239,RIDER_0149,13.76,Clear,Low,23.5,5.1,71.9,83.5
DEL_0002240,ORD_0002240,RIDER_0013,4.12,Sunny,High,22.3,6.9,51.9,43.8
DEL_0002241,ORD_0002241,RIDER_0135,2.33,Clear,Low,10.4,5.7,17.0,24.7
DEL_0002242,ORD_0002242,RIDER_0011,1.3,Clear,High,16.3,3.7,22.8,26.5
DEL_0002243,ORD_0002243,RIDER_0017,3.49,Clear,Low,17.3,3.0,25.2,36.3
DEL_0002244,ORD_0002244,RIDER_0064,10.5,Rainy,Moderate,27.0,4.2,69.7,74.0
DEL_0002245,ORD_0002245,RIDER_0140,1.98,Rainy,High,22.6,6.4,40.3,35.5
DEL_0002246,ORD_0002246,RIDER_0094,5.01,Rainy,Moderate,21.9,4.2,48.4,46.9
DEL_0002247,ORD_0002247,RIDER_0030,11.94,Clear,High,27.5,6.6,97.7,80.3
DEL_0002248,ORD_0002248,RIDER_0068,2.77,Clear,High,12.0,5.7,31.3,28.1
DEL_0002249,ORD_0002249,RIDER_0045,1.94,Sunny,Low,18.5,3.7,27.2,31.3
DEL_0002250,ORD_0002250,RIDER_0049,1.31,Sunny,Moderate,12.7,6.8,21.4,22.9
DEL_0002251,ORD_0002251,RIDER_0019,13.39,Clear,High,26.7,4.0,98.2,85.3
DEL_0002252,ORD_0002252,RIDER_0095,7.62,Clear,Low,15.8,3.4,33.8,51.3
DEL_0002253,ORD_0002253,RIDER_0026,6.6,Clear,Moderate,13.7,5.5,43.5,45.1
DEL_0002254,ORD_0002254,RIDER_0022,5.78,Clear,Moderate,29.0,5.7,53.5,57.1
DEL_0002255,ORD_0002255,RIDER_0032,8.37,Heavy Rain,Moderate,25.5,7.1,71.0,64.0
DEL_0002256,ORD_0002256,RIDER_0067,11.04,Clear,Moderate,27.7,3.9,67.7,76.9
DEL_0002257,ORD_0002257,RIDER_0068,9.0,Heavy Rain,Moderate,18.9,3.9,70.8,59.9
DEL_0002258,ORD_0002258,RIDER_0024,6.69,Rainy,High,18.5,3.2,59.8,50.3
DEL_0002259,ORD_0002259,RIDER_0134,7.39,Clear,Moderate,17.0,5.5,44.1,51.6
DEL_0002260,ORD_0002260,RIDER_0082,12.84,Cloudy,Moderate,25.6,7.2,79.3,82.0
DEL_0002261,ORD_0002261,RIDER_0078,12.57,Clear,Congested,17.0,3.7,112.9,72.3
DEL_0002262,ORD_0002262,RIDER_0076,11.3,Cloudy,Moderate,21.2,4.4,64.9,71.4
DEL_0002263,ORD_0002263,RIDER_0039,5.0,Cloudy,Low,13.2,7.1,30.2,38.2
DEL_0002264,ORD_0002264,RIDER_0081,7.05,Cloudy,Moderate,16.3,2.6,42.5,49.5
DEL_0002265,ORD_0002265,RIDER_0027,14.07,Sunny,High,11.0,4.9,82.0,72.3
DEL_0002266,ORD_0002266,RIDER_0028,9.82,Heavy Rain,Moderate,20.7,7.0,80.1,65.0
DEL_0002267,ORD_0002267,RIDER_0064,11.52,Sunny,Low,19.4,6.6,58.2,70.5
DEL_0002268,ORD_0002268,RIDER_0022,8.25,Sunny,Moderate,25.3,3.6,61.5,63.3
DEL_0002269,ORD_0002269,RIDER_0124,3.28,Clear,Low,26.1,4.3,36.1,44.2
DEL_0002270,ORD_0002270,RIDER_0110,2.43,Clear,Low,27.9,6.3,40.2,42.6
DEL_0002271,ORD_0002271,RIDER_0007,14.49,Foggy,High,11.2,5.0,102.7,74.2
DEL_0002272,ORD_0002272,RIDER_0054,14.2,Clear,Low,21.0,4.1,64.6,82.8
DEL_0002273,ORD_0002273,RIDER_0032,3.58,Sunny,Low,31.2,2.6,42.5,50.5
DEL_0002274,ORD_0002274,RIDER_0066,13.55,Clear,Congested,25.9,2.1,131.1,85.1
DEL_0002276,ORD_0002276,RIDER_0141,7.92,Rainy,Moderate,14.9,3.8,47.9,51.6
DEL_0002277,ORD_0002277,RIDER_0033,3.22,Clear,Low,24.5,5.8,38.5,42.4
DEL_0002278,ORD_0002278,RIDER_0074,3.52,Clear,Moderate,14.0,7.1,34.5,33.1
DEL_0002279,ORD_0002279,RIDER_0122,14.0,Cloudy,High,16.7,5.5,93.1,77.7
DEL_0002280,ORD_0002280,RIDER_0053,9.6,Clear,Congested,12.5,6.9,89.8,55.9
DEL_0002281,ORD_0002281,RIDER_0018,2.65,Clear,High,28.5,3.8,44.9,44.1
DEL_0002282,ORD_0002282,RIDER_0054,2.03,Clear,Low,13.7,7.1,22.8,26.8
DEL_0002284,ORD_0002284,RIDER_0133,1.99,Heavy Rain,Moderate,21.8,5.0,35.4,34.8
DEL_0002285,ORD_0002285,RIDER_0057,2.15,Clear,Moderate,12.2,7.3,27.3,25.8
DEL_0002286,ORD_0002286,RIDER_0103,11.61,Clear,Low,27.4,2.4,57.1,78.8
DEL_0002287,ORD_0002287,RIDER_0030,4.68,Clear,High,23.7,7.8,61.0,47.4
DEL_0002288,ORD_0002288,RIDER_0074,8.24,Clear,Low,12.1,3.1,36.1,50.1
DEL_0002289,ORD_0002289,RIDER_0063,6.1,Cloudy,Low,26.9,7.7,51.5,56.3
DEL_0002290,ORD_0002290,RIDER_0031,1.53,Sunny,Moderate,29.7,6.4,38.4,40.8
DEL_0002291,ORD_0002291,RIDER_0081,1.35,Foggy,Low,23.3,6.8,36.6,33.7
DEL_0002292,ORD_0002292,RIDER_0021,4.78,Foggy,Low,16.9,2.3,32.7,41.0
DEL_0002293,ORD_0002293,RIDER_0108,12.05,Clear,Moderate,13.8,2.7,54.4,67.0
DEL_0002295,ORD_0002295,RIDER_0111,5.41,Clear,Congested,10.3,7.3,60.2,36.9
DEL_0002296,ORD_0002296,RIDER_0076,12.21,Clear,Low,10.4,8.0,49.4,64.2
DEL_0002297,ORD_0002297,RIDER_0109,2.33,Clear,Low,20.4,4.0,36.7,34.7
DEL_0002298,ORD_0002298,RIDER_0016,10.38,Clear,Low,10.5,3.4,43.4,57.0
DEL_0002299,ORD_0002299,RIDER_0111,7.74,Rainy,High,31.4,6.0,86.3,67.4
DEL_0002300,ORD_0002300,RIDER_0032,7.44,Sunny,Low,16.8,4.3,36.5,51.6
DEL_0002301,ORD_0002301,RIDER_0094,9.45,Cloudy,Low,16.8,7.6,46.5,59.6
DEL_0002302,ORD_0002302,RIDER_0041,7.42,Cloudy,Congested,12.0,7.2,74.4,46.7
DEL_0002303,ORD_0002303,RIDER_0080,5.82,Cloudy,Moderate,29.7,3.4,55.7,58.0
DEL_0002304,ORD_0002304,RIDER_0063,6.6,Sunny,High,19.2,3.5,55.1,50.6
DEL_0002305,ORD_0002305,RIDER_0026,7.38,Clear,High,22.6,3.8,60.8,57.1
DEL_0002306,ORD_0002306,RIDER_0049,3.43,Rainy,Low,22.7,5.9,39.8,41.4
DEL_0002307,ORD_0002307,RIDER_0136,6.92,Rainy,High,12.6,5.8,60.6,45.3
DEL_0002308,ORD_0002308,RIDER_0012,12.84,Cloudy,Moderate,20.6,6.9,68.1,77.0
DEL_0002309,ORD_0002309,RIDER_0094,10.68,Clear,Congested,15.6,3.7,96.6,63.3
DEL_0002310,ORD_0002310,RIDER_0100,7.87,Heavy Rain,Low,26.4,3.6,56.9,62.9
DEL_0002311,ORD_0002311,RIDER_0105,4.49,Clear,Low,14.0,6.3,32.1,37.0
DEL_0002312,ORD_0002312,RIDER_0034,9.7,Cloudy,Low,18.6,4.0,46.8,62.4
DEL_0002313,ORD_0002313,RIDER_0110,1.51,Clear,Moderate,23.4,2.2,27.8,34.4
DEL_0002314,ORD_0002314,RIDER_0051,1.83,Heavy Rain,Moderate,18.8,2.6,27.5,31.1
DEL_0002315,ORD_0002315,RIDER_0072,2.64,Foggy,Moderate,11.4,2.7,25.8,27.0
DEL_0002316,ORD_0002316,RIDER_0090,9.54,Sunny,High,21.2,3.2,75.6,64.4
DEL_0002317,ORD_0002317,RIDER_0123,4.35,Rainy,Moderate,28.9,3.1,49.7,51.3
DEL_0002318,ORD_0002318,RIDER_0031,9.97,Clear,High,19.3,3.6,69.3,64.2
DEL_0002319,ORD_0002319,RIDER_0068,13.64,Sunny,Low,11.8,2.9,50.5,71.4
DEL_0002320,ORD_0002320,RIDER_0111,9.99,Clear,Low,30.8,3.7,55.1,75.8
DEL_0002321,ORD_0002321,RIDER_0041,8.01,Clear,Moderate,20.5,3.8,46.9,57.5
DEL_0002322,ORD_0002322,RIDER_0053,6.65,Clear,High,17.3,3.2,52.4,48.9
DEL_0002323,ORD_0002323,RIDER_0063,3.15,Heavy Rain,Moderate,26.8,4.9,50.9,44.4
DEL_0002325,ORD_0002325,RIDER_0043,6.33,Sunny,Moderate,16.9,7.0,44.2,47.2
DEL_0002326,ORD_0002326,RIDER_0118,8.91,Clear,Moderate,16.2,6.7,56.6,56.8
DEL_0002327,ORD_0002327,RIDER_0102,12.08,Clear,Moderate,14.6,3.3,59.1,67.9
DEL_0002328,ORD_0002328,RIDER_0024,7.69,Cloudy,Moderate,25.7,7.9,59.6,61.5
DEL_0002329,ORD_0002329,RIDER_0107,12.11,Foggy,Low,30.8,6.2,69.9,84.2
DEL_0002330,ORD_0002330,RIDER_0022,2.53,Rainy,Moderate,13.8,2.9,18.3,28.9
DEL_0002331,ORD_0002331,RIDER_0004,6.86,Clear,Low,15.9,6.2,37.0,48.3
DEL_0002332,ORD_0002332,RIDER_0022,12.49,Cloudy,Low,27.3,7.7,67.4,82.3
DEL_0002333,ORD_0002333,RIDER_0105,12.5,Clear,Moderate,27.2,6.8,75.1,82.2
DEL_0002334,ORD_0002334,RIDER_0086,3.24,Sunny,Low,16.0,3.1,25.3,34.0
DEL_0002335,ORD_0002335,RIDER_0107,11.81,Cloudy,Low,15.7,2.6,44.9,67.9
DEL_0002336,ORD_0002336,RIDER_0015,14.32,Clear,Moderate,21.0,6.7,75.1,83.3
DEL_0002337,ORD_0002337,RIDER_0012,4.88,Clear,Congested,29.9,3.7,74.6,54.4
DEL_0002338,ORD_0002338,RIDER_0032,7.16,Sunny,Moderate,27.0,3.1,59.1,60.6
DEL_0002339,ORD_0002339,RIDER_0130,5.21,Rainy,High,19.8,4.3,52.1,45.6
DEL_0002340,ORD_0002340,RIDER_0120,6.79,Clear,Low,15.5,7.2,39.0,47.7
DEL_0002341,ORD_0002341,RIDER_0138,1.27,Clear,High,15.5,5.0,29.2,25.6
DEL_0002342,ORD_0002342,RIDER_0110,2.98,Clear,Moderate,27.6,3.1,40.2,44.5
DEL_0002343,ORD_0002343,RIDER_0029,3.35,Heavy Rain,Moderate,23.7,5.2,48.1,42.1
DEL_0002344,ORD_0002344,RIDER_0089,9.14,Clear,Moderate,20.2,7.3,63.8,61.8
DEL_0002345,ORD_0002345,RIDER_0034,8.44,Clear,High,28.9,5.2,78.0,67.7
DEL_0002346,ORD_0002346,RIDER_0118,4.28,Clear,Low,17.7,7.3,38.0,39.8
DEL_0002347,ORD_0002347,RIDER_0039,6.72,Rainy,Low,28.9,7.5,56.1,60.8
DEL_0002350,ORD_0002350,RIDER_0132,14.7,Heavy Rain,Moderate,25.7,6.9,109.2,89.5
DEL_0002351,ORD_0002351,RIDER_0107,10.84,Sunny,High,23.8,7.3,82.9,72.2
DEL_0002352,ORD_0002352,RIDER_0142,1.98,Sunny,Moderate,24.4,5.5,38.7,37.3
DEL_0002353,ORD_0002353,RIDER_0013,13.73,Cloudy,High,12.6,5.7,89.0,72.5
DEL_0002354,ORD_0002354,RIDER_0073,7.79,Clear,Moderate,13.6,4.0,42.6,49.8
DEL_0002355,ORD_0002355,RIDER_0095,2.79,Clear,Low,11.8,6.8,22.9,28.0
DEL_0002356,ORD_0002356,RIDER_0136,2.39,Clear,Moderate,28.1,2.6,37.7,42.7
DEL_0002357,ORD_0002357,RIDER_0018,7.02,Sunny,High,14.8,6.6,52.7,47.9
DEL_0002358,ORD_0002358,RIDER_0039,3.62,Clear,Low,31.5,4.2,45.4,51.0
DEL_0002359,ORD_0002359,RIDER_0077,2.38,Sunny,High,27.9,5.4,47.1,42.4
DEL_0002360,ORD_0002360,RIDER_0022,13.46,Heavy Rain,Moderate,23.1,6.8,97.4,81.9
DEL_0002361,ORD_0002361,RIDER_0098,11.94,Heavy Rain,Low,19.9,5.3,68.6,72.7
DEL_0002362,ORD_0002362,RIDER_0133,9.79,Clear,Moderate,18.5,6.6,58.1,62.7
DEL_0002363,ORD_0002363,RIDER_0007,4.53,Rainy,High,30.4,4.6,61.4,53.5
DEL_0002364,ORD_0002364,RIDER_0052,8.05,Clear,Congested,20.7,5.2,87.0,57.9
DEL_0002365,ORD_0002365,RIDER_0149,3.51,Sunny,Low,25.1,4.2,32.5,44.1
DEL_0002366,ORD_0002366,RIDER_0049,7.46,Heavy Rain,Moderate,21.1,5.9,64.4,55.9
DEL_0002367,ORD_0002367,RIDER_0130,2.06,Rainy,High,11.0,6.4,30.3,24.2
DEL_0002368,ORD_0002368,RIDER_0116,3.02,Sunny,Low,23.4,6.7,39.0,40.5
DEL_0002369,ORD_0002369,RIDER_0068,11.06,Sunny,High,17.6,6.4,79.2,66.8
DEL_0002370,ORD_0002370,RIDER_0050,6.86,Cloudy,High,30.2,4.7,72.3,62.6
DEL_0002372,ORD_0002372,RIDER_0086,7.17,Clear,Moderate,29.2,5.2,61.7,62.9
DEL_0002373,ORD_0002373,RIDER_0139,4.4,Cloudy,Moderate,11.7,6.9,34.5,34.3
DEL_0002374,ORD_0002374,RIDER_0065,3.87,Clear,Congested,13.5,3.4,45.7,34.0
DEL_0002375,ORD_0002375,RIDER_0136,12.42,Heavy Rain,Moderate,16.0,7.5,87.2,70.7
DEL_0002376,ORD_0002376,RIDER_0125,10.21,Rainy,Low,12.8,7.4,50.6,58.6
DEL_0002377,ORD_0002377,RIDER_0045,3.63,Sunny,Congested,13.6,7.9,45.7,33.1
DEL_0002378,ORD_0002378,RIDER_0138,4.17,Clear,Low,14.5,5.2,31.8,36.2
DEL_0002379,ORD_0002379,RIDER_0108,8.86,Rainy,Congested,11.3,4.2,92.3,51.7
DEL_0002380,ORD_0002380,RIDER_0149,6.78,Sunny,Moderate,10.1,4.4,38.5,42.2
DEL_0002381,ORD_0002381,RIDER_0010,12.07,Clear,High,10.8,7.4,79.2,64.1
DEL_0002382,ORD_0002382,RIDER_0087,13.92,Clear,Low,20.4,5.1,60.7,81.1
DEL_0002383,ORD_0002383,RIDER_0002,3.66,Cloudy,High,24.8,5.4,51.0,44.4
DEL_0002384,ORD_0002384,RIDER_0146,1.82,Clear,Moderate,24.9,4.4,34.3,37.2
DEL_0002385,ORD_0002385,RIDER_0006,4.87,Clear,High,19.3,6.7,50.5,43.8
DEL_0002386,ORD_0002386,RIDER_0016,14.43,Clear,High,24.8,3.6,105.3,87.5
DEL_0002387,ORD_0002387,RIDER_0050,8.51,Sunny,Low,24.1,5.4,53.6,63.1
DEL_0002388,ORD_0002388,RIDER_0013,6.63,Heavy Rain,Moderate,10.5,6.0,49.0,42.0
DEL_0002389,ORD_0002389,RIDER_0074,4.3,Cloudy,Low,25.4,4.1,37.7,47.6
DEL_0002390,ORD_0002390,RIDER_0101,13.62,Sunny,Moderate,27.4,6.8,80.3,86.9
DEL_0002391,ORD_0002391,RIDER_0006,9.31,Clear,Low,31.7,5.7,62.3,73.9
DEL_0002392,ORD_0002392,RIDER_0013,5.06,Sunny,Low,24.2,4.8,44.4,49.4
DEL_0002393,ORD_0002393,RIDER_0090,5.96,Clear,Moderate,27.0,3.7,52.3,55.8
DEL_0002394,ORD_0002394,RIDER_0019,9.24,Sunny,Low,17.1,4.7,43.9,59.1
DEL_0002395,ORD_0002395,RIDER_0019,12.0,Clear,High,13.3,7.8,78.9,66.3
DEL_0002396,ORD_0002396,RIDER_0014,1.99,Rainy,Moderate,23.7,7.7,39.1,36.7
DEL_0002397,ORD_0002397,RIDER_0104,13.87,Cloudy,High,29.3,3.2,99.4,89.8
DEL_0002398,ORD_0002398,RIDER_0062,9.42,Sunny,High,17.2,6.2,71.7,59.9
DEL_0002399,ORD_0002399,RIDER_0133,6.12,Clear,High,27.7,5.3,64.1,57.2
DEL_0002400,ORD_0002400,RIDER_0005,6.9,Rainy,Moderate,23.3,5.5,58.8,55.9
DEL_0002401,ORD_0002401,RIDER_0093,11.19,Clear,Low,31.5,4.7,65.8,81.3
DEL_0002402,ORD_0002402,RIDER_0109,12.89,Clear,Moderate,13.1,6.8,62.2,69.7
DEL_0002403,ORD_0002403,RIDER_0015,5.97,Sunny,Congested,15.0,7.4,70.6,43.9
DEL_0002404,ORD_0002404,RIDER_0044,7.56,Sunny,High,13.7,7.2,59.9,48.9
DEL_0002405,ORD_0002405,RIDER_0132,7.67,Clear,Low,29.4,3.0,51.3,65.1
DEL_0002406,ORD_0002406,RIDER_0050,5.42,Cloudy,Low,23.4,6.9,48.3,50.1
DEL_0002407,ORD_0002407,RIDER_0052,4.98,Heavy Rain,High,25.8,2.8,61.0,50.7
DEL_0002408,ORD_0002408,RIDER_0085,10.0,Clear,High,29.7,2.9,82.9,74.7
DEL_0002409,ORD_0002409,RIDER_0091,2.63,Clear,Moderate,19.1,7.7,37.8,34.6
DEL_0002410,ORD_0002410,RIDER_0014,4.39,Foggy,Moderate,10.0,3.1,31.5,32.6
DEL_0002411,ORD_0002411,RIDER_0093,13.2,Cloudy,High,20.5,7.8,95.1,78.3
DEL_0002412,ORD_0002412,RIDER_0048,5.42,Sunny,Low,19.2,2.6,35.8,45.9
DEL_0002413,ORD_0002413,RIDER_0043,9.31,Heavy Rain,Moderate,11.5,7.3,63.7,53.7
DEL_0002414,ORD_0002414,RIDER_0013,6.61,Clear,Low,19.5,7.2,44.8,50.9
DEL_0002415,ORD_0002415,RIDER_0121,9.48,Cloudy,Low,22.7,3.7,47.1,65.6
DEL_0002416,ORD_0002416,RIDER_0057,8.18,Cloudy,High,16.8,4.8,63.6,54.5
DEL_0002417,ORD_0002417,RIDER_0136,8.52,Clear,Low,31.7,7.5,62.0,70.8
DEL_0002418,ORD_0002418,RIDER_0005,12.25,Clear,Moderate,30.7,4.3,79.4,84.7
DEL_0002419,ORD_0002419,RIDER_0017,1.44,Clear,High,30.8,6.5,39.6,41.6
DEL_0002420,ORD_0002420,RIDER_0056,6.28,Sunny,Moderate,20.3,5.2,49.7,50.4
DEL_0002421,ORD_0002421,RIDER_0062,12.18,Rainy,Low,29.9,5.6,70.0,83.6
DEL_0002422,ORD_0002422,RIDER_0026,11.54,Sunny,High,20.9,5.4,87.8,72.1
DEL_0002423,ORD_0002423,RIDER_0112,9.31,Clear,Moderate,31.9,7.7,73.1,74.1
DEL_0002424,ORD_0002424,RIDER_0100,2.6,Cloudy,Moderate,28.4,3.7,41.6,43.8
DEL_0002425,ORD_0002425,RIDER_0066,7.79,Cloudy,Congested,17.1,4.9,80.4,53.3
DEL_0002426,ORD_0002426,RIDER_0024,5.93,Sunny,Moderate,27.0,6.1,53.2,55.7
DEL_0002427,ORD_0002427,RIDER_0089,13.88,Clear,Low,23.2,2.2,65.1,83.7
DEL_0002428,ORD_0002428,RIDER_0125,1.95,Clear,Low,24.9,4.5,34.6,37.7
DEL_0002429,ORD_0002429,RIDER_0072,8.52,Clear,Moderate,23.9,2.7,53.1,63.0
DEL_0002431,ORD_0002431,RIDER_0031,5.55,Clear,Low,25.0,6.3,46.3,52.2
DEL_0002432,ORD_0002432,RIDER_0043,1.29,Clear,Moderate,10.4,4.5,20.7,20.6
DEL_0002433,ORD_0002433,RIDER_0133,9.54,Clear,High,24.9,3.0,73.9,68.1
DEL_0002434,ORD_0002434,RIDER_0006,13.12,Clear,High,29.1,7.7,104.0,86.6
DEL_0002435,ORD_0002435,RIDER_0108,11.48,Heavy Rain,Moderate,31.4,8.0,97.9,82.3
DEL_0002436,ORD_0002436,RIDER_0077,12.48,Rainy,High,19.8,7.5,101.1,74.7
DEL_0002437,ORD_0002437,RIDER_0125,4.41,Clear,Moderate,21.8,2.0,43.0,44.4
DEL_0002438,ORD_0002438,RIDER_0039,14.59,Rainy,Low,28.2,4.7,76.7,91.6
DEL_0002439,ORD_0002439,RIDER_0074,2.75,Sunny,High,13.4,3.0,36.6,29.4
DEL_0002440,ORD_0002440,RIDER_0145,2.86,Sunny,High,22.3,7.3,44.4,38.7
DEL_0002441,ORD_0002441,RIDER_0088,1.7,Clear,High,14.4,6.3,28.5,26.2
DEL_0002442,ORD_0002442,RIDER_0125,6.28,Sunny,Moderate,26.5,3.5,50.3,56.6
DEL_0002443,ORD_0002443,RIDER_0149,9.54,Clear,Low,13.7,5.2,39.9,56.9
DEL_0002444,ORD_0002444,RIDER_0135,2.45,Rainy,Moderate,16.2,6.5,29.8,31.0
DEL_0002445,ORD_0002445,RIDER_0143,5.09,Cloudy,Low,27.6,4.9,46.1,53.0
DEL_0002446,ORD_0002446,RIDER_0058,10.93,Clear,High,11.2,3.8,64.9,59.9
DEL_0002447,ORD_0002447,RIDER_0085,8.17,Cloudy,Moderate,22.2,5.3,55.6,59.9
DEL_0002448,ORD_0002448,RIDER_0099,9.62,Clear,Low,14.8,2.8,41.4,58.3
DEL_0002450,ORD_0002450,RIDER_0030,5.88,Rainy,Low,18.7,5.3,41.8,47.2
DEL_0002451,ORD_0002451,RIDER_0118,10.16,Clear,Low,15.0,7.2,48.4,60.6
DEL_0002452,ORD_0002452,RIDER_0080,2.22,Rainy,Moderate,23.6,2.5,36.2,37.5
DEL_0002453,ORD_0002453,RIDER_0041,9.81,Clear,Low,25.7,7.7,62.0,69.9
DEL_0002454,ORD_0002454,RIDER_0048,3.0,Foggy,Low,28.5,5.5,43.0,45.5
DEL_0002456,ORD_0002456,RIDER_0087,9.79,Clear,Low,15.2,2.3,39.5,59.4
DEL_0002457,ORD_0002457,RIDER_0026,5.55,Sunny,Moderate,10.6,5.3,35.5,37.8
DEL_0002458,ORD_0002458,RIDER_0069,6.13,Heavy Rain,Moderate,15.0,3.5,50.8,44.5
DEL_0002459,ORD_0002459,RIDER_0100,9.94,Clear,Moderate,26.8,7.5,69.2,71.6
DEL_0002460,ORD_0002460,RIDER_0104,12.67,Clear,High,17.7,4.7,86.0,73.4
DEL_0002461,ORD_0002461,RIDER_0122,12.11,Clear,Low,18.6,3.0,54.1,72.0
DEL_0002462,ORD_0002462,RIDER_0109,13.16,Rainy,Moderate,26.7,5.0,86.1,84.3
DEL_0002463,ORD_0002463,RIDER_0059,11.85,Clear,Low,18.3,3.8,51.7,70.7
DEL_0002464,ORD_0002464,RIDER_0076,4.16,Rainy,Low,18.1,2.1,36.8,39.7
DEL_0002465,ORD_0002465,RIDER_0150,5.35,Clear,Low,30.0,3.5,48.3,56.4
DEL_0002466,ORD_0002466,RIDER_0145,13.99,Clear,Moderate,21.5,3.6,68.2,82.5
DEL_0002467,ORD_0002467,RIDER_0113,2.73,Clear,Moderate,13.7,4.2,24.2,29.6
DEL_0002468,ORD_0002468,RIDER_0089,13.8,Sunny,Low,10.7,4.3,54.2,70.9
DEL_0002469,ORD_0002469,RIDER_0053,11.47,Sunny,High,23.9,2.6,84.3,74.8
DEL_0002470,ORD_0002470,RIDER_0035,11.83,Heavy Rain,Moderate,16.1,4.5,74.9,68.4
DEL_0002471,ORD_0002471,RIDER_0143,13.74,Clear,Moderate,24.3,8.0,79.9,84.3
DEL_0002472,ORD_0002472,RIDER_0132,2.83,Clear,Low,17.4,7.0,30.8,33.7
DEL_0002473,ORD_0002473,RIDER_0064,13.97,Cloudy,Moderate,26.7,4.0,74.4,87.6
DEL_0002474,ORD_0002474,RIDER_0087,1.41,Clear,Moderate,10.3,6.0,19.8,20.9
DEL_0002475,ORD_0002475,RIDER_0103,3.14,Cloudy,Moderate,29.0,2.7,42.6,46.6
DEL_0002476,ORD_0002476,RIDER_0079,13.93,Clear,Congested,23.0,7.9,135.4,83.7
DEL_0002477,ORD_0002477,RIDER_0079,2.78,Cloudy,High,26.4,4.2,41.1,42.5
DEL_0002478,ORD_0002478,RIDER_0068,7.85,Clear,Moderate,24.0,2.5,52.8,60.4
DEL_0002479,ORD_0002479,RIDER_0028,2.06,Clear,Moderate,29.6,4.4,39.8,42.8
DEL_0002480,ORD_0002480,RIDER_0009,12.22,Sunny,Moderate,20.4,2.0,61.7,74.3
DEL_0002481,ORD_0002481,RIDER_0056,4.59,Clear,Moderate,11.7,8.0,35.3,35.1
DEL_0002482,ORD_0002482,RIDER_0032,2.68,Foggy,Moderate,30.4,3.0,44.8,46.1
DEL_0002483,ORD_0002483,RIDER_0072,13.87,Cloudy,Moderate,16.7,7.4,71.2,77.2
DEL_0002484,ORD_0002484,RIDER_0134,4.85,Sunny,Low,16.6,6.0,34.7,41.0
DEL_0002485,ORD_0002485,RIDER_0131,11.41,Cloudy,Low,30.9,6.8,67.4,81.5
DEL_0002486,ORD_0002486,RIDER_0056,12.55,Clear,Moderate,25.2,5.1,74.9,80.4
DEL_0002487,ORD_0002487,RIDER_0002,5.82,Sunny,Low,29.8,5.1,49.3,58.1
DEL_0002488,ORD_0002488,RIDER_0123,8.83,Foggy,Moderate,12.1,7.3,52.0,52.4
DEL_0002489,ORD_0002489,RIDER_0027,2.22,Clear,Low,22.8,4.2,30.7,36.7
DEL_0002490,ORD_0002490,RIDER_0063,5.43,Rainy,High,21.5,4.4,57.8,48.2
DEL_0002491,ORD_0002491,RIDER_0136,2.16,Clear,Low,22.9,4.5,31.3,36.5
DEL_0002492,ORD_0002492,RIDER_0146,14.01,Foggy,Moderate,29.6,7.8,92.0,90.6
DEL_0002493,ORD_0002493,RIDER_0133,4.5,Heavy Rain,Low,19.7,5.8,43.8,42.7
DEL_0002494,ORD_0002494,RIDER_0060,12.32,Clear,Moderate,11.4,5.5,55.6,65.7
DEL_0002495,ORD_0002495,RIDER_0066,7.15,Foggy,High,13.5,7.9,64.2,47.1
DEL_0002496,ORD_0002496,RIDER_0123,12.12,Clear,High,31.3,2.2,96.6,84.8
DEL_0002497,ORD_0002497,RIDER_0062,8.78,Rainy,Low,17.9,4.8,50.8,58.0
DEL_0002498,ORD_0002498,RIDER_0064,11.28,Rainy,Moderate,11.9,7.2,64.5,62.0
DEL_0002499,ORD_0002499,RIDER_0093,3.08,Sunny,Congested,21.1,4.5,45.0,38.4
DEL_0002500,ORD_0002500,RIDER_0049,1.71,Clear,Low,10.1,4.1,17.6,21.9
DEL_0002501,ORD_0002501,RIDER_0143,13.62,Rainy,Moderate,25.9,7.8,84.7,85.4
DEL_0002502,ORD_0002502,RIDER_0078,7.88,Clear,Moderate,23.4,6.9,57.5,59.9
DEL_0002503,ORD_0002503,RIDER_0106,9.56,Sunny,Congested,10.1,5.0,86.3,53.3
DEL_0002504,ORD_0002504,RIDER_0121,9.2,Clear,High,11.5,7.6,62.2,53.3
DEL_0002505,ORD_0002505,RIDER_0039,2.17,Clear,Congested,20.9,6.5,46.0,34.6
DEL_0002506,ORD_0002506,RIDER_0104,11.79,Cloudy,High,28.2,4.4,91.6,80.4
DEL_0002507,ORD_0002507,RIDER_0043,5.17,Clear,High,25.5,2.5,55.3,51.2
DEL_0002508,ORD_0002508,RIDER_0099,3.79,Cloudy,Low,10.5,3.2,24.1,30.7
DEL_0002509,ORD_0002509,RIDER_0103,11.07,Sunny,Moderate,30.6,6.9,76.5,79.9
DEL_0002510,ORD_0002510,RIDER_0058,8.36,Clear,Low,27.6,4.3,54.7,66.0
DEL_0002511,ORD_0002511,RIDER_0075,4.13,Heavy Rain,High,11.9,3.2,50.8,33.4
DEL_0002512,ORD_0002512,RIDER_0088,6.47,Rainy,Moderate,20.7,7.6,53.5,51.6
DEL_0002513,ORD_0002513,RIDER_0114,10.0,Clear,Congested,11.2,2.6,86.6,56.2
DEL_0002514,ORD_0002514,RIDER_0033,4.89,Sunny,High,20.3,5.5,51.9,44.9
DEL_0002515,ORD_0002515,RIDER_0086,10.31,Heavy Rain,Moderate,23.7,6.1,84.0,69.9
DEL_0002516,ORD_0002516,RIDER_0061,6.46,Clear,Moderate,19.4,5.0,45.0,50.2
DEL_0002517,ORD_0002517,RIDER_0021,2.86,Cloudy,High,10.8,6.3,28.9,27.2
DEL_0002518,ORD_0002518,RIDER_0088,7.73,Clear,Low,17.3,4.8,39.0,53.2
DEL_0002519,ORD_0002519,RIDER_0032,6.39,Clear,High,13.7,5.4,52.4,44.3
DEL_0002520,ORD_0002520,RIDER_0123,1.21,Cloudy,High,12.3,5.5,22.6,22.1
DEL_0002521,ORD_0002521,RIDER_0116,13.85,Foggy,Moderate,27.0,6.6,89.6,87.4
DEL_0002522,ORD_0002522,RIDER_0105,11.19,Rainy,Moderate,18.9,3.4,61.9,68.7
DEL_0002523,ORD_0002523,RIDER_0034,10.51,Sunny,Moderate,10.6,3.5,45.5,57.6
DEL_0002524,ORD_0002524,RIDER_0074,2.99,Cloudy,Low,11.1,5.2,26.5,28.1
DEL_0002525,ORD_0002525,RIDER_0130,8.44,Rainy,High,23.0,6.9,76.5,61.8
DEL_0002526,ORD_0002526,RIDER_0010,9.38,Rainy,Low,27.3,3.9,62.7,69.8
DEL_0002527,ORD_0002527,RIDER_0084,10.58,Cloudy,Moderate,19.3,4.5,61.1,66.6
DEL_0002528,ORD_0002528,RIDER_0051,4.28,Rainy,Moderate,28.5,3.9,46.2,50.6
DEL_0002529,ORD_0002529,RIDER_0022,13.02,Cloudy,High,29.5,7.0,105.3,86.6
DEL_0002530,ORD_0002530,RIDER_0105,12.44,Clear,High,19.4,6.2,85.6,74.2
DEL_0002531,ORD_0002531,RIDER_0072,7.39,Clear,Low,24.8,2.5,42.1,59.4
DEL_0002532,ORD_0002532,RIDER_0068,5.86,Cloudy,Congested,12.8,7.9,61.9,41.2
DEL_0002533,ORD_0002533,RIDER_0064,5.06,Cloudy,Moderate,28.6,3.5,49.4,53.8
DEL_0002534,ORD_0002534,RIDER_0096,13.23,Clear,Low,26.7,6.0,61.5,84.6
DEL_0002535,ORD_0002535,RIDER_0028,9.69,Cloudy,Low,23.0,3.3,48.5,66.8
DEL_0002536,ORD_0002536,RIDER_0065,13.33,Cloudy,Moderate,25.1,3.5,73.9,83.4
DEL_0002537,ORD_0002537,RIDER_0091,14.2,Sunny,Low,29.4,4.1,69.2,91.2
DEL_0002538,ORD_0002538,RIDER_0037,13.35,Cloudy,Moderate,18.1,4.1,67.2,76.5
DEL_0002539,ORD_0002539,RIDER_0089,8.63,Clear,Congested,15.0,3.5,81.4,54.5
DEL_0002540,ORD_0002540,RIDER_0091,8.64,Sunny,Low,29.4,7.6,57.6,69.0
DEL_0002541,ORD_0002541,RIDER_0133,1.36,Rainy,Moderate,22.4,6.9,32.4,32.8
DEL_0002542,ORD_0002542,RIDER_0075,13.02,Clear,Low,26.4,5.8,62.3,83.5
DEL_0002543,ORD_0002543,RIDER_0092,7.35,Clear,High,22.1,2.2,63.0,56.5
DEL_0002544,ORD_0002544,RIDER_0074,9.1,Sunny,High,30.2,3.5,81.3,71.6
DEL_0002545,ORD_0002545,RIDER_0061,9.01,Clear,High,23.7,6.0,75.9,64.7
DEL_0002546,ORD_0002546,RIDER_0019,9.61,Sunny,High,29.7,2.5,81.3,73.1
DEL_0002547,ORD_0002547,RIDER_0008,10.64,Clear,Low,17.5,4.2,52.2,65.1
DEL_0002548,ORD_0002548,RIDER_0135,3.63,Clear,Congested,30.6,2.4,59.9,50.1
DEL_0002549,ORD_0002549,RIDER_0054,8.68,Clear,Low,22.2,6.0,52.3,61.9
DEL_0002550,ORD_0002550,RIDER_0122,1.72,Clear,Low,19.5,7.8,33.3,31.4
DEL_0002551,ORD_0002551,RIDER_0118,12.17,Clear,Moderate,20.4,6.9,69.8,74.1
DEL_0002552,ORD_0002552,RIDER_0139,7.38,Clear,Moderate,29.5,6.8,57.4,64.0
DEL_0002553,ORD_0002553,RIDER_0022,12.33,Cloudy,Moderate,22.8,5.8,69.4,77.1
DEL_0002555,ORD_0002555,RIDER_0068,5.92,Rainy,Moderate,19.6,3.7,45.1,48.3
DEL_0002556,ORD_0002556,RIDER_0014,12.66,Clear,Low,20.4,7.7,53.8,76.0
DEL_0002557,ORD_0002557,RIDER_0067,13.89,Rainy,Moderate,24.0,5.2,82.2,84.6
DEL_0002558,ORD_0002558,RIDER_0060,6.61,Clear,Congested,20.2,4.9,71.0,51.6
DEL_0002559,ORD_0002559,RIDER_0145,13.44,Heavy Rain,Congested,29.2,8.0,197.8,88.0
DEL_0002560,ORD_0002560,RIDER_0030,1.37,Cloudy,High,21.8,5.2,29.9,32.3
DEL_0002561,ORD_0002561,RIDER_0146,3.8,Sunny,Congested,17.5,3.9,47.6,37.7
DEL_0002562,ORD_0002562,RIDER_0147,2.4,Sunny,Low,14.9,3.0,24.7,29.5
DEL_0002563,ORD_0002563,RIDER_0005,6.0,Sunny,Low,19.7,5.9,43.8,48.7
DEL_0002564,ORD_0002564,RIDER_0037,1.99,Clear,High,13.3,6.3,31.2,26.3
DEL_0002565,ORD_0002565,RIDER_0059,12.14,Sunny,Low,18.7,7.5,61.1,72.3
DEL_0002566,ORD_0002566,RIDER_0023,10.99,Cloudy,Low,24.6,6.7,58.4,73.6
DEL_0002567,ORD_0002567,RIDER_0071,3.99,Clear,Moderate,11.3,8.0,29.9,32.3
DEL_0002568,ORD_0002568,RIDER_0119,3.16,Rainy,Moderate,16.4,2.1,30.5,34.0
DEL_0002569,ORD_0002569,RIDER_0007,10.98,Sunny,Moderate,17.4,4.5,60.4,66.3
DEL_0002570,ORD_0002570,RIDER_0053,2.59,Heavy Rain,Low,12.1,6.0,31.5,27.5
DEL_0002571,ORD_0002571,RIDER_0067,6.98,Cloudy,High,12.8,4.4,49.8,45.7
DEL_0002572,ORD_0002572,RIDER_0037,5.24,Clear,Moderate,25.7,7.0,48.2,51.7
DEL_0002573,ORD_0002573,RIDER_0108,8.47,Sunny,Low,22.0,3.5,47.8,60.9
DEL_0002574,ORD_0002574,RIDER_0074,8.5,Clear,Low,14.2,4.2,42.1,53.2
DEL_0002575,ORD_0002575,RIDER_0009,5.18,Cloudy,High,22.5,6.0,57.1,48.2
DEL_0002576,ORD_0002576,RIDER_0003,3.03,Sunny,Low,19.7,4.9,29.9,36.8
DEL_0002577,ORD_0002577,RIDER_0002,2.51,Sunny,Low,22.5,7.7,39.5,37.5
DEL_0002578,ORD_0002578,RIDER_0145,12.93,Clear,Low,23.6,4.3,60.5,80.3
DEL_0002579,ORD_0002579,RIDER_0065,2.92,Clear,Low,20.0,2.8,31.6,36.7
DEL_0002580,ORD_0002580,RIDER_0140,10.3,Clear,High,22.1,2.1,75.8,68.3
DEL_0002581,ORD_0002581,RIDER_0102,11.21,Sunny,High,24.4,5.8,90.2,74.2
DEL_0002582,ORD_0002582,RIDER_0053,7.56,Heavy Rain,Low,12.5,3.6,46.5,47.7
DEL_0002583,ORD_0002583,RIDER_0001,7.38,Clear,Moderate,28.3,6.2,57.4,62.8
DEL_0002584,ORD_0002584,RIDER_0079,3.48,Rainy,Low,22.8,7.4,44.8,41.7
DEL_0002585,ORD_0002585,RIDER_0062,6.14,Sunny,High,28.6,2.9,60.4,58.2
DEL_0002586,ORD_0002586,RIDER_0143,6.17,Clear,Moderate,22.9,2.5,45.8,52.6
DEL_0002587,ORD_0002587,RIDER_0017,7.57,Clear,Moderate,24.3,3.1,48.0,59.6
DEL_0002588,ORD_0002588,RIDER_0019,14.15,Heavy Rain,Moderate,13.6,3.7,86.7,75.2
DEL_0002589,ORD_0002589,RIDER_0148,6.92,Sunny,Moderate,31.3,4.1,58.0,64.0
DEL_0002590,ORD_0002590,RIDER_0117,2.29,Rainy,Low,14.6,6.6,27.8,28.8
DEL_0002591,ORD_0002591,RIDER_0085,14.72,Rainy,Moderate,29.2,4.5,95.2,93.1
DEL_0002593,ORD_0002593,RIDER_0011,13.39,Clear,Low,25.3,6.7,71.1,83.9
DEL_0002595,ORD_0002595,RIDER_0107,4.83,Sunny,Moderate,24.8,5.0,48.1,49.1
DEL_0002596,ORD_0002596,RIDER_0055,14.7,Cloudy,Moderate,30.5,7.1,81.9,94.3
DEL_0002597,ORD_0002597,RIDER_0139,1.53,Heavy Rain,Moderate,15.9,7.8,30.0,27.0
DEL_0002598,ORD_0002598,RIDER_0068,12.74,Clear,Moderate,21.2,2.8,66.7,77.2
DEL_0002599,ORD_0002599,RIDER_0080,1.68,Cloudy,Low,26.8,4.9,31.0,38.5
DEL_0002600,ORD_0002600,RIDER_0137,12.83,Clear,High,17.2,3.7,87.5,73.5
DEL_0002601,ORD_0002601,RIDER_0074,9.58,Sunny,High,29.6,6.3,84.0,72.9
DEL_0002602,ORD_0002602,RIDER_0140,12.98,Sunny,Moderate,19.6,8.0,71.0,76.5
DEL_0002603,ORD_0002603,RIDER_0137,4.09,Sunny,Moderate,23.9,2.5,43.3,45.3
DEL_0002604,ORD_0002604,RIDER_0042,13.51,Clear,High,10.8,6.7,83.3,69.8
DEL_0002605,ORD_0002605,RIDER_0137,13.8,Sunny,Moderate,31.3,4.7,79.8,91.5
DEL_0002606,ORD_0002606,RIDER_0062,9.11,Clear,Moderate,15.2,6.5,51.0,56.6
DEL_0002607,ORD_0002607,RIDER_0015,5.13,Clear,Moderate,30.2,6.6,58.5,55.7
DEL_0002608,ORD_0002608,RIDER_0052,7.94,Clear,Low,20.2,5.8,45.7,57.0
DEL_0002609,ORD_0002609,RIDER_0100,12.49,Clear,Moderate,25.0,2.0,64.8,80.0
DEL_0002610,ORD_0002610,RIDER_0046,12.14,Cloudy,High,27.9,4.0,87.3,81.5
DEL_0002611,ORD_0002611,RIDER_0122,10.03,Cloudy,High,18.0,3.6,71.6,63.1
DEL_0002612,ORD_0002612,RIDER_0074,3.29,Clear,Low,17.0,6.3,27.9,35.2
DEL_0002613,ORD_0002613,RIDER_0058,1.43,Clear,High,30.1,2.8,37.7,40.8
DEL_0002614,ORD_0002614,RIDER_0057,6.18,Clear,Moderate,18.2,5.3,46.8,47.9
DEL_0002615,ORD_0002615,RIDER_0077,11.95,Sunny,Low,29.2,6.3,59.1,82.0
DEL_0002617,ORD_0002617,RIDER_0089,8.22,Cloudy,Moderate,26.4,5.9,57.1,64.3
DEL_0002618,ORD_0002618,RIDER_0005,6.63,Cloudy,Moderate,29.1,7.0,63.4,60.6
DEL_0002619,ORD_0002619,RIDER_0021,12.69,Foggy,Moderate,11.1,7.0,66.7,66.9
DEL_0002620,ORD_0002620,RIDER_0070,10.93,Clear,Low,17.3,2.8,47.1,66.0
DEL_0002621,ORD_0002621,RIDER_0025,2.96,Sunny,High,22.0,6.0,42.6,38.8
DEL_0002622,ORD_0002622,RIDER_0042,5.59,Clear,Moderate,20.7,4.5,45.7,48.1
DEL_0002623,ORD_0002623,RIDER_0097,1.96,Cloudy,High,29.8,5.6,42.0,42.6
DEL_0002624,ORD_0002624,RIDER_0011,1.93,Clear,High,18.3,2.8,31.7,31.0
DEL_0002625,ORD_0002625,RIDER_0108,7.86,Heavy Rain,Moderate,19.4,5.5,64.0,55.8
DEL_0002626,ORD_0002626,RIDER_0040,5.0,Clear,Low,14.1,3.0,34.0,39.1
DEL_0002627,ORD_0002627,RIDER_0046,4.16,Sunny,Low,13.2,6.1,30.4,34.8
DEL_0002628,ORD_0002628,RIDER_0042,9.23,Clear,High,18.5,6.1,65.8,60.4
DEL_0002629,ORD_0002629,RIDER_0009,6.84,Clear,Congested,25.2,3.2,81.6,57.6
DEL_0002630,ORD_0002630,RIDER_0054,7.28,Sunny,Moderate,27.3,2.5,53.5,61.4
DEL_0002631,ORD_0002631,RIDER_0144,6.12,Clear,High,31.8,4.1,67.6,61.3
DEL_0002632,ORD_0002632,RIDER_0018,7.13,Rainy,Moderate,16.6,6.1,50.0,50.1
DEL_0002633,ORD_0002633,RIDER_0141,11.26,Heavy Rain,Low,18.0,5.3,67.0,68.0
DEL_0002634,ORD_0002634,RIDER_0027,11.35,Clear,Moderate,18.1,6.4,59.1,68.5
DEL_0002635,ORD_0002635,RIDER_0130,11.89,Heavy Rain,Congested,30.9,6.4,172.6,83.5
DEL_0002636,ORD_0002636,RIDER_0007,5.55,Rainy,High,13.1,4.4,49.3,40.3
DEL_0002637,ORD_0002637,RIDER_0123,5.9,Rainy,High,14.2,2.7,49.9,42.8
DEL_0002638,ORD_0002638,RIDER_0062,11.37,Clear,Congested,13.6,7.2,104.6,64.1
DEL_0002639,ORD_0002639,RIDER_0098,5.03,Sunny,Moderate,29.1,2.2,52.1,54.2
DEL_0002640,ORD_0002640,RIDER_0076,8.32,Clear,Low,24.1,7.7,52.2,62.4
DEL_0002641,ORD_0002641,RIDER_0072,9.14,Rainy,High,27.1,2.4,84.1,68.7
DEL_0002642,ORD_0002642,RIDER_0005,5.13,Rainy,Low,11.6,4.8,32.9,37.1
DEL_0002643,ORD_0002643,RIDER_0094,8.18,Sunny,Low,19.1,6.6,41.9,56.8
DEL_0002644,ORD_0002644,RIDER_0090,4.82,Clear,Moderate,11.1,2.9,31.6,35.4
DEL_0002645,ORD_0002645,RIDER_0021,3.57,Cloudy,High,15.6,6.5,38.5,34.9
DEL_0002646,ORD_0002646,RIDER_0090,2.85,Cloudy,Moderate,21.0,2.4,31.6,37.4
DEL_0002647,ORD_0002647,RIDER_0077,8.66,Clear,Moderate,26.3,4.6,57.9,65.9
DEL_0002648,ORD_0002648,RIDER_0026,11.71,Clear,Moderate,25.0,2.7,65.5,76.8
DEL_0002649,ORD_0002649,RIDER_0115,11.17,Clear,Moderate,29.9,5.7,73.4,79.6
DEL_0002650,ORD_0002650,RIDER_0123,8.44,Cloudy,High,28.8,7.0,76.1,67.6
DEL_0002652,ORD_0002652,RIDER_0129,11.98,Sunny,Low,25.3,7.3,60.2,78.2
DEL_0002653,ORD_0002653,RIDER_0047,11.96,Clear,High,18.5,3.0,85.4,71.3
DEL_0002655,ORD_0002655,RIDER_0101,4.14,Clear,Moderate,19.2,7.3,41.5,40.8
DEL_0002656,ORD_0002656,RIDER_0110,11.97,Clear,Low,24.2,5.9,64.5,77.1
DEL_0002657,ORD_0002657,RIDER_0048,1.85,Cloudy,Moderate,28.2,4.1,40.8,40.6
DEL_0002658,ORD_0002658,RIDER_0033,4.07,Clear,Low,10.3,3.1,23.2,31.6
DEL_0002659,ORD_0002659,RIDER_0031,2.69,Rainy,Low,29.3,3.3,38.6,45.1
DEL_0002660,ORD_0002660,RIDER_0031,7.12,Clear,Low,25.2,6.0,49.1,58.7
DEL_0002661,ORD_0002661,RIDER_0115,9.97,Cloudy,Low,13.9,3.9,42.3,58.8
DEL_0002662,ORD_0002662,RIDER_0102,14.14,Rainy,High,17.1,2.5,100.9,78.7
DEL_0002663,ORD_0002663,RIDER_0027,1.97,Sunny,Moderate,25.7,3.2,30.7,38.6
DEL_0002664,ORD_0002664,RIDER_0066,12.25,Clear,Moderate,23.5,5.5,68.6,77.5
DEL_0002665,ORD_0002665,RIDER_0067,4.82,Sunny,Low,27.2,3.7,40.5,51.5
DEL_0002666,ORD_0002666,RIDER_0027,5.83,Cloudy,High,30.8,3.0,58.3,59.1
DEL_0002667,ORD_0002667,RIDER_0085,3.13,Clear,High,17.0,5.2,39.8,34.5
DEL_0002668,ORD_0002668,RIDER_0049,14.3,Sunny,Moderate,21.9,5.3,69.8,84.1
DEL_0002669,ORD_0002669,RIDER_0097,9.64,Rainy,Moderate,19.6,3.3,60.5,63.2
DEL_0002670,ORD_0002670,RIDER_0074,3.46,Sunny,High,17.5,7.1,38.5,36.3
DEL_0002671,ORD_0002671,RIDER_0126,11.2,Rainy,High,19.0,2.5,83.6,68.8
DEL_0002672,ORD_0002672,RIDER_0034,4.17,Rainy,Low,24.0,2.2,42.1,45.7
DEL_0002673,ORD_0002673,RIDER_0141,3.83,Rainy,Moderate,15.6,7.9,41.9,35.9
DEL_0002675,ORD_0002675,RIDER_0027,1.78,Clear,Moderate,20.9,4.5,33.7,33.0
DEL_0002676,ORD_0002676,RIDER_0019,9.44,Clear,Congested,26.4,4.1,101.6,69.2
DEL_0002677,ORD_0002677,RIDER_0079,13.22,Clear,High,16.8,5.2,91.2,74.7
DEL_0002678,ORD_0002678,RIDER_0110,7.27,Clear,Low,27.1,3.1,51.8,61.2
DEL_0002679,ORD_0002679,RIDER_0101,4.04,Foggy,Low,14.0,3.5,27.8,35.2
DEL_0002680,ORD_0002680,RIDER_0017,8.11,Cloudy,Moderate,13.4,6.2,54.6,50.8
DEL_0002681,ORD_0002681,RIDER_0093,7.65,Clear,Low,15.7,7.5,45.2,51.3
DEL_0002682,ORD_0002682,RIDER_0131,13.51,Cloudy,High,24.4,4.6,97.1,83.4
DEL_0002683,ORD_0002683,RIDER_0085,1.2,Clear,High,20.4,2.7,26.2,30.2
DEL_0002684,ORD_0002684,RIDER_0092,14.31,Clear,Moderate,24.7,4.9,81.6,86.9
DEL_0002685,ORD_0002685,RIDER_0150,11.48,Foggy,Moderate,19.9,5.7,69.4,70.8
DEL_0002686,ORD_0002686,RIDER_0009,4.7,Clear,High,17.9,7.3,50.9,41.7
DEL_0002687,ORD_0002687,RIDER_0144,6.44,Cloudy,High,28.4,2.4,64.9,59.2
DEL_0002688,ORD_0002688,RIDER_0133,4.89,Foggy,Moderate,14.9,2.8,34.5,39.5
DEL_0002689,ORD_0002689,RIDER_0016,9.57,Foggy,Low,29.5,6.6,63.4,72.8
DEL_0002690,ORD_0002690,RIDER_0139,6.65,Rainy,Congested,30.6,3.0,94.8,62.2
DEL_0002691,ORD_0002691,RIDER_0123,2.36,Rainy,Low,29.4,2.9,39.1,43.8
DEL_0002692,ORD_0002692,RIDER_0006,13.52,Sunny,High,18.8,4.5,89.2,77.9
DEL_0002693,ORD_0002693,RIDER_0134,9.95,Clear,High,18.7,7.6,77.3,63.5
DEL_0002694,ORD_0002694,RIDER_0117,6.54,Clear,Moderate,21.4,5.4,49.2,52.6
DEL_0002695,ORD_0002695,RIDER_0039,8.04,Foggy,Low,23.6,3.8,55.0,60.8
DEL_0002696,ORD_0002696,RIDER_0025,5.9,Clear,Congested,28.9,7.7,82.7,57.5
DEL_0002697,ORD_0002697,RIDER_0112,7.62,Clear,Moderate,14.3,7.2,48.0,49.8
DEL_0002698,ORD_0002698,RIDER_0076,5.94,Foggy,High,31.1,3.5,73.8,59.9
DEL_0002699,ORD_0002699,RIDER_0026,5.79,Clear,Moderate,17.2,7.1,46.6,45.4
DEL_0002700,ORD_0002700,RIDER_0123,6.1,Sunny,Moderate,18.1,3.2,43.0,47.5
DEL_0002701,ORD_0002701,RIDER_0131,10.54,Foggy,Low,21.0,3.4,52.2,68.2
DEL_0002702,ORD_0002702,RIDER_0050,11.86,Rainy,High,22.4,5.8,94.5,74.8
DEL_0002703,ORD_0002703,RIDER_0045,7.28,Heavy Rain,High,27.4,4.0,84.1,61.5
DEL_0002704,ORD_0002704,RIDER_0035,2.48,Heavy Rain,Moderate,13.3,5.6,33.2,28.2
DEL_0002706,ORD_0002706,RIDER_0108,1.43,Rainy,High,12.6,7.2,27.7,23.3
DEL_0002707,ORD_0002707,RIDER_0051,2.59,Rainy,Low,31.7,3.6,41.2,47.1
DEL_0002708,ORD_0002708,RIDER_0098,9.39,Clear,Low,11.4,5.9,43.8,54.0
DEL_0002709,ORD_0002709,RIDER_0053,1.54,Sunny,Low,29.3,2.4,35.7,40.5
DEL_0002710,ORD_0002710,RIDER_0077,9.79,Foggy,Moderate,29.7,5.0,72.7,73.9
DEL_0002711,ORD_0002711,RIDER_0092,3.64,Cloudy,Congested,26.4,7.6,57.5,46.0
DEL_0002712,ORD_0002712,RIDER_0077,7.94,Clear,Moderate,29.4,4.0,52.1,66.2
DEL_0002713,ORD_0002713,RIDER_0009,13.33,Sunny,Moderate,27.4,7.7,79.3,85.7
DEL_0002714,ORD_0002714,RIDER_0019,12.27,Clear,High,10.6,7.2,80.1,64.7
DEL_0002715,ORD_0002715,RIDER_0136,4.75,Foggy,Moderate,13.2,2.1,36.9,37.2
DEL_0002716,ORD_0002716,RIDER_0132,9.48,Rainy,Moderate,14.2,2.1,53.4,57.1
DEL_0002717,ORD_0002717,RIDER_0105,9.94,Clear,Low,25.2,4.7,48.7,70.0
DEL_0002718,ORD_0002718,RIDER_0071,5.54,Cloudy,Moderate,15.3,7.1,40.1,42.5
DEL_0002719,ORD_0002719,RIDER_0035,10.25,Sunny,Low,29.2,5.5,59.7,75.2
DEL_0002720,ORD_0002720,RIDER_0040,8.57,Clear,Congested,11.3,3.1,77.3,50.6
DEL_0002721,ORD_0002721,RIDER_0029,13.23,Clear,Congested,13.5,6.5,121.7,71.4
DEL_0002722,ORD_0002722,RIDER_0100,14.75,Sunny,Moderate,30.2,7.1,87.1,94.2
DEL_0002723,ORD_0002723,RIDER_0098,14.55,Sunny,Low,20.2,3.5,60.8,83.4
DEL_0002725,ORD_0002725,RIDER_0042,9.92,Clear,Low,13.4,7.7,44.8,58.1
DEL_0002726,ORD_0002726,RIDER_0096,2.28,Heavy Rain,Low,20.1,7.2,36.1,34.2
DEL_0002727,ORD_0002727,RIDER_0043,4.68,Sunny,Low,12.1,3.2,25.7,35.8
DEL_0002728,ORD_0002728,RIDER_0006,9.59,Sunny,Moderate,13.8,3.9,49.2,57.2
DEL_0002729,ORD_0002729,RIDER_0029,2.65,Clear,Moderate,18.4,6.3,33.8,34.0
DEL_0002730,ORD_0002730,RIDER_0048,5.04,Sunny,Moderate,24.9,6.1,49.5,50.1
DEL_0002731,ORD_0002731,RIDER_0122,14.02,Clear,Low,16.7,4.8,54.0,77.8
DEL_0002732,ORD_0002732,RIDER_0020,4.08,Clear,Moderate,19.6,3.7,34.4,40.9
DEL_0002733,ORD_0002733,RIDER_0106,1.56,Clear,Low,12.3,7.2,22.6,23.5
DEL_0002734,ORD_0002734,RIDER_0037,14.2,Clear,High,14.9,5.9,91.8,76.7
DEL_0002735,ORD_0002735,RIDER_0079,13.59,Clear,High,20.7,2.7,95.9,80.1
DEL_0002736,ORD_0002736,RIDER_0033,9.13,Rainy,Moderate,17.1,4.2,57.0,58.6
DEL_0002737,ORD_0002737,RIDER_0097,12.77,Clear,High,20.2,5.3,89.0,76.3
DEL_0002738,ORD_0002738,RIDER_0136,9.8,Clear,Low,26.1,7.0,58.1,70.3
DEL_0002739,ORD_0002739,RIDER_0104,7.02,Clear,High,26.6,6.7,68.3,59.7
DEL_0002740,ORD_0002740,RIDER_0119,9.2,Clear,Moderate,16.4,6.2,52.0,58.2
DEL_0002741,ORD_0002741,RIDER_0133,2.62,Clear,High,16.3,6.9,36.8,31.8
DEL_0002742,ORD_0002742,RIDER_0016,13.35,Sunny,High,23.9,4.2,92.9,82.3
DEL_0002743,ORD_0002743,RIDER_0090,3.59,Sunny,Moderate,22.2,4.3,37.8,41.6
DEL_0002744,ORD_0002744,RIDER_0137,7.06,Clear,High,16.8,2.9,53.2,50.0
DEL_0002745,ORD_0002745,RIDER_0007,2.93,Clear,Low,16.4,5.4,30.6,33.1
DEL_0002746,ORD_0002746,RIDER_0116,7.17,Clear,Moderate,15.2,3.0,42.5,48.9
DEL_0002747,ORD_0002747,RIDER_0011,13.35,Clear,High,24.8,6.6,96.5,83.2
DEL_0002748,ORD_0002748,RIDER_0009,1.65,Sunny,High,26.4,3.8,41.1,38.0
DEL_0002749,ORD_0002749,RIDER_0122,11.98,Rainy,Moderate,17.4,4.6,69.6,70.3
DEL_0002750,ORD_0002750,RIDER_0012,7.42,Clear,Moderate,15.6,7.6,54.0,50.3
DEL_0002751,ORD_0002751,RIDER_0009,7.81,Clear,High,24.1,6.0,63.0,60.3
DEL_0002752,ORD_0002752,RIDER_0039,8.4,Clear,Congested,13.3,4.8,79.9,51.9
DEL_0002753,ORD_0002753,RIDER_0068,8.68,Sunny,Moderate,19.0,3.7,56.1,58.7
DEL_0002754,ORD_0002754,RIDER_0034,9.16,Clear,Moderate,20.3,2.8,57.3,61.9
DEL_0002755,ORD_0002755,RIDER_0080,10.3,Clear,Low,23.4,4.6,53.9,69.6
DEL_0002756,ORD_0002756,RIDER_0126,12.99,Clear,Moderate,20.1,7.3,67.1,77.1
DEL_0002757,ORD_0002757,RIDER_0084,1.33,Sunny,Congested,17.9,2.5,29.8,28.2
DEL_0002758,ORD_0002758,RIDER_0125,2.17,Clear,Congested,21.2,2.7,39.9,34.9
DEL_0002759,ORD_0002759,RIDER_0104,5.16,Clear,Low,29.4,5.6,49.6,55.0
DEL_0002760,ORD_0002760,RIDER_0126,6.29,Sunny,Low,15.7,7.5,38.1,45.9
DEL_0002761,ORD_0002761,RIDER_0150,4.14,Foggy,Low,21.3,6.4,40.8,42.9
DEL_0002762,ORD_0002762,RIDER_0107,6.72,Sunny,Low,30.8,4.9,49.8,62.7
DEL_0002763,ORD_0002763,RIDER_0105,5.02,Rainy,High,22.3,3.4,56.0,47.4
DEL_0002764,ORD_0002764,RIDER_0037,14.66,Cloudy,High,29.2,4.0,110.9,92.8
DEL_0002765,ORD_0002765,RIDER_0102,13.06,Sunny,Low,16.8,6.1,58.1,74.0
DEL_0002767,ORD_0002767,RIDER_0113,14.74,Cloudy,Low,12.8,4.9,53.5,76.8
DEL_0002768,ORD_0002768,RIDER_0038,12.09,Foggy,Moderate,17.0,6.7,70.3,70.4
DEL_0002769,ORD_0002769,RIDER_0065,2.51,Cloudy,Low,27.9,7.9,42.6,42.9
DEL_0002770,ORD_0002770,RIDER_0028,3.91,Clear,Congested,10.1,6.4,43.3,30.7
DEL_0002771,ORD_0002771,RIDER_0079,2.09,Cloudy,High,14.7,7.4,31.1,28.1
DEL_0002772,ORD_0002772,RIDER_0085,12.9,Cloudy,High,19.5,6.2,87.9,76.1
DEL_0002773,ORD_0002773,RIDER_0108,6.03,Sunny,Moderate,11.7,7.7,36.1,40.8
DEL_0002774,ORD_0002774,RIDER_0075,7.32,Clear,Moderate,29.5,3.5,60.6,63.8
DEL_0002775,ORD_0002775,RIDER_0120,11.59,Cloudy,Moderate,14.0,2.6,56.1,65.4
DEL_0002776,ORD_0002776,RIDER_0066,3.97,Sunny,Low,24.6,5.5,42.0,45.5
DEL_0002777,ORD_0002777,RIDER_0044,2.58,Clear,Low,31.0,2.5,40.7,46.3
DEL_0002778,ORD_0002778,RIDER_0059,11.53,Clear,Moderate,25.4,7.2,74.6,76.5
DEL_0002779,ORD_0002779,RIDER_0038,6.61,Sunny,Moderate,24.2,7.4,53.5,55.6
DEL_0002780,ORD_0002780,RIDER_0107,14.18,Foggy,Moderate,24.6,5.1,89.6,86.3
DEL_0002781,ORD_0002781,RIDER_0078,4.58,Clear,Low,14.8,5.1,27.3,38.1
DEL_0002782,ORD_0002782,RIDER_0082,4.48,Sunny,Low,26.6,6.8,46.4,49.5
DEL_0002783,ORD_0002783,RIDER_0062,3.57,Sunny,Moderate,26.8,3.8,46.3,46.1
DEL_0002784,ORD_0002784,RIDER_0070,8.74,Clear,Low,23.5,7.9,53.3,63.5
DEL_0002785,ORD_0002785,RIDER_0099,7.88,Clear,High,29.4,5.6,75.9,65.9
DEL_0002786,ORD_0002786,RIDER_0112,5.21,Clear,Congested,29.9,3.6,74.4,55.7
DEL_0002787,ORD_0002787,RIDER_0113,12.33,Sunny,Moderate,12.0,2.8,59.7,66.3
DEL_0002788,ORD_0002788,RIDER_0085,3.38,Cloudy,Low,12.5,3.3,22.6,31.0
DEL_0002789,ORD_0002789,RIDER_0138,9.6,Clear,Moderate,29.4,4.8,66.2,72.8
DEL_0002790,ORD_0002790,RIDER_0105,6.92,Clear,Moderate,11.7,6.9,44.0,44.4
DEL_0002791,ORD_0002791,RIDER_0050,4.86,Clear,Low,24.6,5.1,39.6,49.0
DEL_0002792,ORD_0002792,RIDER_0039,5.74,Cloudy,Moderate,19.8,3.2,45.8,47.8
DEL_0002793,ORD_0002793,RIDER_0019,4.63,Cloudy,Congested,10.7,4.4,50.6,34.2
DEL_0002794,ORD_0002794,RIDER_0120,3.93,Clear,Moderate,18.4,6.9,37.2,39.1
DEL_0002796,ORD_0002796,RIDER_0027,11.08,Clear,Moderate,11.4,2.3,44.2,60.7
DEL_0002797,ORD_0002797,RIDER_0008,3.64,Cloudy,Low,27.2,2.6,33.9,46.8
DEL_0002798,ORD_0002798,RIDER_0049,4.63,Heavy Rain,Moderate,20.6,6.6,52.9,44.1
DEL_0002799,ORD_0002799,RIDER_0054,11.77,Rainy,High,29.6,7.3,107.7,81.7
DEL_0002800,ORD_0002800,RIDER_0011,6.94,Clear,Moderate,27.4,6.0,54.8,60.2
DEL_0002801,ORD_0002801,RIDER_0075,14.33,Cloudy,High,23.8,3.2,97.8,86.1
DEL_0002803,ORD_0002803,RIDER_0043,2.11,Heavy Rain,Moderate,24.0,5.1,38.3,37.4
DEL_0002804,ORD_0002804,RIDER_0103,10.45,Rainy,Moderate,13.1,7.0,57.8,59.9
DEL_0002805,ORD_0002805,RIDER_0018,10.11,Clear,Moderate,27.2,6.2,65.2,72.6
DEL_0002806,ORD_0002806,RIDER_0068,1.98,Clear,Moderate,23.7,3.6,33.6,36.6
DEL_0002807,ORD_0002807,RIDER_0062,5.82,Sunny,Moderate,30.7,7.0,61.9,59.0
DEL_0002808,ORD_0002808,RIDER_0139,12.88,Cloudy,Moderate,18.6,5.7,68.0,75.1
DEL_0002809,ORD_0002809,RIDER_0007,1.22,Heavy Rain,Congested,25.4,7.4,50.2,35.3
DEL_0002810,ORD_0002810,RIDER_0037,7.27,Clear,Low,26.0,6.1,48.6,60.1
DEL_0002811,ORD_0002811,RIDER_0035,11.77,Cloudy,Moderate,30.6,5.2,74.5,82.7
DEL_0002812,ORD_0002812,RIDER_0125,8.11,Clear,Congested,30.0,7.3,97.9,67.4
DEL_0002813,ORD_0002813,RIDER_0119,9.95,Sunny,Moderate,26.9,7.6,67.6,71.7
DEL_0002814,ORD_0002814,RIDER_0045,13.52,Sunny,High,12.2,3.2,81.3,71.3
DEL_0002815,ORD_0002815,RIDER_0102,6.61,Clear,Congested,23.2,6.4,79.5,54.6
DEL_0002816,ORD_0002816,RIDER_0054,7.02,Clear,Moderate,22.2,6.3,51.4,55.3
DEL_0002817,ORD_0002817,RIDER_0080,7.14,Sunny,High,17.1,5.0,57.4,50.7
DEL_0002818,ORD_0002818,RIDER_0149,13.76,Rainy,Low,18.2,5.8,62.3,78.2
DEL_0002819,ORD_0002819,RIDER_0080,6.98,Clear,Moderate,23.6,2.3,49.1,56.5
DEL_0002820,ORD_0002820,RIDER_0130,8.06,Clear,Moderate,19.2,6.6,51.9,56.4
DEL_0002821,ORD_0002821,RIDER_0086,2.69,Cloudy,High,22.3,3.0,40.4,38.1
DEL_0002822,ORD_0002822,RIDER_0083,13.26,Clear,Moderate,23.0,4.8,68.4,81.0
DEL_0002823,ORD_0002823,RIDER_0095,9.34,Cloudy,Moderate,14.9,5.8,53.3,57.3
DEL_0002824,ORD_0002824,RIDER_0111,5.93,Heavy Rain,High,24.2,5.6,73.7,52.9
DEL_0002825,ORD_0002825,RIDER_0034,8.97,Clear,Moderate,20.9,3.8,52.9,61.8
DEL_0002826,ORD_0002826,RIDER_0007,8.58,Cloudy,Congested,11.2,6.0,80.7,50.5
DEL_0002827,ORD_0002827,RIDER_0116,2.04,Rainy,Low,20.8,6.7,34.9,34.0
DEL_0002828,ORD_0002828,RIDER_0132,8.62,Heavy Rain,Moderate,16.0,2.2,67.7,55.5
DEL_0002829,ORD_0002829,RIDER_0086,9.44,Sunny,Moderate,28.4,6.6,73.5,71.2
DEL_0002830,ORD_0002830,RIDER_0024,9.18,Clear,Moderate,28.0,3.0,60.8,69.7
DEL_0002831,ORD_0002831,RIDER_0093,12.48,Sunny,Low,20.2,2.4,50.9,75.1
DEL_0002832,ORD_0002832,RIDER_0112,12.77,Sunny,Moderate,12.7,2.1,59.2,68.8
DEL_0002833,ORD_0002833,RIDER_0150,5.75,Cloudy,Low,15.7,3.6,34.5,43.7
DEL_0002834,ORD_0002834,RIDER_0022,11.16,Cloudy,Congested,21.6,7.2,114.7,71.2
DEL_0002835,ORD_0002835,RIDER_0023,11.0,Clear,Moderate,17.2,6.0,60.8,66.2
DEL_0002836,ORD_0002836,RIDER_0125,6.86,Clear,Moderate,26.7,5.7,56.7,59.1
DEL_0002837,ORD_0002837,RIDER_0130,3.66,Clear,Moderate,16.5,6.9,35.7,36.1
DEL_0002838,ORD_0002838,RIDER_0009,14.42,Cloudy,Low,23.7,2.1,64.0,86.4
DEL_0002839,ORD_0002839,RIDER_0139,12.79,Cloudy,Low,20.8,3.7,56.4,77.0
DEL_0002840,ORD_0002840,RIDER_0063,8.28,Clear,Moderate,26.7,2.3,58.4,64.8
DEL_0002841,ORD_0002841,RIDER_0108,6.21,Clear,Low,12.0,7.7,36.1,41.8
DEL_0002842,ORD_0002842,RIDER_0055,3.27,Sunny,Moderate,25.3,7.3,43.5,43.4
DEL_0002843,ORD_0002843,RIDER_0084,9.22,Rainy,Low,28.2,3.7,64.4,70.1
DEL_0002844,ORD_0002844,RIDER_0037,5.21,Rainy,Moderate,26.8,3.7,48.8,52.6
DEL_0002845,ORD_0002845,RIDER_0001,12.26,Clear,Congested,16.6,3.8,111.5,70.6
DEL_0002846,ORD_0002846,RIDER_0082,13.23,Sunny,High,15.5,7.9,87.3,73.4
DEL_0002847,ORD_0002847,RIDER_0112,9.6,Sunny,Low,14.8,3.3,36.8,58.2
DEL_0002848,ORD_0002848,RIDER_0001,12.78,Cloudy,Moderate,12.2,3.7,59.0,68.3
DEL_0002849,ORD_0002849,RIDER_0077,9.35,Clear,High,11.1,6.0,65.0,53.5
DEL_0002850,ORD_0002850,RIDER_0054,14.2,Clear,Congested,21.7,7.5,134.3,83.5
DEL_0002851,ORD_0002851,RIDER_0107,3.36,Clear,Moderate,27.6,6.6,44.6,46.0
DEL_0002852,ORD_0002852,RIDER_0024,2.87,Clear,Congested,23.6,3.1,49.1,40.1
DEL_0002853,ORD_0002853,RIDER_0082,3.76,Clear,Low,22.4,4.7,39.2,42.4
DEL_0002854,ORD_0002854,RIDER_0075,4.97,Clear,Moderate,27.0,7.1,52.6,51.9
DEL_0002855,ORD_0002855,RIDER_0001,10.11,Cloudy,Moderate,13.8,3.5,46.2,59.2
DEL_0002856,ORD_0002856,RIDER_0111,14.59,Clear,Low,12.5,7.9,56.8,75.9
DEL_0002857,ORD_0002857,RIDER_0010,6.42,Sunny,Congested,17.8,6.9,71.8,48.5
DEL_0002858,ORD_0002858,RIDER_0028,1.86,Clear,Low,10.5,2.9,17.8,22.9
DEL_0002859,ORD_0002859,RIDER_0007,1.46,Clear,Moderate,21.8,4.8,30.2,32.6
DEL_0002860,ORD_0002860,RIDER_0024,4.86,Rainy,Moderate,29.0,3.4,54.5,53.4
DEL_0002861,ORD_0002861,RIDER_0050,14.42,Clear,Low,13.1,6.0,58.9,75.8
DEL_0002862,ORD_0002862,RIDER_0007,1.7,Cloudy,Moderate,22.3,7.6,33.9,34.1
DEL_0002863,ORD_0002863,RIDER_0127,4.23,Clear,High,16.5,4.1,37.8,38.4
DEL_0002864,ORD_0002864,RIDER_0041,7.2,Foggy,Moderate,19.3,7.2,52.0,53.1
DEL_0002865,ORD_0002865,RIDER_0078,9.2,Clear,Low,26.5,7.6,57.2,68.3
DEL_0002866,ORD_0002866,RIDER_0137,6.31,Clear,Low,28.5,7.8,50.0,58.7
DEL_0002867,ORD_0002867,RIDER_0018,7.02,Clear,High,17.6,7.3,57.8,50.7
DEL_0002868,ORD_0002868,RIDER_0047,1.27,Clear,High,15.7,7.0,28.1,25.8
DEL_0002869,ORD_0002869,RIDER_0007,12.14,Clear,High,26.5,7.4,98.2,80.1
DEL_0002870,ORD_0002870,RIDER_0148,11.7,Cloudy,Moderate,17.7,3.8,60.2,69.5
DEL_0002871,ORD_0002871,RIDER_0055,8.41,Cloudy,Low,21.3,5.5,44.1,59.9
DEL_0002872,ORD_0002872,RIDER_0124,11.58,Clear,Moderate,12.4,5.2,56.3,63.7
DEL_0002873,ORD_0002873,RIDER_0067,2.67,Rainy,High,29.9,6.1,54.5,45.6
DEL_0002874,ORD_0002874,RIDER_0119,3.53,Clear,Low,29.3,6.3,40.9,48.4
DEL_0002875,ORD_0002875,RIDER_0049,2.2,Cloudy,Congested,17.7,2.3,37.0,31.5
DEL_0002876,ORD_0002876,RIDER_0074,12.18,Clear,Congested,23.7,4.9,121.5,77.4
DEL_0002877,ORD_0002877,RIDER_0057,10.84,Cloudy,Moderate,29.6,3.6,70.3,78.0
DEL_0002878,ORD_0002878,RIDER_0026,4.8,Rainy,Moderate,22.1,4.9,46.3,46.3
DEL_0002879,ORD_0002879,RIDER_0037,5.89,Clear,Low,30.4,2.5,50.1,59.0
DEL_0002880,ORD_0002880,RIDER_0034,9.76,Cloudy,Low,26.4,2.4,53.5,70.4
DEL_0002881,ORD_0002881,RIDER_0011,7.99,Rainy,Low,30.2,6.5,61.0,67.2
DEL_0002882,ORD_0002882,RIDER_0140,11.18,Sunny,Moderate,26.0,2.7,66.9,75.7
DEL_0002883,ORD_0002883,RIDER_0011,5.03,Clear,Low,27.7,6.7,42.7,52.8
DEL_0002884,ORD_0002884,RIDER_0085,9.78,Clear,Moderate,12.4,7.4,54.5,56.5
DEL_0002885,ORD_0002885,RIDER_0081,1.69,Clear,Low,26.3,7.4,40.5,38.1
DEL_0002886,ORD_0002886,RIDER_0120,9.6,Foggy,Low,29.4,3.8,63.0,72.8
DEL_0002887,ORD_0002887,RIDER_0083,8.04,Sunny,Moderate,25.1,3.2,55.6,62.3
DEL_0002888,ORD_0002888,RIDER_0119,5.38,Rainy,Low,26.4,5.3,47.5,52.9
DEL_0002889,ORD_0002889,RIDER_0149,6.88,Rainy,High,19.6,5.4,66.9,52.1
DEL_0002890,ORD_0002890,RIDER_0032,5.25,Foggy,Low,15.7,7.0,38.4,41.7
DEL_0002891,ORD_0002891,RIDER_0116,5.89,Clear,High,26.4,3.3,60.8,55.0
DEL_0002892,ORD_0002892,RIDER_0110,4.7,Cloudy,Moderate,12.8,7.2,33.1,36.6
DEL_0002893,ORD_0002893,RIDER_0008,9.95,Rainy,Low,19.1,6.5,57.4,63.9
DEL_0002894,ORD_0002894,RIDER_0063,5.95,Clear,High,31.7,6.6,66.0,60.5
DEL_0002895,ORD_0002895,RIDER_0078,13.46,Clear,Low,27.3,3.3,63.3,86.1
DEL_0002896,ORD_0002896,RIDER_0026,13.12,Clear,Low,26.5,5.2,61.5,84.0
DEL_0002897,ORD_0002897,RIDER_0140,13.1,Rainy,Low,22.7,2.4,64.6,80.1
DEL_0002898,ORD_0002898,RIDER_0031,2.08,Cloudy,Moderate,28.2,2.4,40.8,41.5
DEL_0002899,ORD_0002899,RIDER_0097,6.6,Clear,Moderate,19.1,3.1,47.7,50.5
DEL_0002900,ORD_0002900,RIDER_0026,5.41,Clear,Moderate,17.5,7.2,42.9,44.1
DEL_0002901,ORD_0002901,RIDER_0035,4.2,Cloudy,High,27.6,6.4,56.6,49.4
DEL_0002902,ORD_0002902,RIDER_0106,5.29,Cloudy,Moderate,26.0,7.0,49.3,52.2
DEL_0002903,ORD_0002903,RIDER_0150,7.84,Clear,Moderate,30.9,4.9,63.6,67.3
DEL_0002904,ORD_0002904,RIDER_0048,5.82,Cloudy,Low,24.3,3.7,39.3,52.6
DEL_0002905,ORD_0002905,RIDER_0029,7.26,Clear,Low,14.6,6.4,36.8,48.6
DEL_0002906,ORD_0002906,RIDER_0046,4.42,Clear,Moderate,30.4,7.0,48.9,53.1
DEL_0002907,ORD_0002907,RIDER_0095,10.63,Sunny,Congested,24.7,3.3,108.8,72.2
DEL_0002908,ORD_0002908,RIDER_0025,2.05,Clear,Moderate,24.7,4.2,37.8,37.9
DEL_0002909,ORD_0002909,RIDER_0080,8.72,Rainy,Moderate,20.1,2.4,55.0,60.0
DEL_0002910,ORD_0002910,RIDER_0090,8.52,Cloudy,Congested,17.3,3.0,87.6,56.4
DEL_0002911,ORD_0002911,RIDER_0001,9.58,Heavy Rain,Moderate,21.7,6.3,75.1,65.0
DEL_0002912,ORD_0002912,RIDER_0091,12.45,Clear,High,25.0,5.8,93.4,79.8
DEL_0002913,ORD_0002913,RIDER_0021,5.08,Sunny,Moderate,26.8,2.5,44.4,52.1
DEL_0002914,ORD_0002914,RIDER_0026,1.76,Cloudy,Moderate,10.2,3.5,23.4,22.2
DEL_0002915,ORD_0002915,RIDER_0044,9.29,Clear,High,18.8,3.2,72.2,61.0
DEL_0002916,ORD_0002916,RIDER_0070,13.76,Clear,Low,24.2,6.7,62.4,84.2
DEL_0002917,ORD_0002917,RIDER_0108,13.0,Sunny,Low,15.4,6.5,55.7,72.4
DEL_0002918,ORD_0002918,RIDER_0130,6.69,Clear,Congested,14.1,7.4,70.5,45.9
DEL_0002919,ORD_0002919,RIDER_0148,1.46,Heavy Rain,Moderate,19.4,7.7,31.5,30.2
DEL_0002920,ORD_0002920,RIDER_0067,3.66,Clear,Moderate,28.4,3.2,45.5,48.0
DEL_0002921,ORD_0002921,RIDER_0018,10.18,Clear,High,20.7,4.3,77.0,66.4
DEL_0002922,ORD_0002922,RIDER_0145,8.08,Sunny,Low,28.5,2.6,56.4,65.8
DEL_0002923,ORD_0002923,RIDER_0093,6.93,Clear,Moderate,31.2,4.6,54.4,63.9
DEL_0002924,ORD_0002924,RIDER_0133,4.26,Sunny,High,31.7,4.4,59.2,53.7
DEL_0002925,ORD_0002925,RIDER_0146,2.77,Clear,High,27.4,4.9,50.4,43.5
DEL_0002926,ORD_0002926,RIDER_0133,5.56,Cloudy,Moderate,27.0,2.7,46.9,54.2
DEL_0002928,ORD_0002928,RIDER_0130,5.63,Clear,High,19.4,3.9,53.7,46.9
DEL_0002929,ORD_0002929,RIDER_0056,14.54,Cloudy,Low,12.8,4.0,51.7,76.0
DEL_0002930,ORD_0002930,RIDER_0098,1.93,Cloudy,Moderate,25.3,5.7,40.2,38.0
DEL_0002931,ORD_0002931,RIDER_0043,11.32,Sunny,Moderate,25.3,7.4,69.2,75.6
DEL_0002932,ORD_0002932,RIDER_0108,6.19,Cloudy,High,27.0,7.3,63.7,56.8
DEL_0002933,ORD_0002933,RIDER_0080,1.66,Cloudy,Congested,22.3,3.2,36.7,33.9
DEL_0002934,ORD_0002934,RIDER_0086,3.69,Cloudy,Low,29.4,3.2,42.1,49.2
DEL_0002935,ORD_0002935,RIDER_0025,13.88,Sunny,Moderate,21.0,7.4,72.5,81.5
DEL_0002936,ORD_0002936,RIDER_0092,10.73,Sunny,Low,29.2,2.5,56.4,77.1
DEL_0002937,ORD_0002937,RIDER_0046,9.89,Sunny,High,10.5,7.2,71.0,55.1
DEL_0002938,ORD_0002938,RIDER_0134,8.57,Cloudy,Moderate,21.6,2.9,52.1,60.9
DEL_0002939,ORD_0002939,RIDER_0067,2.51,Cloudy,Low,19.7,4.4,35.4,34.7
DEL_0002940,ORD_0002940,RIDER_0107,14.72,Sunny,High,30.7,6.1,102.9,94.6
DEL_0002941,ORD_0002941,RIDER_0109,7.24,Clear,Moderate,22.5,4.5,50.3,56.5
DEL_0002942,ORD_0002942,RIDER_0089,13.91,Rainy,Moderate,25.0,3.8,84.2,85.6
DEL_0002943,ORD_0002943,RIDER_0148,5.44,Foggy,Low,13.9,2.6,32.2,40.7
DEL_0002944,ORD_0002944,RIDER_0053,12.31,Clear,Low,29.5,4.6,64.3,83.7
DEL_0002945,ORD_0002945,RIDER_0037,3.62,Clear,Low,13.0,7.4,28.2,32.5
DEL_0002946,ORD_0002946,RIDER_0146,4.41,Clear,Low,11.3,7.2,29.2,33.9
DEL_0002947,ORD_0002947,RIDER_0024,6.59,Clear,Low,17.7,2.3,31.4,49.1
DEL_0002948,ORD_0002948,RIDER_0114,6.26,Cloudy,Moderate,24.9,7.8,56.2,54.9
DEL_0002949,ORD_0002949,RIDER_0127,11.01,Sunny,High,26.5,4.9,87.7,75.5
DEL_0002950,ORD_0002950,RIDER_0001,4.18,Sunny,Moderate,26.6,4.5,45.1,48.3
DEL_0002951,ORD_0002951,RIDER_0107,9.98,Rainy,Low,24.3,4.9,58.0,69.2
DEL_0002952,ORD_0002952,RIDER_0121,6.26,Foggy,Moderate,21.7,6.7,56.8,51.7
DEL_0002954,ORD_0002954,RIDER_0101,11.43,Cloudy,Low,26.7,5.4,62.1,77.4
DEL_0002955,ORD_0002955,RIDER_0146,10.17,Clear,Low,27.8,3.5,56.6,73.5
DEL_0002956,ORD_0002956,RIDER_0013,4.67,Sunny,High,21.6,6.5,51.5,45.3
DEL_0002957,ORD_0002957,RIDER_0123,4.53,Rainy,High,24.1,6.5,56.0,47.2
DEL_0002958,ORD_0002958,RIDER_0103,9.1,Sunny,Low,12.7,4.7,39.1,54.1
DEL_0002959,ORD_0002959,RIDER_0064,1.71,Rainy,Moderate,28.3,5.8,41.1,40.1
DEL_0002960,ORD_0002960,RIDER_0104,10.27,Heavy Rain,High,13.9,7.5,103.5,60.0
DEL_0002961,ORD_0002961,RIDER_0023,7.31,Clear,High,19.8,6.6,66.8,54.0
DEL_0002962,ORD_0002962,RIDER_0113,13.54,Sunny,Moderate,29.7,3.4,73.1,88.9
DEL_0002963,ORD_0002963,RIDER_0036,2.8,Cloudy,Low,16.2,5.3,26.9,32.4
DEL_0002964,ORD_0002964,RIDER_0037,5.3,Clear,High,31.4,3.1,61.3,57.6
DEL_0002966,ORD_0002966,RIDER_0146,11.86,Foggy,Moderate,29.3,3.9,83.3,81.7
DEL_0002967,ORD_0002967,RIDER_0096,4.27,Clear,High,15.2,4.3,40.0,37.3
DEL_0002968,ORD_0002968,RIDER_0117,3.23,Clear,High,29.1,4.3,52.7,47.0
DEL_0002969,ORD_0002969,RIDER_0128,3.05,Cloudy,Moderate,28.8,4.9,39.4,46.0
DEL_0002970,ORD_0002970,RIDER_0010,2.67,Clear,High,18.3,5.6,39.7,34.0
DEL_0002971,ORD_0002971,RIDER_0014,6.67,Rainy,Congested,25.0,7.7,88.1,56.7
DEL_0002972,ORD_0002972,RIDER_0112,3.69,Clear,Moderate,26.3,5.2,47.7,46.1
DEL_0002973,ORD_0002973,RIDER_0115,8.87,Clear,High,15.2,2.5,60.0,55.7
DEL_0002974,ORD_0002974,RIDER_0017,12.62,Rainy,Low,29.9,5.9,73.8,85.4
DEL_0002975,ORD_0002975,RIDER_0049,10.54,Sunny,Moderate,28.3,2.9,66.1,75.5
DEL_0002976,ORD_0002976,RIDER_0130,14.28,Clear,Moderate,14.1,3.7,66.7,76.2
DEL_0002977,ORD_0002977,RIDER_0049,8.97,Clear,Moderate,15.8,6.4,46.5,56.7
DEL_0002978,ORD_0002978,RIDER_0140,6.0,Clear,Moderate,27.0,7.4,61.7,56.0
DEL_0002979,ORD_0002979,RIDER_0103,3.28,Clear,Moderate,26.0,7.0,43.7,44.1
DEL_0002980,ORD_0002980,RIDER_0036,13.67,Clear,High,18.2,4.3,91.0,77.9
DEL_0002981,ORD_0002981,RIDER_0131,9.96,Cloudy,Moderate,20.7,7.3,62.2,65.5
DEL_0002982,ORD_0002982,RIDER_0011,5.63,Clear,High,26.9,5.4,64.8,54.4
DEL_0002983,ORD_0002983,RIDER_0048,10.39,Clear,Low,11.6,5.8,45.9,58.2
DEL_0002984,ORD_0002984,RIDER_0064,9.52,Foggy,Low,31.9,4.2,64.9,75.0
DEL_0002985,ORD_0002985,RIDER_0068,12.12,Clear,High,29.8,5.3,93.1,83.3
DEL_0002986,ORD_0002986,RIDER_0148,13.72,Cloudy,Low,12.5,4.8,53.2,72.4
DEL_0002987,ORD_0002987,RIDER_0140,7.38,Clear,Moderate,31.2,4.7,64.4,65.7
DEL_0002988,ORD_0002988,RIDER_0134,5.93,Cloudy,Moderate,27.3,2.7,48.9,56.0
DEL_0002989,ORD_0002989,RIDER_0029,2.47,Clear,High,30.2,4.5,48.6,45.1
DEL_0002990,ORD_0002990,RIDER_0057,13.86,Sunny,Moderate,23.3,7.3,78.7,83.7
DEL_0002991,ORD_0002991,RIDER_0027,3.66,Clear,Congested,21.2,3.9,50.7,40.8
DEL_0002992,ORD_0002992,RIDER_0086,13.99,Cloudy,Moderate,14.4,5.9,64.5,75.4
DEL_0002993,ORD_0002993,RIDER_0042,8.09,Sunny,Low,20.0,7.0,47.9,57.4
DEL_0002994,ORD_0002994,RIDER_0044,8.3,Clear,High,31.8,7.6,78.3,70.0
DEL_0002995,ORD_0002995,RIDER_0078,8.38,Clear,Moderate,29.0,3.2,56.9,67.5
DEL_0002996,ORD_0002996,RIDER_0130,11.27,Clear,Low,11.9,2.2,42.8,62.0
DEL_0002997,ORD_0002997,RIDER_0075,6.22,Clear,Congested,15.2,5.3,73.6,45.1
DEL_0002998,ORD_0002998,RIDER_0078,5.63,Foggy,Moderate,31.1,7.1,60.5,58.6
DEL_0002999,ORD_0002999,RIDER_0020,13.18,Clear,Moderate,29.7,5.1,82.2,87.4
DEL_0003000,ORD_0003000,RIDER_0124,10.14,Clear,Low,16.9,4.2,46.6,62.5
