order_id,customer_id,restaurant_id,delivery_partner_id,order_timestamp,order_status,items_count,order_amount,discount_amount,delivery_fee,final_billed_amount,payment_mode,order_hour,is_weekend
ORD_0000001,CUST_00008,REST_1065,RIDER_0029,2026-08-29 16:02:31,Delivered,4,1416.13,0,54.9,1471.03,Zomato Wallet,16,1
ORD_0000002,CUST_00131,REST_1034,RIDER_0016,2026-08-27 14:51:54,Delivered,1,223.58,20,29.48,233.06,Zomato Wallet,14,0
ORD_0000003,CUST_00056,REST_1004,RIDER_0075,2026-09-06 13:43:47,Delivered,2,319.78,20,32.55,332.33,Zomato Wallet,13,1
ORD_0000004,CUST_00171,REST_1099,RIDER_0101,2026-08-15 06:54:51,Delivered,5,2513.82,0,25.0,2538.82,Net Banking,6,1
ORD_0000005,CUST_00418,REST_1008,RIDER_0143,2026-08-27 05:57:52,Delivered,6,6885.53,1032.83,32.02,5884.72,Cash on Delivery,5,0
ORD_0000006,CUST_00230,REST_1087,RIDER_0034,2026-08-20 02:50:41,Delivered,6,2841.93,426.29,75.53,2491.17,Credit Card,2,0
ORD_0000007,CUST_00466,REST_1026,RIDER_0145,2026-08-15 09:20:38,Delivered,3,1539.09,230.86,41.4,1349.63,Net Banking,9,1
ORD_0000008,CUST_00399,REST_1036,RIDER_0028,2026-08-12 19:35:22,Delivered,2,1197.82,0,27.82,1225.64,Debit Card,19,0
ORD_0000009,CUST_00365,REST_1068,RIDER_0048,2026-09-06 15:54:48,Delivered,4,3569.62,535.44,0.0,3034.18,Credit Card,15,1
ORD_0000010,CUST_00034,REST_1027,RIDER_0113,2026-09-28 22:55:05,Delivered,1,351.39,52.71,58.95,357.63,Zomato Wallet,22,0
ORD_0000011,CUST_00267,REST_1023,RIDER_0116,2026-09-13 09:43:14,Delivered,5,1082.58,162.39,93.38,1013.57,Credit Card,9,1
ORD_0000012,CUST_00237,REST_1022,RIDER_0109,2026-08-28 15:06:47,Delivered,4,596.18,50,71.55,617.73,Cash on Delivery,15,0
ORD_0000013,CUST_00357,REST_1089,RIDER_0035,2026-09-07 04:58:38,Delivered,3,905.14,135.77,51.15,820.52,Zomato Wallet,4,0
ORD_0000014,CUST_00368,REST_1023,RIDER_0024,2026-08-11 03:05:20,Delivered,5,1006.04,0,81.0,1087.04,Net Banking,3,0
ORD_0000015,CUST_00084,REST_1026,RIDER_0046,2026-08-05 00:37:39,Delivered,2,631.59,94.74,51.83,588.68,UPI,0,0
ORD_0000016,CUST_00438,REST_1084,RIDER_0140,2026-07-31 14:27:55,Refunded,4,369.85,50,71.03,390.88,Cash on Delivery,14,0
ORD_0000017,CUST_00322,REST_1089,RIDER_0054,2026-08-04 19:03:16,Delivered,3,1218.2,182.73,0.0,1035.47,Net Banking,19,0
ORD_0000018,CUST_00083,REST_1058,RIDER_0147,2026-09-23 15:02:00,Delivered,3,1162.9,174.44,27.07,1015.53,UPI,15,0
ORD_0000019,CUST_00432,REST_1082,RIDER_0017,2026-08-28 11:24:54,Delivered,1,94.33,14.15,57.0,137.18,Zomato Wallet,11,0
ORD_0000020,CUST_00045,REST_1072,RIDER_0074,2026-09-10 12:10:21,Delivered,2,251.79,37.77,0.0,214.02,Zomato Wallet,12,0
ORD_0000021,CUST_00253,REST_1022,RIDER_0060,2026-08-28 05:57:06,Delivered,4,725.62,20,108.9,814.52,Zomato Wallet,5,0
ORD_0000022,CUST_00405,REST_1003,RIDER_0079,2026-08-29 04:46:40,Delivered,6,1476.69,0,60.67,1537.36,Credit Card,4,1
ORD_0000023,CUST_00409,REST_1024,RIDER_0035,2026-09-15 19:01:53,Delivered,1,502.9,75.43,25.0,452.47,Zomato Wallet,19,0
ORD_0000024,CUST_00285,REST_1082,RIDER_0005,2026-08-20 06:21:08,Delivered,2,210.06,0,67.88,277.94,Net Banking,6,0
ORD_0000025,CUST_00432,REST_1022,RIDER_0147,2026-09-27 20:25:24,Delivered,4,594.72,89.21,48.75,554.26,Debit Card,20,1
ORD_0000026,CUST_00487,REST_1060,RIDER_0056,2026-09-20 00:38:17,Delivered,4,953.0,20,39.82,972.82,Credit Card,0,1
ORD_0000027,CUST_00398,REST_1053,RIDER_0037,2026-08-09 14:00:29,Delivered,5,757.92,113.69,92.85,737.08,UPI,14,1
ORD_0000028,CUST_00305,REST_1006,RIDER_0086,2026-09-14 08:57:54,Delivered,3,1376.22,206.43,99.67,1269.46,Credit Card,8,0
ORD_0000029,CUST_00344,REST_1011,RIDER_0070,2026-08-14 13:00:29,Delivered,3,2543.57,50,25.05,2518.62,Cash on Delivery,13,0
ORD_0000030,CUST_00277,REST_1096,RIDER_0013,2026-08-12 16:09:35,Delivered,4,1421.08,50,25.0,1396.08,Zomato Wallet,16,0
ORD_0000031,CUST_00359,REST_1045,RIDER_0092,2026-08-30 09:06:18,Delivered,5,2297.69,50,42.9,2290.59,Net Banking,9,1
ORD_0000032,CUST_00119,REST_1025,RIDER_0037,2026-09-28 22:38:41,Delivered,3,694.98,0,35.33,730.31,UPI,22,0
ORD_0000033,CUST_00237,REST_1022,RIDER_0073,2026-09-02 21:23:54,Delivered,3,579.82,20,70.65,630.47,Credit Card,21,0
ORD_0000034,CUST_00281,REST_1034,RIDER_0124,2026-09-06 07:25:21,Delivered,5,1367.08,205.06,25.0,1187.02,Credit Card,7,1
ORD_0000035,CUST_00059,REST_1092,RIDER_0119,2026-08-31 15:15:05,Delivered,4,3800.3,50,65.62,3815.92,UPI,15,0
ORD_0000036,CUST_00388,REST_1033,RIDER_0039,2026-09-13 00:34:20,Delivered,3,1529.76,229.46,63.22,1363.52,Zomato Wallet,0,1
ORD_0000037,CUST_00046,REST_1091,RIDER_0003,2026-09-28 09:56:32,Delivered,6,4704.07,705.61,109.65,4108.11,UPI,9,0
ORD_0000038,CUST_00444,REST_1004,RIDER_0061,2026-09-10 23:02:08,Delivered,5,805.61,0,80.62,886.23,Credit Card,23,0
ORD_0000039,CUST_00432,REST_1069,RIDER_0107,2026-08-15 00:32:03,Delivered,6,3306.12,495.92,38.4,2848.6,UPI,0,1
ORD_0000040,CUST_00320,REST_1038,RIDER_0117,2026-09-18 12:05:18,Delivered,1,593.38,89.01,52.27,556.64,Credit Card,12,0
ORD_0000041,CUST_00138,REST_1075,RIDER_0140,2026-09-25 00:03:49,Delivered,2,1704.15,50,46.43,1700.58,Debit Card,0,0
ORD_0000042,CUST_00041,REST_1052,RIDER_0023,2026-08-23 20:29:45,Delivered,5,856.25,128.44,57.23,785.04,Debit Card,20,1
ORD_0000043,CUST_00006,REST_1084,RIDER_0117,2026-09-18 19:39:25,Delivered,6,871.07,130.66,101.4,841.81,Zomato Wallet,19,0
ORD_0000044,CUST_00134,REST_1005,RIDER_0122,2026-09-25 04:13:54,Delivered,3,989.5,148.42,26.25,867.33,UPI,4,0
ORD_0000045,CUST_00143,REST_1055,RIDER_0034,2026-09-28 19:58:42,Delivered,4,2831.63,0,37.65,2869.28,Zomato Wallet,19,0
ORD_0000046,CUST_00176,REST_1017,RIDER_0038,2026-09-26 20:47:01,Delivered,2,1648.53,50,104.25,1702.78,Credit Card,20,1
ORD_0000047,CUST_00432,REST_1069,RIDER_0014,2026-08-25 17:09:06,Delivered,5,2450.49,367.57,86.03,2168.95,Net Banking,17,0
ORD_0000048,CUST_00075,REST_1077,RIDER_0112,2026-08-01 04:42:30,Delivered,1,823.55,123.53,0.0,700.02,Debit Card,4,1
ORD_0000049,CUST_00222,REST_1055,RIDER_0086,2026-08-26 06:58:15,Delivered,5,4340.99,651.15,36.23,3726.07,Zomato Wallet,6,0
ORD_0000050,CUST_00093,REST_1030,RIDER_0141,2026-08-01 01:42:50,Delivered,4,700.61,50,77.62,728.23,Credit Card,1,1
ORD_0000051,CUST_00487,REST_1011,RIDER_0031,2026-08-08 10:21:37,Delivered,6,5228.07,20,96.38,5304.45,UPI,10,1
ORD_0000052,CUST_00473,REST_1055,RIDER_0110,2026-08-31 10:39:06,Delivered,1,663.3,99.49,35.25,599.06,Credit Card,10,0
ORD_0000053,CUST_00252,REST_1036,RIDER_0101,2026-08-17 08:51:57,Delivered,3,1352.96,202.94,74.85,1224.87,Cash on Delivery,8,0
ORD_0000054,CUST_00398,REST_1063,RIDER_0005,2026-09-17 08:47:37,Delivered,6,648.69,97.3,25.0,576.39,UPI,8,0
ORD_0000055,CUST_00482,REST_1099,RIDER_0123,2026-09-11 09:09:12,Delivered,4,1825.44,50,50.18,1825.62,Debit Card,9,0
ORD_0000056,CUST_00188,REST_1066,RIDER_0021,2026-09-13 16:06:10,Delivered,6,5250.31,50,86.55,5286.86,UPI,16,1
ORD_0000057,CUST_00184,REST_1072,RIDER_0022,2026-09-11 13:38:29,Delivered,5,638.56,20,84.0,702.56,Net Banking,13,0
ORD_0000058,CUST_00009,REST_1024,RIDER_0087,2026-08-05 11:40:54,Delivered,5,2090.67,50,43.42,2084.09,Cash on Delivery,11,0
ORD_0000059,CUST_00377,REST_1021,RIDER_0126,2026-08-01 21:29:08,Delivered,3,416.39,0,57.08,473.47,Credit Card,21,1
ORD_0000060,CUST_00033,REST_1032,RIDER_0030,2026-09-17 07:29:37,Delivered,6,779.4,20,69.67,829.07,Zomato Wallet,7,0
ORD_0000061,CUST_00071,REST_1061,RIDER_0055,2026-08-04 11:17:23,Delivered,4,3616.02,50,69.52,3635.54,UPI,11,0
ORD_0000062,CUST_00324,REST_1080,RIDER_0097,2026-08-15 08:39:29,Delivered,6,747.65,112.15,0.0,635.5,Zomato Wallet,8,1
ORD_0000063,CUST_00396,REST_1072,RIDER_0033,2026-08-20 01:27:13,Delivered,6,712.46,106.87,25.0,630.59,Zomato Wallet,1,0
ORD_0000064,CUST_00155,REST_1039,RIDER_0108,2026-07-31 11:42:52,Delivered,5,953.77,143.07,65.85,876.55,Zomato Wallet,11,0
ORD_0000065,CUST_00142,REST_1009,RIDER_0050,2026-08-10 23:37:36,Delivered,6,5821.84,0,90.22,5912.06,Debit Card,23,0
ORD_0000066,CUST_00456,REST_1076,RIDER_0012,2026-08-10 04:23:03,Delivered,1,588.34,0,84.52,672.86,Cash on Delivery,4,0
ORD_0000067,CUST_00215,REST_1035,RIDER_0084,2026-08-22 09:09:06,Delivered,4,3176.15,0,88.42,3264.57,Credit Card,9,1
ORD_0000068,CUST_00192,REST_1033,RIDER_0118,2026-08-18 21:28:45,Delivered,1,504.18,75.63,73.5,502.05,Net Banking,21,0
ORD_0000069,CUST_00088,REST_1061,RIDER_0057,2026-08-28 16:50:30,Delivered,1,996.43,149.46,70.58,917.55,Credit Card,16,0
ORD_0000070,CUST_00429,REST_1083,RIDER_0072,2026-08-01 10:51:43,Delivered,5,6452.19,967.83,83.48,5567.84,UPI,10,1
ORD_0000071,CUST_00023,REST_1014,RIDER_0121,2026-09-17 23:58:29,Delivered,5,1345.67,50,25.0,1320.67,Credit Card,23,0
ORD_0000072,CUST_00246,REST_1059,RIDER_0042,2026-09-13 15:16:19,Delivered,6,2437.24,20,96.52,2513.76,Zomato Wallet,15,1
ORD_0000073,CUST_00441,REST_1010,RIDER_0099,2026-09-01 08:47:35,Delivered,6,1999.29,299.89,0.0,1699.4,Zomato Wallet,8,0
ORD_0000074,CUST_00264,REST_1054,RIDER_0014,2026-08-10 19:38:10,Delivered,6,4841.12,726.17,48.08,4163.03,Credit Card,19,0
ORD_0000075,CUST_00333,REST_1051,RIDER_0149,2026-08-20 09:55:15,Delivered,3,327.23,20,85.8,393.03,UPI,9,0
ORD_0000076,CUST_00273,REST_1082,RIDER_0075,2026-09-12 22:15:05,Delivered,1,99.27,20,72.3,151.57,Net Banking,22,1
ORD_0000077,CUST_00148,REST_1010,RIDER_0028,2026-08-16 00:59:55,Delivered,6,2620.94,0,37.12,2658.06,Net Banking,0,1
ORD_0000078,CUST_00331,REST_1004,RIDER_0075,2026-08-18 09:36:31,Delivered,4,791.48,50,25.0,766.48,Debit Card,9,0
ORD_0000079,CUST_00341,REST_1085,RIDER_0141,2026-09-12 06:35:16,Delivered,3,1139.12,0,55.72,1194.84,Debit Card,6,1
ORD_0000080,CUST_00086,REST_1022,RIDER_0138,2026-08-27 17:44:17,Delivered,2,327.58,0,27.6,355.18,Cash on Delivery,17,0
ORD_0000081,CUST_00288,REST_1009,RIDER_0082,2026-09-02 10:17:13,Delivered,2,2582.57,20,25.0,2587.57,Zomato Wallet,10,0
ORD_0000082,CUST_00260,REST_1065,RIDER_0076,2026-09-15 01:21:26,Delivered,5,1862.48,20,100.43,1942.91,UPI,1,0
ORD_0000083,CUST_00461,REST_1002,RIDER_0036,2026-09-22 12:53:43,Delivered,2,247.93,0,25.0,272.93,Debit Card,12,0
ORD_0000084,CUST_00500,REST_1077,RIDER_0101,2026-08-18 22:10:01,Delivered,4,3405.48,20,59.02,3444.5,Debit Card,22,0
ORD_0000085,CUST_00448,REST_1087,RIDER_0023,2026-08-20 23:40:18,Delivered,4,1915.74,20,83.25,1978.99,Cash on Delivery,23,0
ORD_0000086,CUST_00074,REST_1044,RIDER_0078,2026-09-15 02:59:39,Delivered,4,2381.52,20,109.8,2471.32,Debit Card,2,0
ORD_0000087,CUST_00285,REST_1076,RIDER_0146,2026-08-13 08:07:43,Delivered,4,3134.85,20,29.33,3144.18,UPI,8,0
ORD_0000088,CUST_00335,REST_1059,RIDER_0107,2026-08-17 11:01:59,Delivered,1,449.75,67.46,0.0,382.29,Net Banking,11,0
ORD_0000089,CUST_00445,REST_1046,RIDER_0122,2026-08-11 15:42:56,Delivered,6,3685.19,552.78,47.1,3179.51,Debit Card,15,0
ORD_0000090,CUST_00326,REST_1073,RIDER_0013,2026-08-28 04:28:46,Delivered,1,799.5,0,38.77,838.27,Debit Card,4,0
ORD_0000091,CUST_00351,REST_1058,RIDER_0070,2026-09-04 05:48:16,Delivered,3,1566.61,0,25.0,1591.61,Credit Card,5,0
ORD_0000092,CUST_00426,REST_1036,RIDER_0144,2026-09-28 14:27:26,Delivered,1,545.2,81.78,0.0,463.42,UPI,14,0
ORD_0000093,CUST_00473,REST_1015,RIDER_0123,2026-09-02 20:27:12,Delivered,6,5625.46,843.82,40.8,4822.44,UPI,20,0
ORD_0000094,CUST_00158,REST_1021,RIDER_0054,2026-08-12 16:29:45,Delivered,4,539.33,80.9,109.05,567.48,UPI,16,0
ORD_0000095,CUST_00241,REST_1020,RIDER_0065,2026-08-04 05:55:07,Delivered,2,1656.48,0,25.0,1681.48,Zomato Wallet,5,0
ORD_0000096,CUST_00486,REST_1073,RIDER_0091,2026-08-15 15:11:28,Delivered,5,4326.49,50,96.22,4372.71,Credit Card,15,1
ORD_0000097,CUST_00088,REST_1082,RIDER_0002,2026-08-09 15:01:11,Delivered,1,98.8,14.82,103.27,187.25,Net Banking,15,1
ORD_0000098,CUST_00264,REST_1042,RIDER_0105,2026-08-11 00:00:52,Delivered,3,2525.68,378.85,86.7,2233.53,UPI,0,0
ORD_0000099,CUST_00234,REST_1080,RIDER_0080,2026-09-12 03:33:27,Delivered,6,662.79,0,32.02,694.81,Net Banking,3,1
ORD_0000100,CUST_00203,REST_1063,RIDER_0134,2026-08-08 07:08:37,Delivered,2,183.09,27.46,0.0,155.63,Debit Card,7,1
ORD_0000101,CUST_00120,REST_1094,RIDER_0128,2026-08-27 02:03:37,Delivered,6,2103.32,20,87.0,2170.32,Cash on Delivery,2,0
ORD_0000102,CUST_00129,REST_1079,RIDER_0128,2026-08-22 10:55:09,Delivered,6,1498.09,0,73.12,1571.21,Zomato Wallet,10,1
ORD_0000103,CUST_00390,REST_1031,RIDER_0134,2026-09-16 19:56:44,Delivered,5,886.04,0,89.85,975.89,UPI,19,0
ORD_0000104,CUST_00162,REST_1071,RIDER_0114,2026-09-13 16:08:32,Delivered,2,472.87,0,25.0,497.87,Net Banking,16,1
ORD_0000105,CUST_00057,REST_1091,RIDER_0126,2026-09-22 19:28:32,Delivered,4,3227.1,484.06,78.9,2821.94,Debit Card,19,0
ORD_0000106,CUST_00066,REST_1068,RIDER_0090,2026-09-25 17:48:26,Delivered,3,2989.68,448.45,25.0,2566.23,Credit Card,17,0
ORD_0000107,CUST_00467,REST_1010,RIDER_0079,2026-08-11 03:48:10,Delivered,3,958.77,143.82,0.0,814.95,UPI,3,0
ORD_0000108,CUST_00194,REST_1074,RIDER_0083,2026-09-24 15:10:38,Delivered,6,2348.38,352.26,25.0,2021.12,Debit Card,15,0
ORD_0000109,CUST_00104,REST_1084,RIDER_0020,2026-09-21 01:38:57,Delivered,6,841.57,126.24,30.83,746.16,Debit Card,1,0
ORD_0000110,CUST_00219,REST_1035,RIDER_0089,2026-08-07 11:42:00,Delivered,2,1451.45,217.72,0.0,1233.73,Cash on Delivery,11,0
ORD_0000111,CUST_00391,REST_1087,RIDER_0047,2026-08-01 20:24:51,Delivered,3,1577.58,50,73.05,1600.63,Net Banking,20,1
ORD_0000112,CUST_00373,REST_1009,RIDER_0134,2026-08-19 12:36:33,Delivered,4,3982.57,0,46.12,4028.69,Net Banking,12,0
ORD_0000113,CUST_00352,REST_1100,RIDER_0061,2026-09-08 10:48:06,Delivered,4,3275.08,0,33.3,3308.38,Debit Card,10,0
ORD_0000114,CUST_00330,REST_1005,RIDER_0125,2026-08-01 23:27:22,Delivered,4,1607.74,50,25.0,1582.74,UPI,23,1
ORD_0000115,CUST_00430,REST_1033,RIDER_0061,2026-08-10 21:53:12,Delivered,4,2741.48,0,67.28,2808.76,Debit Card,21,0
ORD_0000116,CUST_00479,REST_1078,RIDER_0056,2026-08-14 01:15:26,Delivered,1,189.04,20,25.0,194.04,UPI,1,0
ORD_0000117,CUST_00451,REST_1012,RIDER_0093,2026-09-15 04:24:45,Delivered,1,627.2,50,81.97,659.17,Cash on Delivery,4,0
ORD_0000118,CUST_00328,REST_1054,RIDER_0032,2026-09-20 23:29:52,Delivered,3,2806.47,0,97.42,2903.89,Credit Card,23,1
ORD_0000119,CUST_00324,REST_1030,RIDER_0105,2026-08-03 08:00:56,Delivered,4,910.7,136.6,0.0,774.1,Credit Card,8,0
ORD_0000120,CUST_00260,REST_1006,RIDER_0091,2026-09-09 21:45:53,Delivered,1,459.31,0,70.43,529.74,Zomato Wallet,21,0
ORD_0000121,CUST_00295,REST_1003,RIDER_0029,2026-08-15 08:49:06,Delivered,3,694.31,104.15,34.42,624.58,Credit Card,8,1
ORD_0000122,CUST_00102,REST_1010,RIDER_0107,2026-09-04 17:38:04,Delivered,1,522.7,50,27.52,500.22,Credit Card,17,0
ORD_0000123,CUST_00499,REST_1083,RIDER_0051,2026-08-25 11:03:52,Delivered,5,4172.71,625.91,80.55,3627.35,Net Banking,11,0
ORD_0000124,CUST_00476,REST_1063,RIDER_0127,2026-08-11 13:13:09,Delivered,6,710.31,0,31.88,742.19,Credit Card,13,0
ORD_0000125,CUST_00422,REST_1049,RIDER_0049,2026-09-09 15:50:50,Delivered,5,1042.13,156.32,27.38,913.19,UPI,15,0
ORD_0000126,CUST_00447,REST_1030,RIDER_0102,2026-08-20 15:34:06,Delivered,1,145.21,0,81.75,226.96,Debit Card,15,0
ORD_0000127,CUST_00481,REST_1088,RIDER_0012,2026-07-31 13:33:27,Delivered,5,2369.06,0,34.88,2403.94,Debit Card,13,0
ORD_0000128,CUST_00068,REST_1006,RIDER_0082,2026-09-20 13:02:33,Delivered,3,1449.78,20,53.17,1482.95,Debit Card,13,1
ORD_0000129,CUST_00390,REST_1055,RIDER_0133,2026-08-30 10:25:56,Delivered,6,5275.73,0,53.48,5329.21,UPI,10,1
ORD_0000130,CUST_00084,REST_1063,RIDER_0112,2026-08-11 07:25:16,Delivered,4,464.44,69.67,110.48,505.25,Zomato Wallet,7,0
ORD_0000131,CUST_00064,REST_1073,RIDER_0024,2026-08-19 19:47:58,Cancelled,5,4796.01,719.4,0.0,4076.61,Net Banking,19,0
ORD_0000132,CUST_00472,REST_1031,RIDER_0064,2026-09-17 09:44:52,Delivered,4,886.78,0,78.08,964.86,Credit Card,9,0
ORD_0000133,CUST_00322,REST_1046,RIDER_0002,2026-09-01 00:41:09,Delivered,5,3058.64,458.8,0.0,2599.84,Zomato Wallet,0,0
ORD_0000134,CUST_00048,REST_1071,RIDER_0066,2026-08-17 07:51:38,Delivered,4,1089.75,163.46,33.52,959.81,Zomato Wallet,7,0
ORD_0000135,CUST_00463,REST_1033,RIDER_0092,2026-08-09 09:01:17,Delivered,4,2653.19,50,93.9,2697.09,Zomato Wallet,9,1
ORD_0000136,CUST_00021,REST_1085,RIDER_0088,2026-09-14 01:09:24,Delivered,6,2020.91,20,78.0,2078.91,UPI,1,0
ORD_0000137,CUST_00245,REST_1059,RIDER_0039,2026-08-12 10:50:14,Delivered,5,1696.09,254.41,78.83,1520.51,UPI,10,0
ORD_0000138,CUST_00369,REST_1055,RIDER_0091,2026-08-24 18:55:58,Delivered,2,1794.33,0,68.7,1863.03,Zomato Wallet,18,0
ORD_0000139,CUST_00320,REST_1055,RIDER_0088,2026-08-18 05:15:14,Delivered,4,2426.69,364.0,30.53,2093.22,Net Banking,5,0
ORD_0000140,CUST_00208,REST_1084,RIDER_0078,2026-09-28 22:11:06,Delivered,2,191.89,0,45.83,237.72,UPI,22,0
ORD_0000141,CUST_00097,REST_1008,RIDER_0054,2026-09-15 18:08:59,Cancelled,4,3405.96,20,75.15,3461.11,Credit Card,18,0
ORD_0000142,CUST_00379,REST_1090,RIDER_0114,2026-09-16 03:18:23,Refunded,4,725.46,108.82,0.0,616.64,Net Banking,3,0
ORD_0000143,CUST_00435,REST_1072,RIDER_0149,2026-09-26 21:28:20,Delivered,4,407.98,61.2,83.55,430.33,UPI,21,1
ORD_0000144,CUST_00162,REST_1082,RIDER_0017,2026-08-26 01:11:55,Refunded,3,346.56,20,100.05,426.61,Zomato Wallet,1,0
ORD_0000145,CUST_00099,REST_1051,RIDER_0089,2026-09-11 13:56:14,Delivered,2,285.4,50,32.7,268.1,Net Banking,13,0
ORD_0000146,CUST_00345,REST_1054,RIDER_0121,2026-08-15 18:36:46,Delivered,2,1711.95,20,72.45,1764.4,Net Banking,18,1
ORD_0000147,CUST_00253,REST_1058,RIDER_0061,2026-08-20 09:04:46,Delivered,5,1610.97,0,65.77,1676.74,UPI,9,0
ORD_0000148,CUST_00062,REST_1064,RIDER_0058,2026-09-16 06:22:43,Delivered,3,688.9,50,35.33,674.23,Cash on Delivery,6,0
ORD_0000149,CUST_00362,REST_1014,RIDER_0113,2026-09-13 10:16:07,Delivered,5,901.23,135.18,107.17,873.22,Zomato Wallet,10,1
ORD_0000150,CUST_00373,REST_1058,RIDER_0114,2026-09-18 03:53:24,Delivered,1,505.93,20,59.85,545.78,UPI,3,0
ORD_0000151,CUST_00259,REST_1034,RIDER_0022,2026-08-25 20:55:36,Delivered,2,384.5,57.67,0.0,326.83,Net Banking,20,0
ORD_0000152,CUST_00488,REST_1077,RIDER_0093,2026-08-02 22:25:05,Delivered,3,2829.43,0,54.15,2883.58,Net Banking,22,1
ORD_0000153,CUST_00339,REST_1026,RIDER_0148,2026-08-05 15:46:19,Delivered,6,2637.37,395.61,108.75,2350.51,Zomato Wallet,15,0
ORD_0000154,CUST_00359,REST_1040,RIDER_0115,2026-08-19 23:03:41,Delivered,6,5954.87,0,99.52,6054.39,UPI,23,0
ORD_0000155,CUST_00110,REST_1006,RIDER_0131,2026-09-22 14:49:11,Delivered,3,1435.39,50,40.88,1426.27,UPI,14,0
ORD_0000156,CUST_00133,REST_1081,RIDER_0091,2026-08-12 01:34:14,Delivered,4,695.59,104.34,25.0,616.25,Zomato Wallet,1,0
ORD_0000157,CUST_00290,REST_1087,RIDER_0060,2026-09-03 01:24:36,Delivered,1,388.77,50,39.52,378.29,Debit Card,1,0
ORD_0000158,CUST_00076,REST_1062,RIDER_0106,2026-08-08 00:00:58,Delivered,6,4623.01,50,25.0,4598.01,Net Banking,0,1
ORD_0000159,CUST_00300,REST_1051,RIDER_0109,2026-09-11 18:31:34,Delivered,4,382.35,50,79.28,411.63,Cash on Delivery,18,0
ORD_0000160,CUST_00383,REST_1038,RIDER_0144,2026-09-04 21:40:17,Delivered,3,1296.25,0,103.05,1399.3,Debit Card,21,0
ORD_0000161,CUST_00156,REST_1058,RIDER_0125,2026-08-02 18:15:30,Delivered,6,2549.87,0,89.7,2639.57,UPI,18,1
ORD_0000162,CUST_00214,REST_1079,RIDER_0147,2026-08-30 02:43:23,Delivered,5,1341.21,0,66.68,1407.89,Net Banking,2,1
ORD_0000163,CUST_00342,REST_1083,RIDER_0039,2026-08-31 14:52:27,Delivered,6,7557.14,1133.57,25.0,6448.57,Zomato Wallet,14,0
ORD_0000164,CUST_00288,REST_1020,RIDER_0144,2026-08-08 07:29:03,Delivered,2,1720.45,50,28.65,1699.1,UPI,7,1
ORD_0000165,CUST_00273,REST_1022,RIDER_0005,2026-08-26 17:46:28,Delivered,4,795.56,20,89.25,864.81,UPI,17,0
ORD_0000166,CUST_00196,REST_1055,RIDER_0024,2026-08-11 04:12:24,Delivered,2,1365.44,204.82,108.97,1269.59,Credit Card,4,0
ORD_0000167,CUST_00366,REST_1002,RIDER_0077,2026-09-06 21:41:27,Delivered,2,269.02,40.35,0.0,228.67,Net Banking,21,1
ORD_0000168,CUST_00259,REST_1056,RIDER_0030,2026-08-26 04:33:03,Cancelled,2,809.81,121.47,0.0,688.34,Credit Card,4,0
ORD_0000169,CUST_00391,REST_1087,RIDER_0033,2026-08-29 14:51:53,Delivered,2,981.91,50,66.97,998.88,Cash on Delivery,14,1
ORD_0000170,CUST_00001,REST_1076,RIDER_0075,2026-08-16 07:05:35,Delivered,4,3838.79,50,25.0,3813.79,Cash on Delivery,7,1
ORD_0000171,CUST_00154,REST_1017,RIDER_0102,2026-08-11 23:37:21,Delivered,6,5628.98,844.35,93.67,4878.3,Zomato Wallet,23,0
ORD_0000172,CUST_00126,REST_1065,RIDER_0088,2026-08-20 11:51:17,Delivered,1,351.54,0,55.88,407.42,Zomato Wallet,11,0
ORD_0000173,CUST_00276,REST_1006,RIDER_0020,2026-09-21 08:12:34,Delivered,3,1206.06,50,25.0,1181.06,UPI,8,0
ORD_0000174,CUST_00480,REST_1036,RIDER_0114,2026-07-31 22:53:01,Delivered,1,664.88,99.73,31.57,596.72,Zomato Wallet,22,0
ORD_0000175,CUST_00144,REST_1079,RIDER_0054,2026-07-31 17:41:32,Delivered,6,2245.76,50,29.03,2224.79,Cash on Delivery,17,0
ORD_0000176,CUST_00133,REST_1092,RIDER_0059,2026-09-19 19:55:48,Delivered,6,6378.71,956.81,83.32,5505.22,Cash on Delivery,19,1
ORD_0000177,CUST_00002,REST_1078,RIDER_0014,2026-08-31 09:42:30,Delivered,6,974.73,20,53.1,1007.83,Cash on Delivery,9,0
ORD_0000178,CUST_00003,REST_1040,RIDER_0050,2026-09-01 12:59:11,Delivered,4,5187.11,778.07,25.0,4434.04,Credit Card,12,0
ORD_0000179,CUST_00246,REST_1094,RIDER_0007,2026-09-26 13:45:44,Delivered,3,1007.83,0,90.3,1098.13,Cash on Delivery,13,1
ORD_0000180,CUST_00392,REST_1011,RIDER_0115,2026-09-25 06:04:50,Delivered,6,4834.59,0,25.0,4859.59,Net Banking,6,0
ORD_0000181,CUST_00053,REST_1024,RIDER_0144,2026-08-05 02:42:27,Delivered,1,417.02,62.55,0.0,354.47,Net Banking,2,0
ORD_0000182,CUST_00318,REST_1020,RIDER_0087,2026-08-02 13:35:05,Delivered,1,797.15,0,55.35,852.5,Credit Card,13,1
ORD_0000183,CUST_00132,REST_1069,RIDER_0108,2026-09-15 18:48:26,Delivered,6,3877.87,20,82.88,3940.75,Cash on Delivery,18,0
ORD_0000184,CUST_00076,REST_1072,RIDER_0080,2026-09-27 14:55:30,Delivered,1,102.34,50,43.95,96.29,Net Banking,14,1
ORD_0000185,CUST_00175,REST_1035,RIDER_0122,2026-09-14 10:11:31,Delivered,4,3641.77,546.27,70.2,3165.7,Net Banking,10,0
ORD_0000186,CUST_00355,REST_1042,RIDER_0120,2026-08-20 17:42:51,Delivered,2,1440.25,0,33.38,1473.63,UPI,17,0
ORD_0000187,CUST_00285,REST_1020,RIDER_0037,2026-08-28 06:09:25,Delivered,2,1828.31,50,53.93,1832.24,Cash on Delivery,6,0
ORD_0000188,CUST_00467,REST_1020,RIDER_0006,2026-08-13 08:51:58,Delivered,2,1415.71,212.36,0.0,1203.35,Credit Card,8,0
ORD_0000189,CUST_00410,REST_1075,RIDER_0017,2026-08-11 13:10:30,Delivered,6,3946.92,0,25.0,3971.92,Cash on Delivery,13,0
ORD_0000190,CUST_00127,REST_1005,RIDER_0072,2026-08-12 07:44:07,Delivered,4,1533.7,230.06,95.85,1399.49,Credit Card,7,0
ORD_0000191,CUST_00385,REST_1081,RIDER_0096,2026-09-17 10:51:33,Delivered,5,900.47,50,61.95,912.42,Credit Card,10,0
ORD_0000192,CUST_00112,REST_1060,RIDER_0109,2026-09-05 15:43:57,Delivered,1,211.88,31.78,0.0,180.1,Credit Card,15,1
ORD_0000193,CUST_00239,REST_1052,RIDER_0087,2026-09-10 09:57:21,Delivered,3,613.61,20,55.05,648.66,Debit Card,9,0
ORD_0000194,CUST_00263,REST_1089,RIDER_0021,2026-08-26 21:10:56,Delivered,2,726.29,20,103.5,809.79,Zomato Wallet,21,0
ORD_0000195,CUST_00098,REST_1012,RIDER_0140,2026-08-25 09:33:18,Delivered,6,2541.4,50,25.0,2516.4,Credit Card,9,0
ORD_0000196,CUST_00117,REST_1025,RIDER_0054,2026-09-15 02:35:12,Delivered,3,821.97,123.3,0.0,698.67,Credit Card,2,0
ORD_0000197,CUST_00483,REST_1094,RIDER_0054,2026-09-11 15:15:57,Delivered,6,2346.01,20,54.9,2380.91,Net Banking,15,0
ORD_0000198,CUST_00207,REST_1059,RIDER_0084,2026-09-26 00:46:12,Delivered,3,1328.53,50,25.0,1303.53,Cash on Delivery,0,1
ORD_0000199,CUST_00196,REST_1047,RIDER_0101,2026-08-06 05:31:07,Delivered,1,129.68,19.45,63.53,173.76,Zomato Wallet,5,0
ORD_0000200,CUST_00014,REST_1034,RIDER_0051,2026-08-06 18:59:29,Refunded,4,728.73,50,101.92,780.65,Net Banking,18,0
ORD_0000201,CUST_00201,REST_1034,RIDER_0029,2026-08-12 13:58:41,Delivered,4,1108.95,166.34,63.75,1006.36,Credit Card,13,0
ORD_0000202,CUST_00481,REST_1029,RIDER_0052,2026-09-17 19:55:01,Delivered,4,2405.82,0,82.12,2487.94,Cash on Delivery,19,0
ORD_0000203,CUST_00236,REST_1063,RIDER_0148,2026-08-03 20:08:22,Delivered,5,694.82,104.22,84.23,674.83,Net Banking,20,0
ORD_0000204,CUST_00197,REST_1088,RIDER_0047,2026-09-24 06:02:06,Delivered,6,3487.93,50,25.0,3462.93,Zomato Wallet,6,0
ORD_0000205,CUST_00462,REST_1036,RIDER_0127,2026-09-08 23:24:47,Delivered,4,1877.81,0,110.25,1988.06,Net Banking,23,0
ORD_0000206,CUST_00176,REST_1056,RIDER_0050,2026-09-07 13:23:01,Delivered,4,1319.33,0,25.0,1344.33,Zomato Wallet,13,0
ORD_0000207,CUST_00421,REST_1046,RIDER_0042,2026-08-16 14:34:01,Delivered,1,830.95,0,94.5,925.45,Credit Card,14,1
ORD_0000208,CUST_00111,REST_1063,RIDER_0013,2026-09-19 19:27:04,Delivered,1,124.89,0,74.4,199.29,Credit Card,19,1
ORD_0000209,CUST_00192,REST_1050,RIDER_0052,2026-08-08 22:00:40,Delivered,1,219.69,32.95,25.0,211.74,Credit Card,22,1
ORD_0000210,CUST_00023,REST_1062,RIDER_0132,2026-08-10 11:59:13,Delivered,4,3742.28,0,92.17,3834.45,UPI,11,0
ORD_0000211,CUST_00089,REST_1004,RIDER_0103,2026-08-30 17:57:31,Delivered,2,362.22,50,25.0,337.22,UPI,17,1
ORD_0000212,CUST_00406,REST_1038,RIDER_0065,2026-08-09 05:50:11,Delivered,6,2759.28,0,70.2,2829.48,Zomato Wallet,5,1
ORD_0000213,CUST_00172,REST_1015,RIDER_0150,2026-09-12 15:06:19,Delivered,1,939.87,50,48.0,937.87,Credit Card,15,1
ORD_0000214,CUST_00031,REST_1026,RIDER_0096,2026-09-17 11:10:56,Delivered,5,2687.12,403.07,39.23,2323.28,Debit Card,11,0
ORD_0000215,CUST_00332,REST_1060,RIDER_0007,2026-08-22 06:41:51,Delivered,6,1572.21,0,95.4,1667.61,Net Banking,6,1
ORD_0000216,CUST_00094,REST_1063,RIDER_0002,2026-08-06 07:38:01,Delivered,2,190.7,0,97.72,288.42,Credit Card,7,0
ORD_0000217,CUST_00085,REST_1035,RIDER_0063,2026-09-10 05:05:46,Delivered,1,940.41,141.06,0.0,799.35,Net Banking,5,0
ORD_0000218,CUST_00390,REST_1033,RIDER_0124,2026-08-01 23:13:43,Delivered,5,2329.2,50,86.7,2365.9,Net Banking,23,1
ORD_0000219,CUST_00233,REST_1058,RIDER_0097,2026-09-23 14:57:05,Delivered,5,2396.66,20,70.8,2447.46,Net Banking,14,0
ORD_0000220,CUST_00497,REST_1093,RIDER_0096,2026-09-06 07:56:15,Delivered,1,981.65,147.25,58.95,893.35,Credit Card,7,1
ORD_0000221,CUST_00491,REST_1057,RIDER_0090,2026-09-18 12:32:20,Delivered,4,1004.16,150.62,0.0,853.54,Zomato Wallet,12,0
ORD_0000222,CUST_00015,REST_1090,RIDER_0038,2026-08-25 10:00:36,Cancelled,6,1681.14,252.17,0.0,1428.97,Zomato Wallet,10,0
ORD_0000223,CUST_00365,REST_1070,RIDER_0102,2026-09-25 22:55:06,Delivered,5,739.9,110.98,0.0,628.92,Net Banking,22,0
ORD_0000224,CUST_00376,REST_1094,RIDER_0023,2026-08-10 15:41:33,Delivered,6,1887.87,283.18,73.88,1678.57,Credit Card,15,0
ORD_0000225,CUST_00001,REST_1020,RIDER_0018,2026-09-09 14:42:08,Delivered,2,1522.09,0,62.55,1584.64,Credit Card,14,0
ORD_0000226,CUST_00133,REST_1075,RIDER_0113,2026-08-10 15:30:33,Delivered,3,1715.6,257.34,97.58,1555.84,Net Banking,15,0
ORD_0000227,CUST_00052,REST_1015,RIDER_0016,2026-08-25 21:04:43,Delivered,5,5280.2,792.03,85.65,4573.82,Debit Card,21,0
ORD_0000228,CUST_00243,REST_1066,RIDER_0110,2026-09-01 17:17:03,Delivered,6,5934.96,50,46.8,5931.76,Debit Card,17,0
ORD_0000229,CUST_00413,REST_1023,RIDER_0001,2026-09-13 09:45:52,Delivered,6,1290.86,0,97.8,1388.66,Cash on Delivery,9,1
ORD_0000230,CUST_00446,REST_1072,RIDER_0132,2026-09-09 03:43:13,Delivered,6,660.08,99.01,0.0,561.07,Zomato Wallet,3,0
ORD_0000231,CUST_00205,REST_1031,RIDER_0090,2026-09-10 14:10:57,Delivered,5,996.92,0,104.78,1101.7,Cash on Delivery,14,0
ORD_0000232,CUST_00367,REST_1024,RIDER_0033,2026-09-17 09:18:54,Delivered,2,1033.38,0,90.3,1123.68,Cash on Delivery,9,0
ORD_0000233,CUST_00223,REST_1007,RIDER_0042,2026-08-31 17:52:03,Delivered,2,1393.64,50,101.1,1444.74,UPI,17,0
ORD_0000234,CUST_00171,REST_1050,RIDER_0148,2026-09-27 08:45:00,Delivered,6,1225.26,50,25.0,1200.26,Net Banking,8,1
ORD_0000235,CUST_00115,REST_1046,RIDER_0030,2026-08-28 07:05:23,Delivered,3,2824.88,423.73,0.0,2401.15,UPI,7,0
ORD_0000236,CUST_00217,REST_1053,RIDER_0094,2026-08-12 07:22:58,Delivered,4,686.37,20,62.02,728.39,Net Banking,7,0
ORD_0000237,CUST_00076,REST_1100,RIDER_0073,2026-08-14 04:58:08,Delivered,3,2876.22,50,85.2,2911.42,Zomato Wallet,4,0
ORD_0000238,CUST_00254,REST_1029,RIDER_0097,2026-08-05 18:06:31,Delivered,2,1260.24,189.04,109.05,1180.25,Credit Card,18,0
ORD_0000239,CUST_00373,REST_1071,RIDER_0077,2026-08-15 12:00:45,Delivered,5,1329.22,20,110.1,1419.32,Credit Card,12,1
ORD_0000240,CUST_00281,REST_1056,RIDER_0025,2026-08-12 18:05:10,Delivered,3,975.2,146.28,42.0,870.92,Credit Card,18,0
ORD_0000241,CUST_00248,REST_1049,RIDER_0038,2026-08-20 09:51:23,Delivered,2,355.31,53.3,31.27,333.28,Zomato Wallet,9,0
ORD_0000242,CUST_00475,REST_1024,RIDER_0025,2026-09-03 13:38:09,Delivered,5,2063.05,309.46,108.38,1861.97,Zomato Wallet,13,0
ORD_0000243,CUST_00018,REST_1020,RIDER_0062,2026-09-07 13:18:53,Delivered,6,3575.07,20,58.88,3613.95,Zomato Wallet,13,0
ORD_0000244,CUST_00324,REST_1086,RIDER_0114,2026-09-04 16:59:25,Delivered,2,853.82,128.07,0.0,725.75,Cash on Delivery,16,0
ORD_0000245,CUST_00356,REST_1020,RIDER_0047,2026-09-06 07:45:24,Refunded,5,3169.78,50,58.42,3178.2,UPI,7,1
ORD_0000246,CUST_00266,REST_1032,RIDER_0054,2026-08-11 10:27:18,Delivered,1,89.95,13.49,27.45,103.91,Zomato Wallet,10,0
ORD_0000247,CUST_00064,REST_1059,RIDER_0094,2026-09-21 21:40:21,Delivered,3,1389.93,208.49,0.0,1181.44,Cash on Delivery,21,0
ORD_0000248,CUST_00161,REST_1052,RIDER_0091,2026-09-27 21:32:56,Delivered,2,308.33,0,63.9,372.23,Cash on Delivery,21,1
ORD_0000249,CUST_00303,REST_1068,RIDER_0072,2026-08-12 12:28:25,Delivered,3,3426.27,50,83.4,3459.67,Credit Card,12,0
ORD_0000250,CUST_00289,REST_1088,RIDER_0131,2026-09-27 18:41:19,Delivered,5,2471.25,370.69,0.0,2100.56,Cash on Delivery,18,1
ORD_0000251,CUST_00328,REST_1017,RIDER_0093,2026-09-01 10:13:02,Delivered,1,873.09,0,88.35,961.44,Zomato Wallet,10,0
ORD_0000252,CUST_00302,REST_1099,RIDER_0025,2026-09-20 09:37:55,Delivered,1,471.22,70.68,0.0,400.54,Net Banking,9,1
ORD_0000253,CUST_00245,REST_1033,RIDER_0067,2026-07-31 23:11:46,Delivered,6,4274.1,641.12,79.05,3712.03,Credit Card,23,0
ORD_0000254,CUST_00215,REST_1083,RIDER_0047,2026-09-11 15:54:59,Delivered,6,7528.58,0,109.57,7638.15,UPI,15,0
ORD_0000255,CUST_00209,REST_1061,RIDER_0024,2026-08-07 18:15:19,Delivered,1,1299.19,20,25.0,1304.19,Zomato Wallet,18,0
ORD_0000256,CUST_00208,REST_1004,RIDER_0049,2026-07-31 18:03:11,Delivered,5,1042.04,0,81.83,1123.87,Credit Card,18,0
ORD_0000257,CUST_00452,REST_1081,RIDER_0058,2026-08-17 00:24:43,Delivered,1,173.8,50,25.0,148.8,Cash on Delivery,0,0
ORD_0000258,CUST_00440,REST_1032,RIDER_0075,2026-08-29 02:12:02,Delivered,3,436.71,65.51,58.27,429.47,Cash on Delivery,2,1
ORD_0000259,CUST_00019,REST_1083,RIDER_0125,2026-08-05 15:02:33,Delivered,3,2324.63,20,45.3,2349.93,UPI,15,0
ORD_0000260,CUST_00461,REST_1016,RIDER_0106,2026-08-12 01:38:23,Delivered,3,509.79,20,102.15,591.94,Cash on Delivery,1,0
ORD_0000261,CUST_00056,REST_1083,RIDER_0113,2026-08-15 18:10:00,Delivered,2,1974.0,50,25.0,1949.0,UPI,18,1
ORD_0000262,CUST_00061,REST_1075,RIDER_0126,2026-09-22 10:56:47,Delivered,4,3042.97,456.45,0.0,2586.52,Net Banking,10,0
ORD_0000263,CUST_00080,REST_1073,RIDER_0129,2026-08-01 08:52:11,Delivered,3,2018.67,302.8,0.0,1715.87,Net Banking,8,1
ORD_0000264,CUST_00128,REST_1043,RIDER_0030,2026-08-25 15:08:11,Delivered,1,1155.63,50,110.4,1216.03,Credit Card,15,0
ORD_0000265,CUST_00303,REST_1012,RIDER_0059,2026-08-11 17:45:37,Delivered,1,534.11,50,25.0,509.11,Zomato Wallet,17,0
ORD_0000266,CUST_00114,REST_1065,RIDER_0110,2026-09-15 13:40:17,Delivered,3,1108.58,0,25.0,1133.58,UPI,13,0
ORD_0000267,CUST_00109,REST_1029,RIDER_0121,2026-08-27 05:53:02,Delivered,1,624.89,0,101.7,726.59,Zomato Wallet,5,0
ORD_0000268,CUST_00381,REST_1092,RIDER_0136,2026-09-27 18:09:03,Delivered,2,2232.51,334.88,46.88,1944.51,UPI,18,1
ORD_0000269,CUST_00468,REST_1035,RIDER_0050,2026-09-12 07:47:04,Delivered,6,3728.81,559.32,103.42,3272.91,Net Banking,7,1
ORD_0000270,CUST_00130,REST_1087,RIDER_0089,2026-09-04 13:56:07,Delivered,5,2464.75,0,54.75,2519.5,Zomato Wallet,13,0
ORD_0000271,CUST_00149,REST_1014,RIDER_0145,2026-08-05 22:43:27,Delivered,2,459.44,68.92,90.0,480.52,Cash on Delivery,22,0
ORD_0000272,CUST_00206,REST_1055,RIDER_0053,2026-08-17 21:58:16,Delivered,5,3710.88,50,25.0,3685.88,Debit Card,21,0
ORD_0000273,CUST_00088,REST_1048,RIDER_0012,2026-09-20 20:21:50,Delivered,6,4284.04,642.61,33.3,3674.73,Credit Card,20,1
ORD_0000274,CUST_00001,REST_1069,RIDER_0095,2026-08-31 13:20:58,Delivered,5,2542.34,0,25.0,2567.34,UPI,13,0
ORD_0000275,CUST_00113,REST_1046,RIDER_0046,2026-08-24 21:33:32,Delivered,4,3753.05,20,108.08,3841.13,Zomato Wallet,21,0
ORD_0000276,CUST_00106,REST_1076,RIDER_0057,2026-08-31 12:39:11,Delivered,2,1703.85,20,36.45,1720.3,Net Banking,12,0
ORD_0000277,CUST_00097,REST_1091,RIDER_0126,2026-08-17 13:26:36,Delivered,1,730.56,20,75.08,785.64,Net Banking,13,0
ORD_0000278,CUST_00194,REST_1074,RIDER_0006,2026-08-10 17:28:00,Delivered,1,375.22,56.28,93.3,412.24,Cash on Delivery,17,0
ORD_0000279,CUST_00437,REST_1006,RIDER_0052,2026-08-13 13:29:42,Delivered,6,2251.07,337.66,57.98,1971.39,UPI,13,0
ORD_0000280,CUST_00053,REST_1059,RIDER_0027,2026-09-18 17:02:44,Delivered,4,1392.64,208.9,0.0,1183.74,Credit Card,17,0
ORD_0000281,CUST_00351,REST_1071,RIDER_0029,2026-09-16 19:05:26,Delivered,1,286.95,50,26.32,263.27,Net Banking,19,0
ORD_0000282,CUST_00308,REST_1038,RIDER_0109,2026-08-14 15:06:12,Delivered,3,2084.61,50,100.12,2134.73,Debit Card,15,0
ORD_0000283,CUST_00365,REST_1006,RIDER_0001,2026-08-14 11:25:43,Delivered,1,445.01,66.75,0.0,378.26,Debit Card,11,0
ORD_0000284,CUST_00393,REST_1070,RIDER_0091,2026-08-31 01:07:30,Delivered,2,275.27,50,59.4,284.67,Net Banking,1,0
ORD_0000285,CUST_00255,REST_1064,RIDER_0137,2026-09-16 20:54:36,Delivered,6,971.6,145.74,63.3,889.16,Debit Card,20,0
ORD_0000286,CUST_00286,REST_1079,RIDER_0035,2026-08-10 17:44:54,Delivered,3,976.7,50,25.0,951.7,Net Banking,17,0
ORD_0000287,CUST_00061,REST_1021,RIDER_0097,2026-08-02 14:27:29,Delivered,2,178.77,26.82,0.0,151.95,UPI,14,1
ORD_0000288,CUST_00077,REST_1027,RIDER_0121,2026-08-13 15:33:03,Delivered,6,2200.01,20,85.27,2265.28,UPI,15,0
ORD_0000289,CUST_00017,REST_1038,RIDER_0129,2026-08-15 14:42:19,Delivered,5,2559.05,0,25.0,2584.05,Credit Card,14,1
ORD_0000290,CUST_00381,REST_1044,RIDER_0103,2026-08-05 11:32:51,Delivered,6,4484.25,672.64,31.35,3842.96,Zomato Wallet,11,0
ORD_0000291,CUST_00195,REST_1022,RIDER_0014,2026-09-05 02:40:20,Delivered,3,468.83,0,74.92,543.75,Cash on Delivery,2,1
ORD_0000292,CUST_00327,REST_1014,RIDER_0062,2026-08-26 04:16:20,Delivered,1,214.32,32.15,25.0,207.17,UPI,4,0
ORD_0000293,CUST_00385,REST_1058,RIDER_0102,2026-09-17 14:39:12,Delivered,6,2569.83,50,28.88,2548.71,Credit Card,14,0
ORD_0000294,CUST_00149,REST_1034,RIDER_0039,2026-09-14 00:10:52,Delivered,6,1540.67,231.1,25.0,1334.57,Credit Card,0,0
ORD_0000295,CUST_00257,REST_1066,RIDER_0115,2026-08-12 18:46:41,Delivered,2,2636.71,50,43.57,2630.28,Credit Card,18,0
ORD_0000296,CUST_00255,REST_1013,RIDER_0004,2026-08-13 21:24:00,Delivered,4,1045.88,156.88,87.15,976.15,Debit Card,21,0
ORD_0000297,CUST_00046,REST_1017,RIDER_0046,2026-09-13 18:40:12,Delivered,5,3776.52,566.48,35.33,3245.37,Debit Card,18,1
ORD_0000298,CUST_00439,REST_1012,RIDER_0113,2026-09-04 15:36:49,Delivered,4,1995.39,50,61.27,2006.66,Zomato Wallet,15,0
ORD_0000299,CUST_00080,REST_1032,RIDER_0075,2026-09-05 12:47:36,Delivered,6,725.67,108.85,0.0,616.82,UPI,12,1
ORD_0000300,CUST_00103,REST_1070,RIDER_0085,2026-08-06 07:17:42,Delivered,3,347.73,50,41.4,339.13,Net Banking,7,0
ORD_0000301,CUST_00308,REST_1074,RIDER_0016,2026-09-04 03:24:17,Delivered,3,1374.09,0,89.55,1463.64,Debit Card,3,0
ORD_0000302,CUST_00153,REST_1063,RIDER_0108,2026-09-19 23:53:12,Delivered,4,435.5,20,30.83,446.33,Debit Card,23,1
ORD_0000303,CUST_00247,REST_1051,RIDER_0138,2026-08-15 15:29:54,Delivered,2,184.73,50,107.47,242.2,Credit Card,15,1
ORD_0000304,CUST_00078,REST_1076,RIDER_0038,2026-09-17 12:51:29,Delivered,1,955.3,143.29,97.12,909.13,Credit Card,12,0
ORD_0000305,CUST_00328,REST_1091,RIDER_0025,2026-08-03 14:05:02,Delivered,2,1897.4,50,31.27,1878.67,Debit Card,14,0
ORD_0000306,CUST_00009,REST_1059,RIDER_0079,2026-09-17 19:00:31,Delivered,3,1182.74,50,92.55,1225.29,Debit Card,19,0
ORD_0000307,CUST_00091,REST_1089,RIDER_0042,2026-09-21 17:47:41,Delivered,1,419.19,0,53.48,472.67,UPI,17,0
ORD_0000308,CUST_00211,REST_1020,RIDER_0128,2026-09-21 22:23:13,Delivered,4,2578.99,20,25.0,2583.99,UPI,22,0
ORD_0000309,CUST_00496,REST_1063,RIDER_0106,2026-09-07 11:21:58,Refunded,4,518.33,77.75,25.0,465.58,UPI,11,0
ORD_0000310,CUST_00008,REST_1004,RIDER_0040,2026-09-05 09:29:38,Delivered,5,1196.41,0,94.73,1291.14,Net Banking,9,1
ORD_0000311,CUST_00066,REST_1070,RIDER_0045,2026-09-08 04:24:03,Delivered,4,560.76,84.11,101.25,577.9,Debit Card,4,0
ORD_0000312,CUST_00082,REST_1061,RIDER_0053,2026-08-09 02:21:50,Delivered,6,6414.12,962.12,25.0,5477.0,Cash on Delivery,2,1
ORD_0000313,CUST_00381,REST_1021,RIDER_0117,2026-09-03 19:32:55,Delivered,4,542.6,81.39,28.05,489.26,Debit Card,19,0
ORD_0000314,CUST_00057,REST_1063,RIDER_0032,2026-08-10 10:34:20,Delivered,2,223.85,33.58,25.0,215.27,UPI,10,0
ORD_0000315,CUST_00250,REST_1086,RIDER_0020,2026-08-20 11:05:26,Delivered,2,1235.8,50,79.12,1264.92,UPI,11,0
ORD_0000316,CUST_00315,REST_1082,RIDER_0002,2026-08-15 10:08:13,Delivered,5,597.42,89.61,0.0,507.81,Debit Card,10,1
ORD_0000317,CUST_00113,REST_1017,RIDER_0033,2026-08-26 00:35:48,Delivered,4,3060.25,20,36.9,3077.15,Debit Card,0,0
ORD_0000318,CUST_00053,REST_1059,RIDER_0043,2026-08-20 00:41:18,Delivered,3,1365.46,204.82,0.0,1160.64,Net Banking,0,0
ORD_0000319,CUST_00086,REST_1009,RIDER_0131,2026-08-24 14:44:47,Delivered,2,2429.94,20,68.85,2478.79,Debit Card,14,0
ORD_0000320,CUST_00075,REST_1053,RIDER_0032,2026-07-31 23:30:43,Delivered,2,392.33,58.85,0.0,333.48,Cash on Delivery,23,0
ORD_0000321,CUST_00367,REST_1031,RIDER_0147,2026-09-09 23:48:52,Delivered,3,682.96,0,78.6,761.56,Cash on Delivery,23,0
ORD_0000322,CUST_00146,REST_1015,RIDER_0148,2026-07-31 11:53:37,Delivered,5,3957.58,593.64,0.0,3363.94,UPI,11,0
ORD_0000323,CUST_00425,REST_1075,RIDER_0078,2026-08-26 17:06:04,Delivered,4,3029.34,50,41.32,3020.66,UPI,17,0
ORD_0000324,CUST_00481,REST_1080,RIDER_0027,2026-08-02 21:18:43,Delivered,6,688.38,0,31.88,720.26,Zomato Wallet,21,1
ORD_0000325,CUST_00189,REST_1089,RIDER_0002,2026-08-05 03:22:42,Delivered,4,1168.94,0,35.48,1204.42,Cash on Delivery,3,0
ORD_0000326,CUST_00065,REST_1066,RIDER_0038,2026-09-25 18:11:16,Delivered,5,4511.44,676.72,99.52,3934.24,Net Banking,18,0
ORD_0000327,CUST_00165,REST_1072,RIDER_0058,2026-08-08 22:58:24,Delivered,2,261.87,39.28,35.92,258.51,Net Banking,22,1
ORD_0000328,CUST_00240,REST_1040,RIDER_0049,2026-09-16 09:21:43,Delivered,3,3479.05,50,25.0,3454.05,Cash on Delivery,9,0
ORD_0000329,CUST_00500,REST_1063,RIDER_0132,2026-08-19 18:08:17,Delivered,2,232.62,0,88.58,321.2,Credit Card,18,0
ORD_0000330,CUST_00244,REST_1096,RIDER_0091,2026-08-25 19:54:31,Delivered,4,1717.13,0,25.0,1742.13,Debit Card,19,0
ORD_0000331,CUST_00151,REST_1036,RIDER_0104,2026-08-17 04:40:42,Delivered,2,909.11,0,69.6,978.71,Credit Card,4,0
ORD_0000332,CUST_00201,REST_1056,RIDER_0026,2026-08-21 09:26:32,Delivered,3,1069.37,160.41,83.85,992.81,Debit Card,9,0
ORD_0000333,CUST_00049,REST_1018,RIDER_0129,2026-09-15 07:59:34,Delivered,4,1079.28,0,84.38,1163.66,Net Banking,7,0
ORD_0000334,CUST_00088,REST_1007,RIDER_0091,2026-09-15 01:10:11,Delivered,5,3120.07,468.01,68.48,2720.54,Credit Card,1,0
ORD_0000335,CUST_00086,REST_1021,RIDER_0025,2026-08-09 18:03:53,Delivered,3,348.52,20,40.05,368.57,Debit Card,18,1
ORD_0000336,CUST_00397,REST_1079,RIDER_0029,2026-08-26 06:03:55,Delivered,6,2513.79,20,78.97,2572.76,Credit Card,6,0
ORD_0000337,CUST_00357,REST_1062,RIDER_0093,2026-08-20 01:47:48,Delivered,4,3819.73,572.96,84.9,3331.67,Credit Card,1,0
ORD_0000338,CUST_00302,REST_1094,RIDER_0071,2026-08-30 01:50:27,Delivered,4,1376.66,206.5,0.0,1170.16,Debit Card,1,1
ORD_0000339,CUST_00239,REST_1088,RIDER_0039,2026-09-19 20:10:39,Delivered,1,485.2,50,107.62,542.82,Net Banking,20,1
ORD_0000340,CUST_00129,REST_1021,RIDER_0090,2026-08-27 13:07:19,Delivered,6,626.5,50,89.1,665.6,Cash on Delivery,13,0
ORD_0000341,CUST_00149,REST_1042,RIDER_0009,2026-09-14 23:38:58,Delivered,3,2396.45,359.47,104.18,2141.16,Net Banking,23,0
ORD_0000342,CUST_00166,REST_1033,RIDER_0052,2026-08-24 07:39:19,Delivered,6,3350.08,0,25.0,3375.08,Net Banking,7,0
ORD_0000343,CUST_00240,REST_1039,RIDER_0110,2026-09-14 08:12:42,Delivered,5,1153.42,0,51.9,1205.32,Debit Card,8,0
ORD_0000344,CUST_00028,REST_1070,RIDER_0033,2026-09-08 03:59:19,Delivered,1,90.92,50,77.33,118.25,Cash on Delivery,3,0
ORD_0000345,CUST_00443,REST_1009,RIDER_0032,2026-09-25 19:19:22,Delivered,2,2524.56,50,77.77,2552.33,Debit Card,19,0
ORD_0000346,CUST_00369,REST_1015,RIDER_0125,2026-08-19 12:43:48,Delivered,2,1653.97,0,25.0,1678.97,Net Banking,12,0
ORD_0000347,CUST_00475,REST_1032,RIDER_0077,2026-09-08 07:45:08,Delivered,6,756.43,113.46,58.35,701.32,Zomato Wallet,7,0
ORD_0000348,CUST_00262,REST_1082,RIDER_0052,2026-09-15 06:35:42,Delivered,3,335.85,50.38,57.98,343.45,UPI,6,0
ORD_0000349,CUST_00417,REST_1078,RIDER_0038,2026-08-02 18:14:30,Delivered,4,577.05,20,37.88,594.93,Net Banking,18,1
ORD_0000350,CUST_00235,REST_1028,RIDER_0003,2026-08-15 09:57:54,Delivered,4,2295.65,0,45.53,2341.18,Debit Card,9,1
ORD_0000351,CUST_00289,REST_1030,RIDER_0118,2026-08-13 15:22:50,Delivered,4,802.34,120.35,0.0,681.99,Zomato Wallet,15,0
ORD_0000352,CUST_00398,REST_1077,RIDER_0067,2026-08-12 14:38:26,Delivered,1,794.71,119.21,80.17,755.67,Credit Card,14,0
ORD_0000353,CUST_00166,REST_1050,RIDER_0061,2026-08-10 06:44:22,Delivered,1,143.74,50,100.8,194.54,Debit Card,6,0
ORD_0000354,CUST_00431,REST_1004,RIDER_0045,2026-08-31 05:25:14,Delivered,2,330.5,49.57,25.0,305.93,Debit Card,5,0
ORD_0000355,CUST_00045,REST_1091,RIDER_0007,2026-08-09 09:14:31,Delivered,2,1665.89,249.88,0.0,1416.01,Zomato Wallet,9,1
ORD_0000356,CUST_00255,REST_1019,RIDER_0054,2026-09-24 10:07:26,Delivered,1,114.93,17.24,93.45,191.14,UPI,10,0
ORD_0000357,CUST_00066,REST_1085,RIDER_0077,2026-08-09 20:12:35,Delivered,3,939.97,141.0,25.0,823.97,Credit Card,20,1
ORD_0000358,CUST_00039,REST_1082,RIDER_0148,2026-08-23 11:33:52,Delivered,6,859.43,50,96.0,905.43,Debit Card,11,1
ORD_0000359,CUST_00017,REST_1066,RIDER_0108,2026-08-25 08:57:45,Delivered,1,899.59,0,29.48,929.07,Cash on Delivery,8,0
ORD_0000360,CUST_00360,REST_1095,RIDER_0010,2026-09-02 14:56:38,Delivered,5,2113.62,317.04,109.05,1905.63,Zomato Wallet,14,0
ORD_0000361,CUST_00116,REST_1068,RIDER_0111,2026-09-15 09:56:13,Delivered,5,5522.38,20,39.98,5542.36,Zomato Wallet,9,0
ORD_0000362,CUST_00357,REST_1026,RIDER_0111,2026-09-10 11:39:35,Delivered,3,1075.71,161.36,65.03,979.38,UPI,11,0
ORD_0000363,CUST_00212,REST_1089,RIDER_0146,2026-08-04 11:44:24,Delivered,1,299.97,50,110.1,360.07,Credit Card,11,0
ORD_0000364,CUST_00067,REST_1100,RIDER_0102,2026-09-15 12:31:14,Delivered,6,5124.52,20,76.05,5180.57,Credit Card,12,0
ORD_0000365,CUST_00155,REST_1039,RIDER_0142,2026-08-28 11:04:02,Delivered,4,842.2,126.33,97.65,813.52,Debit Card,11,0
ORD_0000366,CUST_00157,REST_1082,RIDER_0054,2026-08-11 23:05:21,Cancelled,6,811.57,0,46.95,858.52,Debit Card,23,0
ORD_0000367,CUST_00143,REST_1074,RIDER_0077,2026-08-08 05:56:57,Delivered,4,1425.98,20,25.0,1430.98,Zomato Wallet,5,1
ORD_0000368,CUST_00466,REST_1100,RIDER_0087,2026-08-25 12:48:40,Delivered,4,3625.19,543.78,91.65,3173.06,Zomato Wallet,12,0
ORD_0000369,CUST_00414,REST_1011,RIDER_0142,2026-09-06 17:25:43,Delivered,5,4565.28,20,106.12,4651.4,Credit Card,17,1
ORD_0000370,CUST_00044,REST_1037,RIDER_0139,2026-08-28 18:23:15,Delivered,6,5304.62,795.69,43.42,4552.35,UPI,18,0
ORD_0000371,CUST_00228,REST_1083,RIDER_0005,2026-09-11 18:07:42,Delivered,1,922.05,50,25.0,897.05,UPI,18,0
ORD_0000372,CUST_00133,REST_1057,RIDER_0067,2026-09-17 02:20:00,Delivered,1,359.56,53.93,25.0,330.63,Cash on Delivery,2,0
ORD_0000373,CUST_00297,REST_1061,RIDER_0011,2026-09-22 18:35:56,Delivered,3,3201.73,0,82.2,3283.93,Debit Card,18,0
ORD_0000374,CUST_00122,REST_1019,RIDER_0084,2026-09-24 10:06:51,Delivered,2,178.09,50,46.88,174.97,Debit Card,10,0
ORD_0000375,CUST_00460,REST_1068,RIDER_0121,2026-08-28 14:16:55,Delivered,3,3152.81,50,72.45,3175.26,Cash on Delivery,14,0
ORD_0000376,CUST_00482,REST_1047,RIDER_0097,2026-09-25 14:49:22,Delivered,1,147.41,0,25.0,172.41,Cash on Delivery,14,0
ORD_0000377,CUST_00376,REST_1094,RIDER_0138,2026-08-11 19:34:50,Delivered,5,1481.43,222.21,95.48,1354.7,Credit Card,19,0
ORD_0000378,CUST_00186,REST_1042,RIDER_0117,2026-08-30 14:38:27,Delivered,3,1775.63,50,85.35,1810.98,Debit Card,14,1
ORD_0000379,CUST_00310,REST_1037,RIDER_0115,2026-09-09 17:03:26,Delivered,6,3691.54,20,32.4,3703.94,Debit Card,17,0
ORD_0000380,CUST_00295,REST_1051,RIDER_0051,2026-08-17 12:17:58,Delivered,4,535.71,80.36,98.4,553.75,UPI,12,0
ORD_0000381,CUST_00013,REST_1027,RIDER_0019,2026-08-12 21:31:41,Delivered,3,797.49,20,61.5,838.99,Cash on Delivery,21,0
ORD_0000382,CUST_00487,REST_1083,RIDER_0105,2026-09-12 17:04:03,Delivered,6,7147.65,50,84.52,7182.17,UPI,17,1
ORD_0000383,CUST_00190,REST_1088,RIDER_0117,2026-09-05 21:04:20,Delivered,1,589.24,88.39,0.0,500.85,Cash on Delivery,21,1
ORD_0000384,CUST_00476,REST_1062,RIDER_0074,2026-08-31 09:14:39,Delivered,6,3865.63,50,48.15,3863.78,Cash on Delivery,9,0
ORD_0000385,CUST_00148,REST_1057,RIDER_0125,2026-09-11 15:48:56,Delivered,3,809.03,0,31.8,840.83,Cash on Delivery,15,0
ORD_0000386,CUST_00015,REST_1080,RIDER_0011,2026-09-21 10:57:36,Delivered,3,439.09,65.86,0.0,373.23,Zomato Wallet,10,0
ORD_0000387,CUST_00065,REST_1096,RIDER_0076,2026-08-10 16:29:12,Delivered,3,1438.85,215.83,82.05,1305.07,Debit Card,16,0
ORD_0000388,CUST_00382,REST_1050,RIDER_0020,2026-08-31 19:18:01,Delivered,1,210.68,20,25.0,215.68,UPI,19,0
ORD_0000389,CUST_00478,REST_1090,RIDER_0134,2026-08-30 20:57:27,Delivered,5,1110.13,0,28.43,1138.56,Debit Card,20,1
ORD_0000390,CUST_00249,REST_1022,RIDER_0128,2026-08-27 11:34:13,Delivered,2,280.64,0,25.0,305.64,Cash on Delivery,11,0
ORD_0000391,CUST_00315,REST_1071,RIDER_0150,2026-08-22 19:59:34,Delivered,4,945.11,141.77,0.0,803.34,Cash on Delivery,19,1
ORD_0000392,CUST_00247,REST_1029,RIDER_0025,2026-08-21 07:12:38,Delivered,3,1482.66,20,25.0,1487.66,Net Banking,7,0
ORD_0000393,CUST_00339,REST_1023,RIDER_0089,2026-09-07 16:40:51,Delivered,3,500.38,75.06,80.92,506.24,Net Banking,16,0
ORD_0000394,CUST_00211,REST_1071,RIDER_0114,2026-09-10 07:51:06,Delivered,1,213.56,20,49.65,243.21,Credit Card,7,0
ORD_0000395,CUST_00400,REST_1023,RIDER_0085,2026-08-12 14:09:32,Delivered,5,731.73,0,70.72,802.45,Debit Card,14,0
ORD_0000396,CUST_00081,REST_1087,RIDER_0102,2026-08-22 07:27:12,Delivered,2,1053.01,157.95,0.0,895.06,UPI,7,1
ORD_0000397,CUST_00270,REST_1011,RIDER_0129,2026-09-07 16:19:36,Delivered,6,5028.02,754.2,89.7,4363.52,Zomato Wallet,16,0
ORD_0000398,CUST_00419,REST_1093,RIDER_0070,2026-08-08 06:56:08,Delivered,6,7359.83,50,25.0,7334.83,UPI,6,1
ORD_0000399,CUST_00406,REST_1074,RIDER_0050,2026-09-27 20:25:45,Delivered,6,2667.87,20,96.68,2744.55,UPI,20,1
ORD_0000400,CUST_00146,REST_1050,RIDER_0098,2026-08-01 17:10:25,Delivered,4,649.62,97.44,0.0,552.18,Net Banking,17,1
ORD_0000401,CUST_00229,REST_1054,RIDER_0123,2026-09-23 17:18:28,Delivered,4,4385.5,0,25.0,4410.5,Cash on Delivery,17,0
ORD_0000402,CUST_00268,REST_1093,RIDER_0146,2026-08-22 14:39:58,Delivered,1,946.79,50,25.0,921.79,UPI,14,1
ORD_0000403,CUST_00280,REST_1079,RIDER_0081,2026-08-22 22:22:40,Delivered,6,1551.38,0,41.85,1593.23,Credit Card,22,1
ORD_0000404,CUST_00063,REST_1034,RIDER_0051,2026-09-11 12:45:01,Delivered,5,1179.5,50,97.72,1227.22,Net Banking,12,0
ORD_0000405,CUST_00152,REST_1023,RIDER_0112,2026-08-28 14:39:22,Delivered,3,576.98,86.55,82.42,572.85,Cash on Delivery,14,0
ORD_0000406,CUST_00191,REST_1081,RIDER_0065,2026-09-14 21:09:42,Delivered,2,312.85,46.93,0.0,265.92,Net Banking,21,0
ORD_0000407,CUST_00035,REST_1004,RIDER_0080,2026-08-18 06:22:43,Delivered,6,1175.49,0,29.33,1204.82,UPI,6,0
ORD_0000408,CUST_00141,REST_1060,RIDER_0110,2026-09-25 18:58:32,Delivered,6,1544.53,0,83.4,1627.93,UPI,18,0
ORD_0000409,CUST_00144,REST_1022,RIDER_0068,2026-09-23 18:29:16,Delivered,3,710.0,50,25.0,685.0,Zomato Wallet,18,0
ORD_0000410,CUST_00108,REST_1018,RIDER_0001,2026-08-22 13:16:15,Delivered,1,301.58,45.24,109.88,366.22,UPI,13,1
ORD_0000411,CUST_00168,REST_1049,RIDER_0129,2026-08-11 10:23:10,Delivered,1,228.33,0,33.52,261.85,Zomato Wallet,10,0
ORD_0000412,CUST_00365,REST_1012,RIDER_0112,2026-09-23 11:05:32,Refunded,6,3146.72,472.01,0.0,2674.71,Net Banking,11,0
ORD_0000413,CUST_00395,REST_1068,RIDER_0109,2026-08-20 19:12:32,Delivered,2,2026.29,303.94,71.92,1794.27,UPI,19,0
ORD_0000414,CUST_00169,REST_1020,RIDER_0095,2026-08-24 16:22:11,Delivered,4,2310.27,346.54,0.0,1963.73,Debit Card,16,0
ORD_0000415,CUST_00442,REST_1099,RIDER_0117,2026-09-16 15:32:54,Delivered,6,2795.75,50,26.7,2772.45,Credit Card,15,0
ORD_0000416,CUST_00228,REST_1005,RIDER_0081,2026-08-09 12:11:59,Delivered,3,1174.57,20,96.52,1251.09,Credit Card,12,1
ORD_0000417,CUST_00301,REST_1068,RIDER_0133,2026-08-01 10:05:12,Delivered,6,5499.9,0,104.92,5604.82,Debit Card,10,1
ORD_0000418,CUST_00353,REST_1052,RIDER_0105,2026-08-16 20:06:38,Delivered,1,174.15,50,73.8,197.95,UPI,20,1
ORD_0000419,CUST_00238,REST_1003,RIDER_0030,2026-08-08 20:05:22,Delivered,6,1330.9,0,27.6,1358.5,Credit Card,20,1
ORD_0000420,CUST_00159,REST_1002,RIDER_0098,2026-08-27 22:00:08,Delivered,2,197.14,20,27.15,204.29,Net Banking,22,0
ORD_0000421,CUST_00179,REST_1085,RIDER_0116,2026-08-16 14:18:00,Delivered,6,2306.08,0,25.0,2331.08,Cash on Delivery,14,1
ORD_0000422,CUST_00381,REST_1057,RIDER_0024,2026-09-18 21:04:37,Delivered,6,2132.67,319.9,87.9,1900.67,Net Banking,21,0
ORD_0000423,CUST_00191,REST_1092,RIDER_0097,2026-09-26 04:06:55,Delivered,3,3379.0,506.85,0.0,2872.15,Debit Card,4,1
ORD_0000424,CUST_00225,REST_1076,RIDER_0148,2026-09-11 06:36:56,Delivered,4,3325.69,20,83.55,3389.24,Credit Card,6,0
ORD_0000425,CUST_00462,REST_1077,RIDER_0028,2026-09-09 22:02:02,Delivered,5,6504.4,50,52.43,6506.83,Cash on Delivery,22,0
ORD_0000426,CUST_00067,REST_1053,RIDER_0014,2026-08-08 19:42:34,Delivered,1,205.86,0,40.58,246.44,Debit Card,19,1
ORD_0000427,CUST_00047,REST_1050,RIDER_0040,2026-09-22 23:07:14,Delivered,4,827.37,124.11,95.25,798.51,Zomato Wallet,23,0
ORD_0000428,CUST_00163,REST_1033,RIDER_0103,2026-08-31 19:17:28,Delivered,1,524.06,78.61,100.58,546.03,Cash on Delivery,19,0
ORD_0000429,CUST_00189,REST_1054,RIDER_0088,2026-09-17 17:32:33,Delivered,2,1872.13,0,93.0,1965.13,Zomato Wallet,17,0
ORD_0000430,CUST_00346,REST_1072,RIDER_0009,2026-08-25 09:17:06,Delivered,4,551.56,20,106.8,638.36,UPI,9,0
ORD_0000431,CUST_00208,REST_1004,RIDER_0042,2026-08-31 00:26:58,Delivered,1,170.3,20,25.0,175.3,UPI,0,0
ORD_0000432,CUST_00411,REST_1083,RIDER_0129,2026-09-05 05:48:41,Delivered,2,2618.81,50,88.65,2657.46,Zomato Wallet,5,1
ORD_0000433,CUST_00133,REST_1044,RIDER_0132,2026-09-28 17:00:04,Delivered,5,4172.78,625.92,83.25,3630.11,Debit Card,17,0
ORD_0000434,CUST_00393,REST_1004,RIDER_0139,2026-08-25 23:46:10,Delivered,5,755.84,50,27.22,733.06,Zomato Wallet,23,0
ORD_0000435,CUST_00090,REST_1017,RIDER_0137,2026-08-09 05:26:08,Delivered,6,5329.17,799.38,25.0,4554.79,UPI,5,1
ORD_0000436,CUST_00196,REST_1031,RIDER_0087,2026-08-29 08:44:37,Delivered,1,279.61,41.94,52.12,289.79,UPI,8,1
ORD_0000437,CUST_00293,REST_1028,RIDER_0078,2026-09-28 19:28:27,Delivered,4,2009.74,50,61.42,2021.16,Debit Card,19,0
ORD_0000438,CUST_00024,REST_1074,RIDER_0047,2026-08-27 16:57:35,Delivered,3,1257.15,50,36.83,1243.98,Credit Card,16,0
ORD_0000439,CUST_00314,REST_1049,RIDER_0118,2026-09-26 03:00:17,Delivered,4,620.71,50,51.9,622.61,Cash on Delivery,3,1
ORD_0000440,CUST_00345,REST_1056,RIDER_0066,2026-09-08 03:58:46,Delivered,3,778.62,50,25.0,753.62,Debit Card,3,0
ORD_0000441,CUST_00016,REST_1012,RIDER_0150,2026-08-16 05:35:04,Delivered,2,1065.17,50,72.67,1087.84,Cash on Delivery,5,1
ORD_0000442,CUST_00064,REST_1032,RIDER_0102,2026-08-21 05:45:14,Delivered,6,892.09,133.81,0.0,758.28,Debit Card,5,0
ORD_0000443,CUST_00215,REST_1043,RIDER_0082,2026-09-04 07:19:26,Delivered,2,2484.96,20,73.27,2538.23,Debit Card,7,0
ORD_0000444,CUST_00231,REST_1018,RIDER_0046,2026-09-07 21:15:35,Delivered,1,312.09,50,38.4,300.49,Net Banking,21,0
ORD_0000445,CUST_00326,REST_1015,RIDER_0058,2026-08-13 11:57:42,Delivered,2,2166.24,20,71.17,2217.41,Debit Card,11,0
ORD_0000446,CUST_00436,REST_1022,RIDER_0118,2026-09-04 21:02:51,Delivered,2,338.6,0,82.72,421.32,Net Banking,21,0
ORD_0000447,CUST_00351,REST_1076,RIDER_0062,2026-08-17 05:13:15,Cancelled,4,3395.27,0,108.22,3503.49,Zomato Wallet,5,0
ORD_0000448,CUST_00347,REST_1078,RIDER_0134,2026-09-14 16:43:56,Delivered,1,211.58,50,96.97,258.55,Cash on Delivery,16,0
ORD_0000449,CUST_00225,REST_1079,RIDER_0016,2026-08-28 11:43:08,Delivered,4,1280.01,0,91.8,1371.81,Debit Card,11,0
ORD_0000450,CUST_00297,REST_1020,RIDER_0044,2026-09-04 14:59:23,Delivered,1,692.01,50,51.15,693.16,Zomato Wallet,14,0
ORD_0000451,CUST_00126,REST_1043,RIDER_0088,2026-08-28 17:08:45,Delivered,5,4643.18,0,79.28,4722.46,Cash on Delivery,17,0
ORD_0000452,CUST_00150,REST_1058,RIDER_0041,2026-09-24 03:45:44,Delivered,6,2063.55,309.53,0.0,1754.02,Net Banking,3,0
ORD_0000453,CUST_00076,REST_1091,RIDER_0004,2026-08-25 05:33:38,Delivered,6,3734.1,50,46.12,3730.22,Debit Card,5,0
ORD_0000454,CUST_00475,REST_1099,RIDER_0044,2026-09-20 00:57:22,Delivered,2,1025.58,153.84,58.2,929.94,Debit Card,0,1
ORD_0000455,CUST_00374,REST_1023,RIDER_0051,2026-09-03 15:46:27,Delivered,2,428.28,64.24,59.85,423.89,UPI,15,0
ORD_0000456,CUST_00051,REST_1030,RIDER_0130,2026-08-06 13:38:51,Delivered,1,184.66,50,36.67,171.33,Debit Card,13,0
ORD_0000457,CUST_00094,REST_1042,RIDER_0059,2026-09-13 07:46:35,Delivered,2,1538.05,0,27.07,1565.12,Credit Card,7,1
ORD_0000458,CUST_00298,REST_1051,RIDER_0119,2026-08-09 14:03:06,Delivered,1,115.12,20,63.75,158.87,Cash on Delivery,14,1
ORD_0000459,CUST_00307,REST_1051,RIDER_0077,2026-09-24 07:41:56,Delivered,6,755.4,113.31,25.0,667.09,UPI,7,0
ORD_0000460,CUST_00324,REST_1018,RIDER_0085,2026-09-18 07:08:37,Delivered,3,879.53,131.93,0.0,747.6,Debit Card,7,0
ORD_0000461,CUST_00058,REST_1034,RIDER_0125,2026-07-31 16:15:06,Delivered,4,871.22,50,41.55,862.77,Credit Card,16,0
ORD_0000462,CUST_00158,REST_1081,RIDER_0079,2026-08-31 02:45:23,Delivered,6,932.76,139.91,87.15,880.0,Net Banking,2,0
ORD_0000463,CUST_00437,REST_1027,RIDER_0041,2026-08-31 15:57:28,Delivered,4,1634.03,245.1,106.58,1495.51,Debit Card,15,0
ORD_0000464,CUST_00231,REST_1029,RIDER_0109,2026-09-23 17:37:04,Delivered,3,1841.21,0,49.12,1890.33,Debit Card,17,0
ORD_0000465,CUST_00151,REST_1054,RIDER_0007,2026-08-31 07:01:14,Delivered,3,2486.28,0,52.57,2538.85,Zomato Wallet,7,0
ORD_0000466,CUST_00370,REST_1092,RIDER_0121,2026-08-04 12:15:11,Delivered,5,5461.81,819.27,88.65,4731.19,UPI,12,0
ORD_0000467,CUST_00142,REST_1082,RIDER_0095,2026-09-11 13:58:09,Delivered,2,284.24,50,103.2,337.44,Credit Card,13,0
ORD_0000468,CUST_00225,REST_1048,RIDER_0084,2026-09-24 15:37:50,Delivered,2,1303.26,0,64.73,1367.99,Zomato Wallet,15,0
ORD_0000469,CUST_00161,REST_1039,RIDER_0115,2026-08-20 21:36:56,Delivered,6,1399.61,0,27.75,1427.36,Net Banking,21,0
ORD_0000470,CUST_00413,REST_1072,RIDER_0013,2026-09-20 08:19:14,Delivered,5,710.34,20,25.0,715.34,Net Banking,8,1
ORD_0000471,CUST_00290,REST_1006,RIDER_0143,2026-08-10 22:49:29,Delivered,1,487.6,20,63.22,530.82,Net Banking,22,0
ORD_0000472,CUST_00451,REST_1012,RIDER_0085,2026-08-07 03:13:40,Delivered,4,2747.28,20,27.52,2754.8,UPI,3,0
ORD_0000473,CUST_00200,REST_1004,RIDER_0003,2026-08-21 21:53:21,Delivered,2,433.99,50,41.85,425.84,Zomato Wallet,21,0
ORD_0000474,CUST_00079,REST_1035,RIDER_0038,2026-08-20 01:24:58,Delivered,2,1552.06,0,40.5,1592.56,Debit Card,1,0
ORD_0000475,CUST_00337,REST_1044,RIDER_0052,2026-08-29 10:56:32,Cancelled,4,2436.98,20,25.65,2442.63,Net Banking,10,1
ORD_0000476,CUST_00026,REST_1063,RIDER_0113,2026-09-07 19:13:05,Delivered,5,722.9,108.43,29.25,643.72,UPI,19,0
ORD_0000477,CUST_00384,REST_1065,RIDER_0107,2026-08-18 14:05:01,Delivered,4,1542.39,20,30.45,1552.84,UPI,14,0
ORD_0000478,CUST_00485,REST_1029,RIDER_0017,2026-09-11 04:42:20,Refunded,4,2731.13,409.67,105.45,2426.91,Zomato Wallet,4,0
ORD_0000479,CUST_00332,REST_1065,RIDER_0012,2026-08-13 17:00:13,Delivered,5,1927.08,50,95.4,1972.48,Debit Card,17,0
ORD_0000480,CUST_00422,REST_1034,RIDER_0108,2026-08-16 18:49:59,Delivered,3,854.65,128.2,26.85,753.3,Credit Card,18,1
ORD_0000481,CUST_00466,REST_1046,RIDER_0083,2026-08-02 19:25:28,Delivered,4,3460.0,519.0,88.88,3029.88,Credit Card,19,1
ORD_0000482,CUST_00048,REST_1075,RIDER_0017,2026-08-10 23:00:04,Refunded,5,4418.85,662.83,107.77,3863.79,Net Banking,23,0
ORD_0000483,CUST_00461,REST_1028,RIDER_0033,2026-08-31 09:25:20,Delivered,2,915.5,50,75.98,941.48,Credit Card,9,0
ORD_0000484,CUST_00145,REST_1011,RIDER_0064,2026-08-22 00:12:15,Delivered,5,5279.77,791.97,34.58,4522.38,Debit Card,0,1
ORD_0000485,CUST_00068,REST_1065,RIDER_0109,2026-09-05 10:20:40,Delivered,2,832.84,0,76.42,909.26,UPI,10,1
ORD_0000486,CUST_00122,REST_1018,RIDER_0102,2026-08-31 08:37:13,Delivered,5,1579.95,0,25.0,1604.95,Debit Card,8,0
ORD_0000487,CUST_00061,REST_1057,RIDER_0132,2026-09-01 19:08:55,Delivered,6,2369.03,355.35,0.0,2013.68,Debit Card,19,0
ORD_0000488,CUST_00049,REST_1025,RIDER_0118,2026-08-10 20:02:00,Delivered,5,1490.19,0,25.0,1515.19,Cash on Delivery,20,0
ORD_0000489,CUST_00073,REST_1048,RIDER_0005,2026-08-19 08:01:00,Delivered,3,1745.51,261.83,83.78,1567.46,Cash on Delivery,8,0
ORD_0000490,CUST_00432,REST_1021,RIDER_0139,2026-09-28 05:41:21,Delivered,4,575.24,86.29,52.27,541.22,Net Banking,5,0
ORD_0000491,CUST_00070,REST_1058,RIDER_0001,2026-08-07 07:31:35,Delivered,4,1386.27,207.94,34.65,1212.98,Credit Card,7,0
ORD_0000492,CUST_00414,REST_1037,RIDER_0101,2026-08-15 12:35:40,Delivered,3,1848.53,20,74.92,1903.45,Zomato Wallet,12,1
ORD_0000493,CUST_00345,REST_1026,RIDER_0053,2026-09-12 02:13:08,Delivered,5,2105.0,50,25.0,2080.0,UPI,2,1
ORD_0000494,CUST_00313,REST_1076,RIDER_0040,2026-08-06 21:06:56,Delivered,1,712.6,106.89,0.0,605.71,UPI,21,0
ORD_0000495,CUST_00219,REST_1097,RIDER_0044,2026-09-16 08:33:59,Delivered,6,1989.26,298.39,0.0,1690.87,Net Banking,8,0
ORD_0000496,CUST_00327,REST_1023,RIDER_0072,2026-08-26 19:52:44,Delivered,3,444.93,66.74,101.25,479.44,Net Banking,19,0
ORD_0000497,CUST_00341,REST_1043,RIDER_0027,2026-09-16 09:51:58,Delivered,5,6155.07,50,66.22,6171.29,Cash on Delivery,9,0
ORD_0000498,CUST_00298,REST_1088,RIDER_0108,2026-09-07 06:33:29,Delivered,5,2155.91,20,82.28,2218.19,Zomato Wallet,6,0
ORD_0000499,CUST_00222,REST_1015,RIDER_0056,2026-09-24 02:06:29,Delivered,3,2901.67,435.25,27.45,2493.87,Debit Card,2,0
ORD_0000500,CUST_00128,REST_1043,RIDER_0115,2026-08-04 16:26:44,Delivered,5,5969.72,50,42.08,5961.8,Zomato Wallet,16,0
ORD_0000501,CUST_00179,REST_1027,RIDER_0128,2026-08-08 16:08:47,Delivered,6,1564.95,20,43.05,1588.0,Net Banking,16,1
ORD_0000502,CUST_00388,REST_1074,RIDER_0052,2026-08-25 17:48:56,Delivered,2,1061.69,159.25,96.3,998.74,UPI,17,0
ORD_0000503,CUST_00388,REST_1038,RIDER_0102,2026-08-07 10:00:27,Delivered,5,2630.7,394.6,29.25,2265.35,Net Banking,10,0
ORD_0000504,CUST_00166,REST_1050,RIDER_0114,2026-08-04 00:04:23,Delivered,6,1429.96,0,34.05,1464.01,Net Banking,0,0
ORD_0000505,CUST_00111,REST_1026,RIDER_0004,2026-08-28 20:38:37,Delivered,4,1427.45,50,33.82,1411.27,Zomato Wallet,20,0
ORD_0000506,CUST_00462,REST_1056,RIDER_0067,2026-09-04 09:10:28,Delivered,3,1018.69,0,90.98,1109.67,Credit Card,9,0
ORD_0000507,CUST_00050,REST_1081,RIDER_0122,2026-09-21 00:32:40,Delivered,2,373.06,55.96,40.95,358.05,UPI,0,0
ORD_0000508,CUST_00225,REST_1079,RIDER_0112,2026-08-06 07:43:44,Delivered,3,985.23,50,106.2,1041.43,Zomato Wallet,7,0
ORD_0000509,CUST_00489,REST_1043,RIDER_0146,2026-08-24 12:17:46,Delivered,2,2267.98,340.2,105.6,2033.38,Zomato Wallet,12,0
ORD_0000510,CUST_00170,REST_1042,RIDER_0146,2026-09-18 08:41:10,Delivered,1,948.36,0,105.53,1053.89,Debit Card,8,0
ORD_0000511,CUST_00397,REST_1010,RIDER_0017,2026-09-20 11:31:25,Delivered,1,461.12,20,51.23,492.35,Debit Card,11,1
ORD_0000512,CUST_00413,REST_1062,RIDER_0098,2026-09-15 02:30:55,Delivered,3,2279.62,0,25.0,2304.62,Credit Card,2,0
ORD_0000513,CUST_00232,REST_1032,RIDER_0135,2026-08-25 01:42:29,Delivered,5,441.43,20,25.0,446.43,UPI,1,0
ORD_0000514,CUST_00291,REST_1073,RIDER_0018,2026-08-16 18:46:12,Delivered,6,5550.28,832.54,0.0,4717.74,Cash on Delivery,18,1
ORD_0000515,CUST_00417,REST_1083,RIDER_0008,2026-08-03 19:24:58,Delivered,6,5215.38,50,104.4,5269.78,UPI,19,0
ORD_0000516,CUST_00309,REST_1012,RIDER_0087,2026-09-13 04:30:59,Delivered,5,2198.2,329.73,103.72,1972.19,Credit Card,4,1
ORD_0000517,CUST_00022,REST_1039,RIDER_0016,2026-09-15 16:31:59,Delivered,3,693.56,50,91.73,735.29,Cash on Delivery,16,0
ORD_0000518,CUST_00388,REST_1047,RIDER_0073,2026-08-31 03:27:24,Cancelled,4,370.6,55.59,25.0,340.01,Debit Card,3,0
ORD_0000519,CUST_00288,REST_1079,RIDER_0100,2026-08-29 17:51:30,Delivered,1,298.75,50,59.77,308.52,Cash on Delivery,17,1
ORD_0000520,CUST_00329,REST_1066,RIDER_0013,2026-09-20 22:03:23,Delivered,6,7503.23,1125.48,25.0,6402.75,Cash on Delivery,22,1
ORD_0000521,CUST_00261,REST_1073,RIDER_0012,2026-08-20 20:52:15,Delivered,6,4831.24,0,25.0,4856.24,Credit Card,20,0
ORD_0000522,CUST_00060,REST_1029,RIDER_0002,2026-08-23 09:12:31,Delivered,2,1063.07,159.46,0.0,903.61,UPI,9,1
ORD_0000523,CUST_00452,REST_1075,RIDER_0147,2026-08-30 02:48:37,Delivered,3,2691.16,0,29.93,2721.09,Net Banking,2,1
ORD_0000524,CUST_00022,REST_1090,RIDER_0115,2026-08-12 13:23:48,Delivered,4,733.25,50,76.65,759.9,Zomato Wallet,13,0
ORD_0000525,CUST_00275,REST_1059,RIDER_0073,2026-09-24 09:30:51,Delivered,2,687.2,0,35.7,722.9,UPI,9,0
ORD_0000526,CUST_00095,REST_1017,RIDER_0018,2026-08-23 12:23:17,Delivered,6,5600.68,840.1,53.48,4814.06,Credit Card,12,1
ORD_0000527,CUST_00372,REST_1065,RIDER_0012,2026-09-24 06:28:07,Delivered,1,313.48,47.02,25.0,291.46,Debit Card,6,0
ORD_0000528,CUST_00116,REST_1027,RIDER_0050,2026-09-01 15:44:34,Delivered,5,1476.83,0,76.12,1552.95,Debit Card,15,0
ORD_0000529,CUST_00317,REST_1034,RIDER_0083,2026-09-05 00:05:42,Delivered,5,949.78,0,25.0,974.78,UPI,0,1
ORD_0000530,CUST_00038,REST_1008,RIDER_0122,2026-09-24 12:44:17,Delivered,6,6238.86,935.83,74.78,5377.81,Zomato Wallet,12,0
ORD_0000531,CUST_00471,REST_1026,RIDER_0117,2026-09-21 03:05:43,Delivered,2,795.64,0,98.7,894.34,Debit Card,3,0
ORD_0000532,CUST_00206,REST_1033,RIDER_0091,2026-08-20 05:58:33,Delivered,4,2236.22,20,105.08,2321.3,Net Banking,5,0
ORD_0000533,CUST_00365,REST_1035,RIDER_0146,2026-08-18 22:31:15,Delivered,3,2452.8,367.92,0.0,2084.88,Credit Card,22,0
ORD_0000534,CUST_00278,REST_1083,RIDER_0077,2026-09-09 01:22:11,Delivered,5,5037.41,755.61,0.0,4281.8,UPI,1,0
ORD_0000535,CUST_00198,REST_1067,RIDER_0045,2026-08-26 13:56:50,Delivered,3,350.36,52.55,109.35,407.16,Credit Card,13,0
ORD_0000536,CUST_00250,REST_1030,RIDER_0136,2026-08-03 11:19:27,Delivered,1,173.15,0,78.0,251.15,Debit Card,11,0
ORD_0000537,CUST_00431,REST_1006,RIDER_0093,2026-08-30 16:14:02,Delivered,2,703.47,105.52,68.48,666.43,Cash on Delivery,16,1
ORD_0000538,CUST_00288,REST_1082,RIDER_0121,2026-08-27 08:23:22,Delivered,4,374.27,0,79.35,453.62,Net Banking,8,0
ORD_0000539,CUST_00245,REST_1038,RIDER_0006,2026-09-25 22:57:11,Delivered,6,3540.21,531.03,79.2,3088.38,UPI,22,0
ORD_0000540,CUST_00036,REST_1027,RIDER_0035,2026-08-29 04:21:35,Delivered,2,826.55,20,78.08,884.63,UPI,4,1
ORD_0000541,CUST_00410,REST_1079,RIDER_0005,2026-09-26 08:37:02,Delivered,4,1203.0,0,51.6,1254.6,Credit Card,8,1
ORD_0000542,CUST_00135,REST_1045,RIDER_0111,2026-09-01 19:32:20,Delivered,5,2147.06,322.06,0.0,1825.0,Cash on Delivery,19,0
ORD_0000543,CUST_00103,REST_1084,RIDER_0098,2026-09-06 18:05:47,Delivered,4,526.82,0,25.0,551.82,Zomato Wallet,18,1
ORD_0000544,CUST_00043,REST_1096,RIDER_0022,2026-08-30 23:29:23,Delivered,2,663.49,99.52,96.9,660.87,Credit Card,23,1
ORD_0000545,CUST_00122,REST_1095,RIDER_0023,2026-08-07 08:47:13,Delivered,4,1827.9,20,25.0,1832.9,UPI,8,0
ORD_0000546,CUST_00029,REST_1021,RIDER_0052,2026-08-07 22:10:18,Delivered,2,181.25,27.19,27.9,181.96,Debit Card,22,0
ORD_0000547,CUST_00099,REST_1051,RIDER_0051,2026-09-17 03:11:56,Delivered,1,92.47,0,70.72,163.19,Cash on Delivery,3,0
ORD_0000548,CUST_00097,REST_1023,RIDER_0020,2026-08-18 07:35:59,Delivered,5,848.36,20,28.05,856.41,Debit Card,7,0
ORD_0000549,CUST_00272,REST_1015,RIDER_0065,2026-08-27 08:53:22,Delivered,1,1140.72,171.11,85.95,1055.56,Net Banking,8,0
ORD_0000550,CUST_00302,REST_1073,RIDER_0017,2026-09-24 07:24:01,Delivered,4,2720.4,408.06,0.0,2312.34,Cash on Delivery,7,0
ORD_0000551,CUST_00098,REST_1037,RIDER_0044,2026-08-04 04:33:45,Delivered,4,2963.48,0,79.5,3042.98,Net Banking,4,0
ORD_0000552,CUST_00013,REST_1012,RIDER_0082,2026-09-06 01:55:32,Delivered,6,4149.65,0,109.95,4259.6,Credit Card,1,1
ORD_0000553,CUST_00077,REST_1043,RIDER_0087,2026-08-19 05:52:17,Delivered,6,6267.15,20,25.0,6272.15,Credit Card,5,0
ORD_0000554,CUST_00341,REST_1005,RIDER_0091,2026-08-10 08:05:24,Delivered,4,1542.54,20,25.0,1547.54,Debit Card,8,0
ORD_0000555,CUST_00174,REST_1086,RIDER_0080,2026-09-10 16:42:07,Refunded,5,3555.65,0,71.4,3627.05,Net Banking,16,0
ORD_0000556,CUST_00127,REST_1035,RIDER_0084,2026-08-22 17:00:58,Delivered,3,2345.99,351.9,101.85,2095.94,Debit Card,17,1
ORD_0000557,CUST_00462,REST_1026,RIDER_0083,2026-09-24 14:33:46,Delivered,1,385.53,0,108.08,493.61,Credit Card,14,0
ORD_0000558,CUST_00042,REST_1085,RIDER_0126,2026-09-13 23:12:34,Delivered,2,766.95,20,70.5,817.45,Debit Card,23,1
ORD_0000559,CUST_00031,REST_1072,RIDER_0064,2026-08-21 17:28:11,Delivered,3,375.89,56.38,73.58,393.09,Zomato Wallet,17,0
ORD_0000560,CUST_00152,REST_1014,RIDER_0050,2026-09-19 20:54:50,Delivered,1,212.27,31.84,90.45,270.88,Debit Card,20,1
ORD_0000561,CUST_00189,REST_1063,RIDER_0038,2026-09-12 09:55:02,Delivered,6,752.45,20,72.83,805.28,Credit Card,9,1
ORD_0000562,CUST_00445,REST_1053,RIDER_0142,2026-09-15 08:47:33,Delivered,6,1034.33,155.15,46.65,925.83,Cash on Delivery,8,0
ORD_0000563,CUST_00018,REST_1058,RIDER_0083,2026-09-23 23:02:54,Delivered,2,698.21,50,86.17,734.38,Zomato Wallet,23,0
ORD_0000564,CUST_00042,REST_1078,RIDER_0088,2026-08-06 19:11:26,Delivered,2,389.62,0,59.25,448.87,Net Banking,19,0
ORD_0000565,CUST_00123,REST_1009,RIDER_0143,2026-08-02 09:30:51,Delivered,2,2090.64,313.6,0.0,1777.04,Zomato Wallet,9,1
ORD_0000566,CUST_00010,REST_1081,RIDER_0075,2026-09-16 20:02:17,Delivered,1,160.88,50,25.0,135.88,Debit Card,20,0
ORD_0000567,CUST_00298,REST_1039,RIDER_0131,2026-08-15 23:37:50,Delivered,4,623.95,0,49.5,673.45,Debit Card,23,1
ORD_0000568,CUST_00062,REST_1086,RIDER_0074,2026-09-12 21:29:08,Delivered,2,907.62,20,25.0,912.62,Zomato Wallet,21,1
ORD_0000569,CUST_00106,REST_1044,RIDER_0146,2026-08-29 00:52:36,Delivered,5,4580.41,20,93.97,4654.38,UPI,0,1
ORD_0000570,CUST_00106,REST_1079,RIDER_0100,2026-08-31 19:52:00,Delivered,5,1474.67,50,55.72,1480.39,Credit Card,19,0
ORD_0000571,CUST_00318,REST_1009,RIDER_0003,2026-08-26 16:04:15,Delivered,2,2608.03,50,103.88,2661.91,UPI,16,0
ORD_0000572,CUST_00461,REST_1013,RIDER_0078,2026-08-13 19:34:20,Delivered,6,2251.47,50,35.77,2237.24,Net Banking,19,0
ORD_0000573,CUST_00446,REST_1091,RIDER_0143,2026-08-26 13:30:54,Delivered,1,574.86,86.23,0.0,488.63,Net Banking,13,0
ORD_0000574,CUST_00499,REST_1004,RIDER_0148,2026-08-04 07:40:17,Refunded,2,440.39,66.06,75.98,450.31,Credit Card,7,0
ORD_0000575,CUST_00121,REST_1076,RIDER_0001,2026-08-04 07:52:47,Delivered,1,674.61,0,98.1,772.71,Net Banking,7,0
ORD_0000576,CUST_00279,REST_1038,RIDER_0096,2026-09-05 02:11:33,Delivered,5,2702.67,405.4,83.1,2380.37,Debit Card,2,1
ORD_0000577,CUST_00076,REST_1072,RIDER_0139,2026-09-08 15:22:06,Delivered,5,706.81,0,45.75,752.56,Debit Card,15,0
ORD_0000578,CUST_00441,REST_1021,RIDER_0088,2026-09-21 11:50:54,Delivered,2,278.09,41.71,0.0,236.38,Net Banking,11,0
ORD_0000579,CUST_00257,REST_1024,RIDER_0134,2026-08-10 02:58:21,Delivered,4,1365.23,50,67.72,1382.95,Debit Card,2,0
ORD_0000580,CUST_00203,REST_1077,RIDER_0101,2026-08-21 07:32:20,Delivered,6,6117.06,917.56,0.0,5199.5,Credit Card,7,0
ORD_0000581,CUST_00458,REST_1081,RIDER_0028,2026-09-17 02:58:19,Cancelled,1,235.16,0,25.0,260.16,Debit Card,2,0
ORD_0000582,CUST_00062,REST_1019,RIDER_0048,2026-08-06 23:17:27,Delivered,1,131.11,20,25.0,136.11,Debit Card,23,0
ORD_0000583,CUST_00326,REST_1024,RIDER_0126,2026-08-03 02:30:28,Delivered,4,1879.73,50,60.0,1889.73,Zomato Wallet,2,0
ORD_0000584,CUST_00014,REST_1056,RIDER_0010,2026-09-16 08:54:09,Delivered,6,2132.86,0,86.4,2219.26,Zomato Wallet,8,0
ORD_0000585,CUST_00166,REST_1059,RIDER_0142,2026-09-12 20:26:07,Delivered,4,1322.19,0,31.13,1353.32,Zomato Wallet,20,1
ORD_0000586,CUST_00411,REST_1087,RIDER_0013,2026-08-24 15:04:27,Delivered,2,647.92,50,68.7,666.62,UPI,15,0
ORD_0000587,CUST_00496,REST_1017,RIDER_0051,2026-09-15 20:32:51,Delivered,2,1298.74,194.81,58.57,1162.5,Cash on Delivery,20,0
ORD_0000588,CUST_00118,REST_1090,RIDER_0114,2026-08-11 07:34:25,Delivered,4,948.07,142.21,0.0,805.86,Net Banking,7,0
ORD_0000589,CUST_00215,REST_1084,RIDER_0009,2026-08-27 02:57:17,Delivered,5,724.77,0,53.48,778.25,Credit Card,2,0
ORD_0000590,CUST_00338,REST_1073,RIDER_0143,2026-08-25 13:54:55,Delivered,1,652.9,0,57.75,710.65,Zomato Wallet,13,0
ORD_0000591,CUST_00006,REST_1068,RIDER_0016,2026-09-18 13:54:30,Delivered,2,2486.64,373.0,89.4,2203.04,Credit Card,13,0
ORD_0000592,CUST_00245,REST_1099,RIDER_0055,2026-08-09 15:51:42,Delivered,6,2748.52,412.28,26.55,2362.79,UPI,15,1
ORD_0000593,CUST_00038,REST_1091,RIDER_0043,2026-08-24 00:46:31,Delivered,1,908.27,136.24,72.98,845.01,UPI,0,0
ORD_0000594,CUST_00231,REST_1080,RIDER_0058,2026-08-12 09:45:26,Delivered,6,583.98,50,57.9,591.88,Net Banking,9,0
ORD_0000595,CUST_00222,REST_1015,RIDER_0107,2026-08-06 11:38:05,Delivered,6,7282.48,1092.37,66.3,6256.41,Debit Card,11,0
ORD_0000596,CUST_00310,REST_1065,RIDER_0079,2026-09-14 16:02:22,Delivered,6,2105.47,50,61.2,2116.67,Credit Card,16,0
ORD_0000597,CUST_00047,REST_1099,RIDER_0088,2026-09-20 18:26:15,Delivered,3,2094.14,314.12,61.73,1841.75,Credit Card,18,1
ORD_0000598,CUST_00179,REST_1060,RIDER_0050,2026-09-01 13:40:06,Delivered,5,1431.59,0,61.8,1493.39,Zomato Wallet,13,0
ORD_0000599,CUST_00105,REST_1076,RIDER_0149,2026-09-19 13:00:57,Delivered,2,1829.82,20,26.7,1836.52,Net Banking,13,1
ORD_0000600,CUST_00139,REST_1091,RIDER_0118,2026-09-21 05:19:06,Cancelled,5,4767.74,715.16,43.8,4096.38,Debit Card,5,0
ORD_0000601,CUST_00476,REST_1072,RIDER_0117,2026-09-22 12:09:34,Delivered,5,471.27,20,68.55,519.82,UPI,12,0
ORD_0000602,CUST_00434,REST_1031,RIDER_0072,2026-08-10 11:28:09,Delivered,2,359.98,54.0,64.95,370.93,UPI,11,0
ORD_0000603,CUST_00146,REST_1094,RIDER_0062,2026-08-22 10:08:32,Delivered,5,1502.13,225.32,0.0,1276.81,Net Banking,10,1
ORD_0000604,CUST_00293,REST_1093,RIDER_0070,2026-09-16 06:07:36,Delivered,2,2549.39,20,25.0,2554.39,Credit Card,6,0
ORD_0000605,CUST_00223,REST_1092,RIDER_0099,2026-09-12 08:42:21,Delivered,5,5914.41,0,30.75,5945.16,Debit Card,8,1
ORD_0000606,CUST_00165,REST_1008,RIDER_0128,2026-09-18 07:45:52,Delivered,5,6151.58,922.74,71.78,5300.62,Credit Card,7,0
ORD_0000607,CUST_00107,REST_1044,RIDER_0081,2026-09-03 08:14:01,Delivered,5,3288.15,50,50.33,3288.48,Zomato Wallet,8,0
ORD_0000608,CUST_00200,REST_1097,RIDER_0089,2026-09-03 22:48:33,Delivered,3,917.82,20,47.85,945.67,Debit Card,22,0
ORD_0000609,CUST_00087,REST_1042,RIDER_0150,2026-09-19 06:09:30,Delivered,2,1193.9,50,70.12,1214.02,Debit Card,6,1
ORD_0000610,CUST_00151,REST_1026,RIDER_0112,2026-08-27 02:02:56,Delivered,1,454.71,50,97.88,502.59,Zomato Wallet,2,0
ORD_0000611,CUST_00121,REST_1007,RIDER_0051,2026-09-27 13:18:19,Delivered,3,1910.89,0,81.68,1992.57,Credit Card,13,1
ORD_0000612,CUST_00393,REST_1043,RIDER_0132,2026-08-02 01:20:30,Delivered,2,1806.12,50,60.07,1816.19,Cash on Delivery,1,1
ORD_0000613,CUST_00237,REST_1048,RIDER_0117,2026-08-17 01:10:58,Delivered,3,1674.7,20,81.45,1736.15,Net Banking,1,0
ORD_0000614,CUST_00372,REST_1070,RIDER_0135,2026-09-14 08:22:10,Delivered,6,676.95,101.54,107.1,682.51,Net Banking,8,0
ORD_0000615,CUST_00106,REST_1010,RIDER_0095,2026-08-29 00:29:10,Delivered,2,825.99,50,25.0,800.99,Net Banking,0,1
ORD_0000616,CUST_00405,REST_1095,RIDER_0036,2026-08-29 08:42:41,Delivered,4,1679.71,20,49.42,1709.13,Credit Card,8,1
ORD_0000617,CUST_00213,REST_1024,RIDER_0063,2026-08-14 04:11:32,Delivered,4,1330.31,20,100.5,1410.81,Cash on Delivery,4,0
ORD_0000618,CUST_00021,REST_1084,RIDER_0018,2026-09-03 06:24:32,Delivered,6,791.66,20,42.83,814.49,Cash on Delivery,6,0
ORD_0000619,CUST_00207,REST_1066,RIDER_0118,2026-09-02 17:27:40,Delivered,5,3949.43,50,72.45,3971.88,Cash on Delivery,17,0
ORD_0000620,CUST_00496,REST_1026,RIDER_0097,2026-09-01 02:22:32,Delivered,2,671.94,100.79,76.35,647.5,Net Banking,2,0
ORD_0000621,CUST_00489,REST_1012,RIDER_0050,2026-09-09 15:57:07,Delivered,1,717.31,107.6,67.05,676.76,UPI,15,0
ORD_0000622,CUST_00240,REST_1018,RIDER_0127,2026-08-11 03:15:25,Delivered,4,1648.97,20,25.0,1653.97,Cash on Delivery,3,0
ORD_0000623,CUST_00417,REST_1065,RIDER_0084,2026-09-20 04:23:12,Delivered,2,775.23,20,25.0,780.23,Debit Card,4,1
ORD_0000624,CUST_00154,REST_1072,RIDER_0104,2026-08-05 00:34:18,Delivered,2,280.56,42.08,106.12,344.6,Credit Card,0,0
ORD_0000625,CUST_00079,REST_1011,RIDER_0139,2026-09-18 03:46:00,Delivered,6,4838.86,20,46.05,4864.91,UPI,3,0
ORD_0000626,CUST_00418,REST_1062,RIDER_0040,2026-09-09 06:16:29,Delivered,4,3724.54,558.68,57.3,3223.16,Credit Card,6,0
ORD_0000627,CUST_00435,REST_1042,RIDER_0074,2026-08-23 15:50:46,Delivered,6,3380.38,507.06,71.25,2944.57,Net Banking,15,1
ORD_0000628,CUST_00479,REST_1012,RIDER_0014,2026-07-31 05:55:45,Delivered,6,3163.05,50,57.08,3170.13,Credit Card,5,0
ORD_0000629,CUST_00170,REST_1023,RIDER_0010,2026-09-25 15:14:09,Delivered,4,603.02,50,25.0,578.02,Cash on Delivery,15,0
ORD_0000630,CUST_00237,REST_1057,RIDER_0041,2026-09-19 00:50:58,Delivered,6,1640.95,20,25.0,1645.95,Debit Card,0,1
ORD_0000631,CUST_00157,REST_1058,RIDER_0103,2026-09-09 15:00:19,Delivered,2,646.56,0,91.28,737.84,UPI,15,0
ORD_0000632,CUST_00371,REST_1003,RIDER_0073,2026-09-01 08:22:42,Delivered,6,1551.2,50,79.12,1580.32,Cash on Delivery,8,0
ORD_0000633,CUST_00187,REST_1018,RIDER_0101,2026-08-18 15:15:58,Delivered,4,1528.61,20,44.17,1552.78,Debit Card,15,0
ORD_0000634,CUST_00363,REST_1075,RIDER_0081,2026-09-24 01:15:59,Delivered,1,754.76,20,97.58,832.34,Credit Card,1,0
ORD_0000635,CUST_00370,REST_1022,RIDER_0107,2026-08-03 18:39:30,Delivered,5,800.86,120.13,87.6,768.33,Zomato Wallet,18,0
ORD_0000636,CUST_00378,REST_1085,RIDER_0071,2026-09-20 14:04:48,Delivered,6,2310.29,20,48.82,2339.11,Cash on Delivery,14,1
ORD_0000637,CUST_00276,REST_1083,RIDER_0012,2026-08-27 15:57:54,Delivered,5,5422.72,20,42.9,5445.62,Credit Card,15,0
ORD_0000638,CUST_00154,REST_1014,RIDER_0059,2026-09-25 07:32:48,Cancelled,4,819.49,122.92,34.95,731.52,UPI,7,0
ORD_0000639,CUST_00411,REST_1043,RIDER_0138,2026-09-22 02:36:35,Delivered,6,4788.95,50,104.85,4843.8,Zomato Wallet,2,0
ORD_0000640,CUST_00400,REST_1023,RIDER_0061,2026-09-06 19:33:46,Delivered,1,172.88,0,66.22,239.1,UPI,19,1
ORD_0000641,CUST_00337,REST_1058,RIDER_0066,2026-09-09 09:25:37,Delivered,6,2630.72,0,25.5,2656.22,Credit Card,9,0
ORD_0000642,CUST_00437,REST_1004,RIDER_0062,2026-08-06 10:48:55,Delivered,4,695.01,104.25,88.42,679.18,Cash on Delivery,10,0
ORD_0000643,CUST_00063,REST_1072,RIDER_0072,2026-08-08 03:05:39,Delivered,5,688.87,0,45.38,734.25,Credit Card,3,1
ORD_0000644,CUST_00246,REST_1073,RIDER_0008,2026-09-02 01:44:39,Delivered,4,2579.78,0,96.08,2675.86,Net Banking,1,0
ORD_0000645,CUST_00383,REST_1031,RIDER_0059,2026-09-17 01:02:35,Delivered,5,1097.14,50,65.85,1112.99,Zomato Wallet,1,0
ORD_0000646,CUST_00442,REST_1096,RIDER_0022,2026-08-13 01:29:37,Delivered,4,1758.23,50,95.03,1803.26,Debit Card,1,0
ORD_0000647,CUST_00160,REST_1094,RIDER_0076,2026-08-03 19:47:58,Delivered,2,588.23,20,96.6,664.83,Cash on Delivery,19,0
ORD_0000648,CUST_00256,REST_1049,RIDER_0077,2026-09-08 13:08:36,Delivered,5,1001.45,150.22,25.0,876.23,Debit Card,13,0
ORD_0000649,CUST_00455,REST_1032,RIDER_0047,2026-09-25 00:12:04,Delivered,1,138.22,20.73,30.67,148.16,Cash on Delivery,0,0
ORD_0000650,CUST_00280,REST_1058,RIDER_0142,2026-08-28 22:23:53,Delivered,1,463.03,20,25.0,468.03,Credit Card,22,0
ORD_0000651,CUST_00055,REST_1084,RIDER_0011,2026-09-14 14:26:04,Delivered,3,294.07,44.11,0.0,249.96,Cash on Delivery,14,0
ORD_0000652,CUST_00054,REST_1015,RIDER_0121,2026-08-21 06:00:57,Refunded,2,2628.61,394.29,83.32,2317.64,Cash on Delivery,6,0
ORD_0000653,CUST_00407,REST_1035,RIDER_0127,2026-09-22 04:58:53,Delivered,5,3623.09,50,33.3,3606.39,Credit Card,4,0
ORD_0000654,CUST_00456,REST_1020,RIDER_0108,2026-08-24 19:15:25,Delivered,3,2509.56,50,75.15,2534.71,Zomato Wallet,19,0
ORD_0000655,CUST_00496,REST_1042,RIDER_0034,2026-08-03 22:45:10,Delivered,1,789.83,118.47,32.55,703.91,Zomato Wallet,22,0
ORD_0000656,CUST_00175,REST_1035,RIDER_0115,2026-08-14 01:30:14,Delivered,4,3295.23,494.28,25.0,2825.95,Net Banking,1,0
ORD_0000657,CUST_00440,REST_1033,RIDER_0053,2026-09-06 19:59:34,Delivered,3,1262.75,189.41,45.0,1118.34,UPI,19,1
ORD_0000658,CUST_00427,REST_1002,RIDER_0118,2026-09-19 22:43:52,Delivered,4,542.26,20,38.48,560.74,Cash on Delivery,22,1
ORD_0000659,CUST_00231,REST_1019,RIDER_0071,2026-09-15 08:10:19,Delivered,4,404.72,50,107.25,461.97,Credit Card,8,0
ORD_0000660,CUST_00354,REST_1011,RIDER_0070,2026-09-19 04:33:08,Delivered,2,2528.65,379.3,90.53,2239.88,Credit Card,4,1
ORD_0000661,CUST_00343,REST_1087,RIDER_0148,2026-09-20 11:52:01,Cancelled,5,2047.19,20,103.05,2130.24,Credit Card,11,1
ORD_0000662,CUST_00056,REST_1060,RIDER_0109,2026-08-24 10:19:43,Delivered,5,1228.26,20,80.03,1288.29,Net Banking,10,0
ORD_0000663,CUST_00456,REST_1048,RIDER_0084,2026-08-04 11:47:43,Delivered,6,2657.28,50,96.52,2703.8,Credit Card,11,0
ORD_0000664,CUST_00023,REST_1036,RIDER_0120,2026-09-09 01:56:01,Delivered,6,2764.3,50,63.6,2777.9,Debit Card,1,0
ORD_0000665,CUST_00062,REST_1028,RIDER_0116,2026-08-20 08:16:03,Delivered,2,866.5,50,25.0,841.5,Credit Card,8,0
ORD_0000666,CUST_00357,REST_1008,RIDER_0126,2026-08-21 01:13:03,Delivered,5,4613.59,692.04,90.15,4011.7,Debit Card,1,0
ORD_0000667,CUST_00386,REST_1076,RIDER_0143,2026-08-15 23:53:56,Delivered,6,3468.49,0,25.0,3493.49,Credit Card,23,1
ORD_0000668,CUST_00116,REST_1012,RIDER_0009,2026-08-11 11:44:13,Delivered,6,3297.28,50,83.03,3330.31,Credit Card,11,0
ORD_0000669,CUST_00004,REST_1034,RIDER_0096,2026-08-03 10:55:23,Delivered,1,229.33,50,63.37,242.7,Debit Card,10,0
ORD_0000670,CUST_00366,REST_1064,RIDER_0136,2026-09-26 11:47:12,Delivered,5,966.42,144.96,0.0,821.46,Net Banking,11,1
ORD_0000671,CUST_00313,REST_1076,RIDER_0072,2026-08-30 16:46:12,Delivered,5,3729.74,559.46,0.0,3170.28,Cash on Delivery,16,1
ORD_0000672,CUST_00378,REST_1087,RIDER_0029,2026-09-23 10:06:40,Delivered,5,1777.27,0,57.9,1835.17,Credit Card,10,0
ORD_0000673,CUST_00261,REST_1031,RIDER_0062,2026-09-21 09:01:59,Delivered,4,945.25,0,65.33,1010.58,Credit Card,9,0
ORD_0000674,CUST_00046,REST_1077,RIDER_0038,2026-09-11 23:48:37,Delivered,2,2289.47,343.42,25.0,1971.05,Debit Card,23,0
ORD_0000675,CUST_00442,REST_1015,RIDER_0022,2026-08-31 08:32:13,Delivered,4,4804.03,50,25.8,4779.83,UPI,8,0
ORD_0000676,CUST_00384,REST_1004,RIDER_0039,2026-09-03 08:24:00,Delivered,3,498.24,0,40.88,539.12,Credit Card,8,0
ORD_0000677,CUST_00296,REST_1064,RIDER_0123,2026-08-27 22:15:08,Delivered,3,533.83,0,59.1,592.93,Net Banking,22,0
ORD_0000678,CUST_00454,REST_1025,RIDER_0097,2026-09-02 13:47:39,Delivered,4,981.5,147.22,0.0,834.28,Credit Card,13,0
ORD_0000679,CUST_00262,REST_1048,RIDER_0083,2026-09-04 22:13:02,Delivered,6,3365.58,504.84,76.42,2937.16,Credit Card,22,0
ORD_0000680,CUST_00439,REST_1087,RIDER_0118,2026-09-03 12:27:18,Delivered,5,1782.86,0,89.25,1872.11,UPI,12,0
ORD_0000681,CUST_00444,REST_1070,RIDER_0065,2026-09-20 08:44:11,Delivered,2,243.43,20,25.0,248.43,Credit Card,8,1
ORD_0000682,CUST_00194,REST_1047,RIDER_0136,2026-08-06 06:34:58,Delivered,6,635.68,95.35,49.8,590.13,Cash on Delivery,6,0
ORD_0000683,CUST_00342,REST_1060,RIDER_0105,2026-08-28 22:29:34,Delivered,2,376.02,56.4,25.2,344.82,Debit Card,22,0
ORD_0000684,CUST_00485,REST_1086,RIDER_0100,2026-08-15 06:08:16,Delivered,4,2626.39,393.96,45.15,2277.58,Debit Card,6,1
ORD_0000685,CUST_00492,REST_1004,RIDER_0022,2026-09-14 15:51:12,Delivered,1,217.2,50,47.48,214.68,Credit Card,15,0
ORD_0000686,CUST_00257,REST_1038,RIDER_0071,2026-09-01 05:38:09,Delivered,3,1293.79,50,83.03,1326.82,Debit Card,5,0
ORD_0000687,CUST_00100,REST_1077,RIDER_0066,2026-09-26 01:09:28,Delivered,5,5100.55,765.08,41.18,4376.65,UPI,1,1
ORD_0000688,CUST_00311,REST_1044,RIDER_0062,2026-09-26 15:35:45,Delivered,2,1151.37,20,25.0,1156.37,Zomato Wallet,15,1
ORD_0000689,CUST_00389,REST_1061,RIDER_0100,2026-08-09 07:08:55,Delivered,2,1769.57,0,56.1,1825.67,UPI,7,1
ORD_0000690,CUST_00172,REST_1094,RIDER_0029,2026-09-22 10:03:13,Delivered,4,1425.78,20,25.0,1430.78,Debit Card,10,0
ORD_0000691,CUST_00306,REST_1013,RIDER_0107,2026-07-31 08:13:43,Delivered,5,1287.05,0,99.0,1386.05,Zomato Wallet,8,0
ORD_0000692,CUST_00147,REST_1013,RIDER_0139,2026-08-28 10:02:32,Delivered,4,1116.29,167.44,32.02,980.87,Credit Card,10,0
ORD_0000693,CUST_00311,REST_1081,RIDER_0038,2026-08-07 04:20:11,Delivered,6,1016.37,50,33.52,999.89,Zomato Wallet,4,0
ORD_0000694,CUST_00122,REST_1051,RIDER_0102,2026-09-10 15:56:16,Delivered,2,228.31,0,53.4,281.71,Credit Card,15,0
ORD_0000695,CUST_00029,REST_1081,RIDER_0053,2026-09-04 03:00:25,Delivered,3,702.09,105.31,48.82,645.6,Credit Card,3,0
ORD_0000696,CUST_00131,REST_1053,RIDER_0092,2026-08-05 02:21:20,Delivered,4,729.79,50,92.4,772.19,Credit Card,2,0
ORD_0000697,CUST_00269,REST_1057,RIDER_0075,2026-08-03 23:04:07,Delivered,2,656.91,98.54,0.0,558.37,Cash on Delivery,23,0
ORD_0000698,CUST_00271,REST_1012,RIDER_0105,2026-08-04 12:32:03,Cancelled,3,1666.38,50,30.6,1646.98,Cash on Delivery,12,0
ORD_0000699,CUST_00189,REST_1091,RIDER_0149,2026-08-06 08:09:12,Delivered,2,1442.28,50,90.9,1483.18,Cash on Delivery,8,0
ORD_0000700,CUST_00216,REST_1095,RIDER_0147,2026-09-05 12:54:05,Delivered,6,2875.17,431.28,0.0,2443.89,Net Banking,12,1
ORD_0000701,CUST_00297,REST_1071,RIDER_0146,2026-08-24 03:24:55,Delivered,2,588.32,0,25.0,613.32,Credit Card,3,0
ORD_0000702,CUST_00289,REST_1064,RIDER_0015,2026-09-08 15:21:10,Delivered,4,865.52,129.83,0.0,735.69,UPI,15,0
ORD_0000703,CUST_00090,REST_1036,RIDER_0080,2026-09-23 13:49:38,Delivered,2,1379.11,206.87,105.22,1277.46,Zomato Wallet,13,0
ORD_0000704,CUST_00388,REST_1015,RIDER_0073,2026-07-31 08:13:27,Delivered,6,6488.68,973.3,100.5,5615.88,UPI,8,0
ORD_0000705,CUST_00435,REST_1026,RIDER_0104,2026-09-26 09:03:30,Delivered,3,1219.67,182.95,86.85,1123.57,Credit Card,9,1
ORD_0000706,CUST_00345,REST_1026,RIDER_0049,2026-09-20 08:34:14,Delivered,3,1214.1,0,41.02,1255.12,Debit Card,8,1
ORD_0000707,CUST_00140,REST_1009,RIDER_0008,2026-08-15 23:47:06,Delivered,1,1319.14,0,57.83,1376.97,Net Banking,23,1
ORD_0000708,CUST_00039,REST_1010,RIDER_0050,2026-09-28 10:52:20,Delivered,5,1637.98,50,43.12,1631.1,Debit Card,10,0
ORD_0000709,CUST_00038,REST_1053,RIDER_0014,2026-09-13 00:57:03,Delivered,2,290.06,43.51,50.62,297.17,Zomato Wallet,0,1
ORD_0000710,CUST_00226,REST_1063,RIDER_0073,2026-09-06 23:33:03,Delivered,4,517.85,50,25.58,493.43,UPI,23,1
ORD_0000711,CUST_00048,REST_1079,RIDER_0122,2026-09-06 08:57:10,Delivered,5,1815.3,272.29,103.12,1646.13,Credit Card,8,1
ORD_0000712,CUST_00489,REST_1065,RIDER_0092,2026-08-16 16:06:12,Delivered,4,987.45,148.12,29.7,869.03,Credit Card,16,1
ORD_0000713,CUST_00041,REST_1080,RIDER_0042,2026-07-31 02:08:52,Delivered,5,616.7,92.51,47.77,571.96,UPI,2,0
ORD_0000714,CUST_00158,REST_1057,RIDER_0013,2026-08-16 10:09:00,Delivered,1,320.45,48.07,97.2,369.58,UPI,10,1
ORD_0000715,CUST_00204,REST_1084,RIDER_0137,2026-08-10 13:22:56,Delivered,2,254.88,20,103.65,338.53,Cash on Delivery,13,0
ORD_0000716,CUST_00094,REST_1023,RIDER_0050,2026-08-25 09:28:07,Delivered,4,873.76,50,61.95,885.71,Credit Card,9,0
ORD_0000717,CUST_00444,REST_1037,RIDER_0139,2026-08-23 15:21:54,Delivered,4,3775.63,0,98.4,3874.03,Zomato Wallet,15,1
ORD_0000718,CUST_00369,REST_1094,RIDER_0104,2026-08-11 14:20:38,Delivered,4,1342.79,0,55.27,1398.06,UPI,14,0
ORD_0000719,CUST_00002,REST_1070,RIDER_0139,2026-08-13 23:44:47,Refunded,6,852.54,20,25.0,857.54,Cash on Delivery,23,0
ORD_0000720,CUST_00230,REST_1011,RIDER_0068,2026-09-08 08:37:54,Delivered,5,4231.55,634.73,67.05,3663.87,Net Banking,8,0
ORD_0000721,CUST_00489,REST_1005,RIDER_0143,2026-09-26 09:20:22,Delivered,2,534.41,80.16,63.53,517.78,Debit Card,9,1
ORD_0000722,CUST_00488,REST_1100,RIDER_0059,2026-09-21 16:40:29,Delivered,6,3671.97,50,53.17,3675.14,Zomato Wallet,16,0
ORD_0000723,CUST_00284,REST_1017,RIDER_0022,2026-08-27 13:49:19,Delivered,1,702.78,105.42,0.0,597.36,Cash on Delivery,13,0
ORD_0000724,CUST_00200,REST_1084,RIDER_0051,2026-09-21 09:39:21,Delivered,1,147.72,0,87.45,235.17,Zomato Wallet,9,0
ORD_0000725,CUST_00254,REST_1080,RIDER_0137,2026-09-16 20:36:23,Delivered,2,215.01,32.25,48.22,230.98,Net Banking,20,0
ORD_0000726,CUST_00020,REST_1098,RIDER_0137,2026-08-30 22:39:02,Delivered,3,435.56,20,78.53,494.09,Zomato Wallet,22,1
ORD_0000727,CUST_00185,REST_1071,RIDER_0098,2026-09-01 06:23:41,Delivered,3,844.68,20,78.9,903.58,Cash on Delivery,6,0
ORD_0000728,CUST_00304,REST_1070,RIDER_0051,2026-08-13 16:06:52,Delivered,2,260.44,39.07,45.0,266.37,Debit Card,16,0
ORD_0000729,CUST_00426,REST_1042,RIDER_0050,2026-09-22 01:45:43,Delivered,3,1903.92,285.59,0.0,1618.33,Zomato Wallet,1,0
ORD_0000730,CUST_00248,REST_1034,RIDER_0088,2026-09-06 19:40:46,Delivered,2,435.83,65.37,26.1,396.56,Zomato Wallet,19,1
ORD_0000731,CUST_00115,REST_1077,RIDER_0028,2026-09-23 09:48:18,Delivered,5,4742.03,711.3,0.0,4030.73,Net Banking,9,0
ORD_0000732,CUST_00148,REST_1057,RIDER_0058,2026-07-31 18:46:48,Delivered,5,1290.2,0,28.8,1319.0,Cash on Delivery,18,0
ORD_0000733,CUST_00025,REST_1047,RIDER_0134,2026-09-01 10:26:42,Delivered,4,376.88,20,68.32,425.2,Credit Card,10,0
ORD_0000734,CUST_00188,REST_1047,RIDER_0108,2026-09-15 05:53:22,Delivered,3,271.09,50,83.25,304.34,Credit Card,5,0
ORD_0000735,CUST_00330,REST_1011,RIDER_0073,2026-08-08 12:06:34,Delivered,4,4315.27,50,25.0,4290.27,Credit Card,12,1
ORD_0000736,CUST_00004,REST_1046,RIDER_0093,2026-08-12 15:27:55,Delivered,2,1868.14,50,33.0,1851.14,Net Banking,15,0
ORD_0000737,CUST_00490,REST_1061,RIDER_0150,2026-09-18 05:09:17,Delivered,5,4777.53,50,51.38,4778.91,Debit Card,5,0
ORD_0000738,CUST_00174,REST_1093,RIDER_0109,2026-09-04 08:34:14,Delivered,2,1875.0,50,90.22,1915.22,UPI,8,0
ORD_0000739,CUST_00220,REST_1061,RIDER_0007,2026-08-13 06:15:37,Delivered,2,1620.02,0,104.1,1724.12,UPI,6,0
ORD_0000740,CUST_00445,REST_1053,RIDER_0018,2026-08-20 06:32:31,Delivered,5,1069.08,160.36,25.0,933.72,Debit Card,6,0
ORD_0000741,CUST_00198,REST_1067,RIDER_0126,2026-08-14 00:46:42,Delivered,3,383.09,57.46,59.93,385.56,UPI,0,0
ORD_0000742,CUST_00148,REST_1044,RIDER_0018,2026-09-20 02:19:58,Delivered,2,1272.34,0,31.27,1303.61,Cash on Delivery,2,1
ORD_0000743,CUST_00320,REST_1031,RIDER_0016,2026-09-05 15:54:12,Delivered,3,534.08,80.11,84.3,538.27,Net Banking,15,1
ORD_0000744,CUST_00362,REST_1017,RIDER_0117,2026-08-17 05:22:06,Delivered,3,2354.45,353.17,89.25,2090.53,Credit Card,5,0
ORD_0000745,CUST_00442,REST_1024,RIDER_0084,2026-08-13 20:59:17,Delivered,6,2028.04,0,72.07,2100.11,Credit Card,20,0
ORD_0000746,CUST_00492,REST_1011,RIDER_0121,2026-08-17 02:07:27,Delivered,5,5652.34,0,25.0,5677.34,UPI,2,0
ORD_0000747,CUST_00380,REST_1078,RIDER_0044,2026-08-09 19:58:11,Delivered,2,459.34,20,83.78,523.12,Zomato Wallet,19,1
ORD_0000748,CUST_00405,REST_1067,RIDER_0139,2026-08-19 18:31:27,Delivered,4,534.28,20,41.62,555.9,Net Banking,18,0
ORD_0000749,CUST_00134,REST_1043,RIDER_0148,2026-09-17 09:45:47,Delivered,2,2168.15,325.22,71.33,1914.26,Credit Card,9,0
ORD_0000750,CUST_00389,REST_1081,RIDER_0128,2026-08-10 23:14:24,Cancelled,5,821.51,0,30.83,852.34,Credit Card,23,0
ORD_0000751,CUST_00407,REST_1068,RIDER_0102,2026-08-05 07:34:18,Delivered,4,4220.97,50,64.88,4235.85,Net Banking,7,0
ORD_0000752,CUST_00095,REST_1042,RIDER_0137,2026-09-07 07:57:28,Delivered,1,640.8,96.12,103.27,647.95,Debit Card,7,0
ORD_0000753,CUST_00057,REST_1063,RIDER_0018,2026-09-02 17:22:18,Delivered,2,255.36,38.3,94.2,311.26,Zomato Wallet,17,0
ORD_0000754,CUST_00384,REST_1068,RIDER_0007,2026-08-09 00:32:53,Delivered,5,6113.94,0,39.9,6153.84,Net Banking,0,1
ORD_0000755,CUST_00312,REST_1011,RIDER_0038,2026-09-07 16:03:07,Delivered,4,3982.25,597.34,25.0,3409.91,Credit Card,16,0
ORD_0000756,CUST_00058,REST_1056,RIDER_0104,2026-08-10 04:34:51,Delivered,6,1830.09,50,25.0,1805.09,Net Banking,4,0
ORD_0000757,CUST_00102,REST_1044,RIDER_0010,2026-08-28 13:13:53,Delivered,3,2611.98,0,67.35,2679.33,Debit Card,13,0
ORD_0000758,CUST_00321,REST_1033,RIDER_0087,2026-07-31 21:26:10,Delivered,1,672.0,100.8,67.8,639.0,Zomato Wallet,21,0
ORD_0000759,CUST_00496,REST_1054,RIDER_0098,2026-08-06 10:53:51,Delivered,6,6545.41,981.81,91.65,5655.25,UPI,10,0
ORD_0000760,CUST_00098,REST_1078,RIDER_0092,2026-09-22 09:56:51,Delivered,1,165.94,0,42.3,208.24,Credit Card,9,0
ORD_0000761,CUST_00064,REST_1073,RIDER_0042,2026-09-15 13:56:23,Delivered,4,2921.92,438.29,0.0,2483.63,Net Banking,13,0
ORD_0000762,CUST_00176,REST_1053,RIDER_0067,2026-08-15 10:37:36,Delivered,3,429.71,0,93.45,523.16,Cash on Delivery,10,1
ORD_0000763,CUST_00464,REST_1070,RIDER_0128,2026-09-23 20:16:43,Delivered,6,816.89,20,102.23,899.12,Net Banking,20,0
ORD_0000764,CUST_00485,REST_1025,RIDER_0065,2026-09-15 14:32:53,Delivered,1,244.37,36.66,94.88,302.59,Cash on Delivery,14,0
ORD_0000765,CUST_00052,REST_1096,RIDER_0103,2026-08-26 20:35:17,Delivered,6,2384.43,357.66,86.85,2113.62,Cash on Delivery,20,0
ORD_0000766,CUST_00238,REST_1003,RIDER_0051,2026-09-18 09:38:14,Delivered,1,296.1,20,25.0,301.1,Cash on Delivery,9,0
ORD_0000767,CUST_00252,REST_1049,RIDER_0052,2026-09-07 22:34:16,Delivered,3,554.05,83.11,26.85,497.79,Cash on Delivery,22,0
ORD_0000768,CUST_00288,REST_1007,RIDER_0086,2026-08-19 08:41:13,Delivered,4,2786.36,20,111.0,2877.36,Net Banking,8,0
ORD_0000769,CUST_00041,REST_1039,RIDER_0150,2026-08-06 06:22:12,Delivered,4,600.07,90.01,62.48,572.54,Zomato Wallet,6,0
ORD_0000770,CUST_00387,REST_1006,RIDER_0030,2026-08-04 22:55:11,Delivered,6,2774.39,50,54.6,2778.99,Cash on Delivery,22,0
ORD_0000771,CUST_00162,REST_1048,RIDER_0017,2026-08-30 18:57:02,Delivered,4,2795.11,20,89.02,2864.13,Cash on Delivery,18,1
ORD_0000772,CUST_00328,REST_1042,RIDER_0017,2026-08-19 07:59:08,Delivered,6,4062.28,20,56.25,4098.53,UPI,7,0
ORD_0000773,CUST_00246,REST_1055,RIDER_0064,2026-08-22 16:41:28,Delivered,3,2379.44,0,93.75,2473.19,Net Banking,16,1
ORD_0000774,CUST_00035,REST_1043,RIDER_0043,2026-09-10 20:52:19,Delivered,4,4883.59,50,95.48,4929.07,UPI,20,0
ORD_0000775,CUST_00323,REST_1057,RIDER_0025,2026-09-22 00:44:59,Delivered,5,1617.51,242.63,0.0,1374.88,UPI,0,0
ORD_0000776,CUST_00476,REST_1077,RIDER_0008,2026-08-06 21:35:50,Delivered,1,1018.21,20,108.0,1106.21,Zomato Wallet,21,0
ORD_0000777,CUST_00293,REST_1045,RIDER_0130,2026-09-05 08:04:51,Delivered,4,2479.9,0,53.62,2533.52,Net Banking,8,1
ORD_0000778,CUST_00154,REST_1100,RIDER_0104,2026-08-08 22:17:04,Delivered,5,3340.83,501.12,87.0,2926.71,Zomato Wallet,22,1
ORD_0000779,CUST_00463,REST_1033,RIDER_0119,2026-09-07 02:44:07,Delivered,2,1268.03,20,68.03,1316.06,UPI,2,0
ORD_0000780,CUST_00217,REST_1023,RIDER_0091,2026-09-10 12:23:47,Delivered,6,1171.93,0,25.0,1196.93,Net Banking,12,0
ORD_0000781,CUST_00399,REST_1063,RIDER_0149,2026-09-07 16:50:28,Delivered,4,486.7,50,27.52,464.22,Cash on Delivery,16,0
ORD_0000782,CUST_00137,REST_1045,RIDER_0131,2026-08-30 08:59:44,Delivered,2,1428.74,214.31,0.0,1214.43,Credit Card,8,1
ORD_0000783,CUST_00209,REST_1057,RIDER_0139,2026-09-22 02:59:47,Delivered,5,1424.46,0,25.0,1449.46,Credit Card,2,0
ORD_0000784,CUST_00203,REST_1072,RIDER_0039,2026-09-20 05:33:08,Delivered,3,276.35,41.45,0.0,234.9,UPI,5,1
ORD_0000785,CUST_00388,REST_1050,RIDER_0092,2026-09-27 06:26:40,Delivered,4,917.78,137.67,74.33,854.44,Credit Card,6,1
ORD_0000786,CUST_00206,REST_1066,RIDER_0006,2026-08-16 02:52:46,Delivered,5,4117.74,20,45.75,4143.49,Credit Card,2,1
ORD_0000787,CUST_00141,REST_1004,RIDER_0146,2026-09-09 11:19:35,Delivered,2,420.04,50,50.02,420.06,Cash on Delivery,11,0
ORD_0000788,CUST_00280,REST_1082,RIDER_0001,2026-09-07 22:46:30,Delivered,5,702.43,0,56.1,758.53,Debit Card,22,0
ORD_0000789,CUST_00471,REST_1056,RIDER_0097,2026-08-25 18:37:19,Delivered,5,1705.86,20,64.65,1750.51,Net Banking,18,0
ORD_0000790,CUST_00353,REST_1003,RIDER_0084,2026-09-02 01:59:13,Delivered,2,530.6,50,69.0,549.6,Zomato Wallet,1,0
ORD_0000791,CUST_00185,REST_1048,RIDER_0098,2026-08-04 08:43:52,Delivered,5,3311.26,0,44.85,3356.11,Credit Card,8,0
ORD_0000792,CUST_00364,REST_1012,RIDER_0026,2026-09-19 00:19:42,Delivered,1,598.24,89.74,68.1,576.6,Debit Card,0,1
ORD_0000793,CUST_00153,REST_1077,RIDER_0149,2026-08-24 08:06:54,Delivered,5,5536.82,20,27.22,5544.04,UPI,8,0
ORD_0000794,CUST_00420,REST_1059,RIDER_0081,2026-09-10 04:06:12,Delivered,4,1964.27,20,97.28,2041.55,Credit Card,4,0
ORD_0000795,CUST_00218,REST_1012,RIDER_0063,2026-09-04 22:07:55,Delivered,3,1308.77,20,35.33,1324.1,Cash on Delivery,22,0
ORD_0000796,CUST_00118,REST_1002,RIDER_0003,2026-09-10 08:32:32,Delivered,4,457.05,68.56,0.0,388.49,Zomato Wallet,8,0
ORD_0000797,CUST_00160,REST_1074,RIDER_0035,2026-08-30 17:24:40,Delivered,5,2492.2,20,71.55,2543.75,Cash on Delivery,17,1
ORD_0000798,CUST_00031,REST_1008,RIDER_0138,2026-08-01 12:03:02,Delivered,5,4201.59,630.24,25.0,3596.35,Credit Card,12,1
ORD_0000799,CUST_00452,REST_1069,RIDER_0114,2026-08-01 08:48:08,Delivered,4,1771.37,50,103.95,1825.32,Credit Card,8,1
ORD_0000800,CUST_00176,REST_1042,RIDER_0111,2026-09-02 14:38:59,Delivered,3,2848.44,50,80.03,2878.47,Debit Card,14,0
ORD_0000801,CUST_00090,REST_1049,RIDER_0033,2026-08-12 00:37:19,Delivered,3,434.14,65.12,77.55,446.57,Net Banking,0,0
ORD_0000802,CUST_00174,REST_1093,RIDER_0038,2026-08-19 03:39:52,Delivered,4,3708.03,50,95.25,3753.28,Zomato Wallet,3,0
ORD_0000803,CUST_00252,REST_1100,RIDER_0022,2026-09-12 19:23:22,Delivered,4,2511.55,376.73,53.7,2188.52,Cash on Delivery,19,1
ORD_0000804,CUST_00351,REST_1022,RIDER_0019,2026-09-15 03:16:23,Delivered,4,944.93,0,45.07,990.0,Zomato Wallet,3,0
ORD_0000805,CUST_00017,REST_1074,RIDER_0059,2026-08-31 14:22:11,Delivered,1,323.05,50,82.35,355.4,Zomato Wallet,14,0
ORD_0000806,CUST_00243,REST_1059,RIDER_0132,2026-08-06 13:05:44,Delivered,3,1121.62,20,94.95,1196.57,Cash on Delivery,13,0
ORD_0000807,CUST_00244,REST_1047,RIDER_0116,2026-09-22 16:24:59,Delivered,1,96.69,20,25.0,101.69,Cash on Delivery,16,0
ORD_0000808,CUST_00448,REST_1087,RIDER_0099,2026-09-24 04:21:54,Delivered,6,2698.45,20,68.1,2746.55,Debit Card,4,0
ORD_0000809,CUST_00360,REST_1016,RIDER_0123,2026-08-10 04:55:38,Delivered,5,970.22,145.53,36.97,861.66,Zomato Wallet,4,0
ORD_0000810,CUST_00304,REST_1083,RIDER_0042,2026-09-19 16:09:48,Delivered,6,6434.03,965.1,33.0,5501.93,Credit Card,16,1
ORD_0000811,CUST_00291,REST_1047,RIDER_0045,2026-09-19 05:57:06,Delivered,1,88.43,13.26,0.0,75.17,UPI,5,1
ORD_0000812,CUST_00223,REST_1071,RIDER_0030,2026-08-04 10:38:40,Delivered,6,1410.63,20,101.85,1492.48,Cash on Delivery,10,0
ORD_0000813,CUST_00408,REST_1003,RIDER_0074,2026-08-06 00:51:52,Delivered,5,1346.95,20,102.53,1429.48,Cash on Delivery,0,0
ORD_0000814,CUST_00100,REST_1053,RIDER_0080,2026-09-08 17:19:51,Delivered,2,426.67,64.0,97.35,460.02,Net Banking,17,0
ORD_0000815,CUST_00207,REST_1038,RIDER_0001,2026-09-04 23:21:49,Delivered,6,2602.94,20,92.4,2675.34,Zomato Wallet,23,0
ORD_0000816,CUST_00138,REST_1010,RIDER_0019,2026-08-01 07:27:19,Delivered,6,3024.98,0,101.33,3126.31,UPI,7,1
ORD_0000817,CUST_00278,REST_1065,RIDER_0026,2026-09-07 18:23:28,Delivered,5,1890.18,283.53,0.0,1606.65,Cash on Delivery,18,0
ORD_0000818,CUST_00082,REST_1071,RIDER_0118,2026-08-01 13:00:43,Delivered,1,234.06,35.11,62.85,261.8,Zomato Wallet,13,1
ORD_0000819,CUST_00401,REST_1100,RIDER_0019,2026-09-04 09:26:37,Delivered,1,837.29,125.59,25.0,736.7,UPI,9,0
ORD_0000820,CUST_00068,REST_1078,RIDER_0092,2026-09-13 04:14:55,Delivered,1,170.27,0,95.62,265.89,UPI,4,1
ORD_0000821,CUST_00460,REST_1097,RIDER_0095,2026-08-13 13:25:31,Delivered,3,1105.68,50,104.92,1160.6,Net Banking,13,0
ORD_0000822,CUST_00278,REST_1087,RIDER_0038,2026-08-27 06:17:01,Delivered,2,693.41,104.01,0.0,589.4,Debit Card,6,0
ORD_0000823,CUST_00039,REST_1076,RIDER_0014,2026-08-25 17:00:28,Delivered,1,687.58,50,82.58,720.16,Cash on Delivery,17,0
ORD_0000824,CUST_00426,REST_1008,RIDER_0148,2026-08-01 19:09:09,Delivered,3,2986.51,447.98,0.0,2538.53,Net Banking,19,1
ORD_0000825,CUST_00091,REST_1077,RIDER_0042,2026-09-23 09:56:12,Delivered,5,4352.61,50,71.33,4373.94,Net Banking,9,0
ORD_0000826,CUST_00200,REST_1087,RIDER_0096,2026-07-31 15:37:19,Delivered,1,335.58,50,58.12,343.7,UPI,15,0
ORD_0000827,CUST_00433,REST_1076,RIDER_0028,2026-08-08 09:51:52,Delivered,4,2325.18,50,41.1,2316.28,UPI,9,1
ORD_0000828,CUST_00349,REST_1015,RIDER_0002,2026-09-16 00:33:25,Delivered,3,3236.93,20,35.18,3252.11,Credit Card,0,0
ORD_0000829,CUST_00073,REST_1092,RIDER_0134,2026-09-14 12:20:32,Delivered,4,4765.18,714.78,51.15,4101.55,Zomato Wallet,12,0
ORD_0000830,CUST_00243,REST_1047,RIDER_0080,2026-09-21 07:40:28,Delivered,1,97.11,50,25.0,72.11,Net Banking,7,0
ORD_0000831,CUST_00110,REST_1068,RIDER_0113,2026-08-24 21:40:01,Delivered,3,3925.37,20,62.48,3967.85,Net Banking,21,0
ORD_0000832,CUST_00302,REST_1050,RIDER_0065,2026-08-29 03:07:39,Delivered,2,356.53,53.48,0.0,303.05,Zomato Wallet,3,1
ORD_0000833,CUST_00153,REST_1056,RIDER_0036,2026-09-21 11:48:15,Delivered,5,1518.62,0,25.0,1543.62,Net Banking,11,0
ORD_0000834,CUST_00277,REST_1066,RIDER_0084,2026-08-10 10:43:12,Delivered,1,1259.22,0,25.0,1284.22,UPI,10,0
ORD_0000835,CUST_00260,REST_1070,RIDER_0025,2026-09-27 09:33:36,Refunded,6,591.43,50,109.57,651.0,Credit Card,9,1
ORD_0000836,CUST_00162,REST_1057,RIDER_0022,2026-08-17 05:48:00,Refunded,5,1537.68,0,110.85,1648.53,Zomato Wallet,5,0
ORD_0000837,CUST_00471,REST_1014,RIDER_0021,2026-08-31 01:34:19,Delivered,6,1491.15,20,25.0,1496.15,Cash on Delivery,1,0
ORD_0000838,CUST_00052,REST_1096,RIDER_0049,2026-08-12 13:58:20,Delivered,3,1379.64,206.95,56.32,1229.01,Zomato Wallet,13,0
ORD_0000839,CUST_00034,REST_1005,RIDER_0003,2026-09-07 04:03:14,Delivered,1,245.53,36.83,38.33,247.03,UPI,4,0
ORD_0000840,CUST_00220,REST_1009,RIDER_0130,2026-09-28 10:08:16,Delivered,1,1295.48,50,80.25,1325.73,Cash on Delivery,10,0
ORD_0000841,CUST_00090,REST_1089,RIDER_0092,2026-09-02 15:33:21,Delivered,1,316.32,47.45,86.55,355.42,Cash on Delivery,15,0
ORD_0000842,CUST_00220,REST_1082,RIDER_0016,2026-08-07 04:46:13,Delivered,2,299.51,50,64.8,314.31,Zomato Wallet,4,0
ORD_0000843,CUST_00292,REST_1049,RIDER_0079,2026-09-25 11:01:03,Cancelled,2,346.83,52.02,80.25,375.06,Zomato Wallet,11,0
ORD_0000844,CUST_00179,REST_1004,RIDER_0019,2026-09-16 22:22:31,Delivered,1,185.94,20,30.67,196.61,UPI,22,0
ORD_0000845,CUST_00339,REST_1091,RIDER_0039,2026-08-21 06:59:18,Delivered,4,3582.29,537.34,89.47,3134.42,Credit Card,6,0
ORD_0000846,CUST_00262,REST_1057,RIDER_0063,2026-08-01 09:33:30,Refunded,2,705.69,105.85,25.0,624.84,Net Banking,9,1
ORD_0000847,CUST_00172,REST_1096,RIDER_0083,2026-09-23 22:59:39,Delivered,2,818.59,0,96.83,915.42,Zomato Wallet,22,0
ORD_0000848,CUST_00040,REST_1043,RIDER_0119,2026-09-14 00:47:22,Delivered,3,3699.06,0,99.75,3798.81,Cash on Delivery,0,0
ORD_0000849,CUST_00332,REST_1027,RIDER_0018,2026-09-03 06:37:01,Delivered,1,320.9,0,101.47,422.37,Credit Card,6,0
ORD_0000850,CUST_00171,REST_1031,RIDER_0081,2026-09-24 06:52:24,Delivered,5,1197.98,50,85.43,1233.41,Debit Card,6,0
ORD_0000851,CUST_00246,REST_1047,RIDER_0018,2026-09-22 04:48:25,Delivered,3,442.77,20,108.9,531.67,Zomato Wallet,4,0
ORD_0000852,CUST_00084,REST_1008,RIDER_0014,2026-08-17 06:58:43,Delivered,2,1688.8,253.32,65.25,1500.73,UPI,6,0
ORD_0000853,CUST_00336,REST_1035,RIDER_0034,2026-09-20 00:10:21,Delivered,6,3663.68,50,85.27,3698.95,Credit Card,0,1
ORD_0000854,CUST_00480,REST_1026,RIDER_0057,2026-08-12 18:47:05,Delivered,1,369.83,55.47,25.0,339.36,UPI,18,0
ORD_0000855,CUST_00389,REST_1021,RIDER_0129,2026-08-09 03:01:21,Delivered,6,822.39,0,51.6,873.99,Net Banking,3,1
ORD_0000856,CUST_00183,REST_1074,RIDER_0150,2026-08-09 08:39:14,Delivered,5,1675.87,50,71.33,1697.2,Zomato Wallet,8,1
ORD_0000857,CUST_00038,REST_1072,RIDER_0077,2026-09-05 18:08:57,Delivered,1,103.98,15.6,97.28,185.66,Zomato Wallet,18,1
ORD_0000858,CUST_00142,REST_1010,RIDER_0100,2026-09-07 02:13:00,Delivered,4,1272.59,0,25.58,1298.17,Cash on Delivery,2,0
ORD_0000859,CUST_00497,REST_1041,RIDER_0101,2026-09-13 18:07:08,Delivered,4,3876.51,581.48,106.35,3401.38,Cash on Delivery,18,1
ORD_0000860,CUST_00336,REST_1005,RIDER_0113,2026-09-10 22:29:56,Delivered,5,1589.73,0,48.9,1638.63,Cash on Delivery,22,0
ORD_0000861,CUST_00233,REST_1044,RIDER_0034,2026-08-16 10:43:55,Delivered,6,3689.87,50,48.3,3688.17,Zomato Wallet,10,1
ORD_0000862,CUST_00165,REST_1046,RIDER_0039,2026-08-09 21:22:20,Delivered,4,3758.63,563.79,78.3,3273.14,Zomato Wallet,21,1
ORD_0000863,CUST_00379,REST_1080,RIDER_0105,2026-08-14 08:48:34,Delivered,2,200.13,30.02,0.0,170.11,Credit Card,8,0
ORD_0000864,CUST_00369,REST_1059,RIDER_0118,2026-08-18 04:00:45,Delivered,2,1057.21,0,99.67,1156.88,Credit Card,4,0
ORD_0000865,CUST_00208,REST_1004,RIDER_0096,2026-08-25 23:23:53,Delivered,4,720.55,50,46.73,717.28,Debit Card,23,0
ORD_0000866,CUST_00483,REST_1066,RIDER_0052,2026-09-04 01:04:27,Delivered,4,5128.63,50,107.62,5186.25,Net Banking,1,0
ORD_0000867,CUST_00033,REST_1094,RIDER_0054,2026-08-27 06:20:42,Delivered,5,2027.43,20,25.0,2032.43,Debit Card,6,0
ORD_0000868,CUST_00403,REST_1068,RIDER_0148,2026-09-06 01:31:41,Delivered,4,4994.25,749.14,49.5,4294.61,Credit Card,1,1
ORD_0000869,CUST_00368,REST_1091,RIDER_0031,2026-08-25 20:10:47,Delivered,2,1318.25,0,27.52,1345.77,UPI,20,0
ORD_0000870,CUST_00368,REST_1014,RIDER_0116,2026-09-24 01:16:20,Delivered,1,178.75,50,51.07,179.82,UPI,1,0
ORD_0000871,CUST_00272,REST_1073,RIDER_0043,2026-08-13 20:09:22,Delivered,2,1410.2,211.53,104.02,1302.69,Debit Card,20,0
ORD_0000872,CUST_00091,REST_1062,RIDER_0130,2026-09-13 18:28:07,Delivered,4,2550.39,0,35.48,2585.87,Zomato Wallet,18,1
ORD_0000873,CUST_00114,REST_1083,RIDER_0119,2026-09-13 00:33:13,Delivered,1,1125.14,0,25.0,1150.14,Zomato Wallet,0,1
ORD_0000874,CUST_00418,REST_1026,RIDER_0113,2026-09-21 04:23:21,Delivered,1,323.18,48.48,25.0,299.7,Net Banking,4,0
ORD_0000875,CUST_00092,REST_1012,RIDER_0017,2026-08-30 01:31:39,Delivered,5,3138.45,470.77,0.0,2667.68,Credit Card,1,1
ORD_0000876,CUST_00271,REST_1006,RIDER_0127,2026-08-16 00:19:40,Delivered,2,863.14,20,101.62,944.76,Zomato Wallet,0,1
ORD_0000877,CUST_00402,REST_1050,RIDER_0089,2026-08-12 10:54:32,Delivered,2,310.16,46.52,82.35,345.99,Net Banking,10,0
ORD_0000878,CUST_00001,REST_1058,RIDER_0094,2026-09-15 00:49:23,Delivered,2,731.99,20,79.5,791.49,Debit Card,0,0
ORD_0000879,CUST_00241,REST_1071,RIDER_0024,2026-08-04 19:08:19,Delivered,2,557.44,0,65.25,622.69,UPI,19,0
ORD_0000880,CUST_00182,REST_1050,RIDER_0143,2026-09-23 10:28:27,Delivered,6,1100.85,165.13,0.0,935.72,Debit Card,10,0
ORD_0000881,CUST_00133,REST_1071,RIDER_0123,2026-08-19 11:48:28,Delivered,2,385.41,57.81,42.08,369.68,Zomato Wallet,11,0
ORD_0000882,CUST_00325,REST_1020,RIDER_0075,2026-08-24 16:21:38,Delivered,6,5317.65,797.65,110.7,4630.7,Zomato Wallet,16,0
ORD_0000883,CUST_00092,REST_1068,RIDER_0104,2026-08-05 14:15:28,Delivered,2,2456.43,368.46,0.0,2087.97,Zomato Wallet,14,0
ORD_0000884,CUST_00409,REST_1050,RIDER_0018,2026-08-11 04:25:47,Delivered,2,281.26,42.19,63.22,302.29,Credit Card,4,0
ORD_0000885,CUST_00487,REST_1060,RIDER_0032,2026-09-23 13:53:08,Delivered,3,773.99,0,42.08,816.07,Zomato Wallet,13,0
ORD_0000886,CUST_00188,REST_1074,RIDER_0017,2026-08-30 12:20:40,Delivered,2,1051.55,50,83.48,1085.03,UPI,12,1
ORD_0000887,CUST_00369,REST_1055,RIDER_0019,2026-08-07 13:38:15,Delivered,6,4262.34,0,66.75,4329.09,Net Banking,13,0
ORD_0000888,CUST_00184,REST_1034,RIDER_0016,2026-09-15 08:55:47,Delivered,6,1061.18,50,90.98,1102.16,Net Banking,8,0
ORD_0000889,CUST_00158,REST_1010,RIDER_0052,2026-09-24 12:55:43,Delivered,1,442.44,66.37,33.82,409.89,Credit Card,12,0
ORD_0000890,CUST_00041,REST_1098,RIDER_0048,2026-08-12 20:18:07,Delivered,5,1181.92,177.29,53.62,1058.25,Net Banking,20,0
ORD_0000891,CUST_00216,REST_1039,RIDER_0061,2026-08-20 05:45:07,Delivered,4,691.53,103.73,0.0,587.8,Cash on Delivery,5,0
ORD_0000892,CUST_00403,REST_1097,RIDER_0086,2026-08-17 16:25:53,Delivered,1,380.55,57.08,32.77,356.24,Net Banking,16,0
ORD_0000893,CUST_00246,REST_1015,RIDER_0013,2026-07-31 03:50:23,Delivered,3,3254.45,50,25.0,3229.45,Debit Card,3,0
ORD_0000894,CUST_00046,REST_1062,RIDER_0052,2026-09-06 11:42:40,Delivered,1,722.68,108.4,99.83,714.11,Zomato Wallet,11,1
ORD_0000895,CUST_00500,REST_1046,RIDER_0145,2026-09-10 11:10:22,Delivered,6,4272.38,20,71.85,4324.23,Zomato Wallet,11,0
ORD_0000896,CUST_00239,REST_1093,RIDER_0003,2026-08-17 10:44:22,Delivered,4,3739.36,0,46.5,3785.86,Cash on Delivery,10,0
ORD_0000897,CUST_00314,REST_1056,RIDER_0090,2026-08-27 09:27:27,Delivered,6,1702.48,50,51.23,1703.71,UPI,9,0
ORD_0000898,CUST_00157,REST_1020,RIDER_0102,2026-09-24 07:49:47,Delivered,3,2010.95,20,103.65,2094.6,Cash on Delivery,7,0
ORD_0000899,CUST_00450,REST_1041,RIDER_0068,2026-08-01 17:05:20,Delivered,4,3362.27,50,62.62,3374.89,Credit Card,17,1
ORD_0000900,CUST_00343,REST_1087,RIDER_0134,2026-09-25 14:42:28,Delivered,5,2076.24,0,96.52,2172.76,UPI,14,0
ORD_0000901,CUST_00390,REST_1024,RIDER_0123,2026-08-31 18:37:10,Delivered,5,1723.4,0,39.75,1763.15,UPI,18,0
ORD_0000902,CUST_00196,REST_1031,RIDER_0038,2026-09-28 08:39:18,Delivered,1,192.05,28.81,31.8,195.04,Zomato Wallet,8,0
ORD_0000903,CUST_00171,REST_1074,RIDER_0092,2026-09-20 09:10:38,Delivered,4,2133.77,0,81.08,2214.85,Cash on Delivery,9,1
ORD_0000904,CUST_00097,REST_1046,RIDER_0084,2026-09-07 13:05:28,Delivered,2,1357.3,0,48.6,1405.9,Net Banking,13,0
ORD_0000905,CUST_00440,REST_1050,RIDER_0050,2026-08-30 03:28:54,Delivered,5,907.84,136.18,55.65,827.31,Zomato Wallet,3,1
ORD_0000906,CUST_00203,REST_1089,RIDER_0008,2026-08-03 05:11:27,Delivered,2,689.18,103.38,0.0,585.8,Cash on Delivery,5,0
ORD_0000907,CUST_00079,REST_1006,RIDER_0125,2026-09-11 14:02:19,Delivered,2,871.45,20,99.67,951.12,Credit Card,14,0
ORD_0000908,CUST_00201,REST_1053,RIDER_0047,2026-09-12 14:02:34,Delivered,2,384.06,57.61,85.65,412.1,Credit Card,14,1
ORD_0000909,CUST_00206,REST_1032,RIDER_0056,2026-08-19 21:22:41,Delivered,6,862.84,20,98.55,941.39,UPI,21,0
ORD_0000910,CUST_00219,REST_1012,RIDER_0123,2026-09-28 05:42:19,Delivered,3,1837.58,275.64,0.0,1561.94,UPI,5,0
ORD_0000911,CUST_00089,REST_1037,RIDER_0149,2026-09-23 00:56:20,Delivered,1,610.82,20,87.53,678.35,Cash on Delivery,0,0
ORD_0000912,CUST_00409,REST_1015,RIDER_0024,2026-09-13 03:28:20,Delivered,3,2406.51,360.98,82.2,2127.73,Zomato Wallet,3,1
ORD_0000913,CUST_00426,REST_1046,RIDER_0140,2026-09-13 22:55:53,Delivered,4,2409.39,361.41,0.0,2047.98,Cash on Delivery,22,1
ORD_0000914,CUST_00094,REST_1046,RIDER_0013,2026-09-06 13:15:00,Delivered,6,4485.99,0,45.67,4531.66,UPI,13,1
ORD_0000915,CUST_00198,REST_1040,RIDER_0137,2026-08-27 09:35:04,Delivered,5,5965.91,894.89,81.68,5152.7,Credit Card,9,0
ORD_0000916,CUST_00272,REST_1096,RIDER_0132,2026-08-04 02:50:52,Delivered,5,1631.25,244.69,33.08,1419.64,UPI,2,0
ORD_0000917,CUST_00026,REST_1072,RIDER_0075,2026-08-03 13:04:36,Delivered,3,295.91,44.39,90.38,341.9,UPI,13,0
ORD_0000918,CUST_00089,REST_1027,RIDER_0037,2026-09-16 20:02:40,Delivered,1,308.13,20,105.45,393.58,UPI,20,0
ORD_0000919,CUST_00193,REST_1061,RIDER_0067,2026-09-26 10:26:04,Delivered,2,1762.59,20,98.7,1841.29,Net Banking,10,1
ORD_0000920,CUST_00427,REST_1001,RIDER_0079,2026-09-17 19:17:03,Refunded,4,710.4,0,94.73,805.13,Cash on Delivery,19,0
ORD_0000921,CUST_00350,REST_1040,RIDER_0130,2026-09-02 23:08:07,Delivered,2,1976.99,296.55,25.0,1705.44,Credit Card,23,0
ORD_0000922,CUST_00120,REST_1055,RIDER_0048,2026-09-12 23:07:07,Delivered,2,1134.03,0,102.98,1237.01,Debit Card,23,1
ORD_0000923,CUST_00073,REST_1021,RIDER_0008,2026-09-04 20:37:51,Delivered,4,404.59,60.69,67.42,411.32,Debit Card,20,0
ORD_0000924,CUST_00120,REST_1094,RIDER_0063,2026-09-14 00:34:06,Delivered,3,1083.64,0,77.17,1160.81,Net Banking,0,0
ORD_0000925,CUST_00331,REST_1087,RIDER_0087,2026-08-09 11:18:56,Delivered,2,946.97,0,28.88,975.85,Zomato Wallet,11,1
ORD_0000926,CUST_00401,REST_1017,RIDER_0096,2026-08-28 18:57:52,Delivered,4,3109.5,466.42,61.12,2704.2,Net Banking,18,0
ORD_0000927,CUST_00057,REST_1077,RIDER_0084,2026-08-25 11:54:18,Delivered,4,3470.85,520.63,65.77,3015.99,Net Banking,11,0
ORD_0000928,CUST_00269,REST_1079,RIDER_0063,2026-08-30 11:59:20,Delivered,4,1504.25,225.64,0.0,1278.61,UPI,11,1
ORD_0000929,CUST_00371,REST_1016,RIDER_0056,2026-08-28 19:14:53,Delivered,1,170.56,0,76.2,246.76,Credit Card,19,0
ORD_0000930,CUST_00273,REST_1044,RIDER_0029,2026-08-27 08:47:08,Delivered,1,596.02,50,83.78,629.8,Net Banking,8,0
ORD_0000931,CUST_00305,REST_1043,RIDER_0148,2026-09-20 04:42:20,Delivered,4,3981.61,597.24,25.0,3409.37,Zomato Wallet,4,1
ORD_0000932,CUST_00179,REST_1035,RIDER_0042,2026-09-21 09:35:20,Delivered,1,690.65,0,43.35,734.0,Cash on Delivery,9,0
ORD_0000933,CUST_00282,REST_1004,RIDER_0091,2026-09-22 18:00:00,Delivered,1,185.11,50,79.28,214.39,Credit Card,18,0
ORD_0000934,CUST_00388,REST_1094,RIDER_0063,2026-08-22 02:20:11,Delivered,4,1451.22,217.68,27.07,1260.61,Credit Card,2,1
ORD_0000935,CUST_00326,REST_1032,RIDER_0139,2026-09-08 02:56:10,Delivered,2,194.38,50,27.07,171.45,Credit Card,2,0
ORD_0000936,CUST_00368,REST_1100,RIDER_0040,2026-08-09 16:06:01,Delivered,4,3419.48,50,77.62,3447.1,Cash on Delivery,16,1
ORD_0000937,CUST_00363,REST_1007,RIDER_0104,2026-09-15 20:51:21,Delivered,6,4137.94,50,59.25,4147.19,Zomato Wallet,20,0
ORD_0000938,CUST_00127,REST_1006,RIDER_0033,2026-09-14 09:27:41,Delivered,3,1599.71,239.96,70.88,1430.63,Cash on Delivery,9,0
ORD_0000939,CUST_00278,REST_1060,RIDER_0090,2026-09-17 08:16:28,Delivered,4,966.93,145.04,0.0,821.89,Cash on Delivery,8,0
ORD_0000940,CUST_00295,REST_1013,RIDER_0036,2026-08-31 11:16:40,Delivered,3,906.23,135.93,54.75,825.05,Zomato Wallet,11,0
ORD_0000941,CUST_00326,REST_1015,RIDER_0114,2026-08-28 23:07:59,Delivered,4,4378.58,20,99.45,4458.03,Net Banking,23,0
ORD_0000942,CUST_00203,REST_1072,RIDER_0006,2026-09-23 15:38:10,Delivered,5,547.48,82.12,0.0,465.36,Cash on Delivery,15,0
ORD_0000943,CUST_00411,REST_1085,RIDER_0078,2026-08-10 23:18:48,Delivered,5,1932.37,0,50.92,1983.29,Debit Card,23,0
ORD_0000944,CUST_00274,REST_1001,RIDER_0068,2026-08-28 04:51:04,Delivered,1,215.83,32.37,0.0,183.46,UPI,4,0
ORD_0000945,CUST_00204,REST_1070,RIDER_0075,2026-09-22 17:21:43,Delivered,2,175.07,50,70.35,195.42,Credit Card,17,0
ORD_0000946,CUST_00412,REST_1024,RIDER_0085,2026-09-15 21:17:47,Delivered,3,1507.55,50,40.12,1497.67,Cash on Delivery,21,0
ORD_0000947,CUST_00077,REST_1083,RIDER_0095,2026-08-01 06:43:04,Refunded,5,4828.7,0,25.0,4853.7,Net Banking,6,1
ORD_0000948,CUST_00150,REST_1020,RIDER_0143,2026-08-25 09:22:39,Delivered,3,2198.39,329.76,0.0,1868.63,Cash on Delivery,9,0
ORD_0000949,CUST_00468,REST_1004,RIDER_0031,2026-09-20 13:57:52,Delivered,6,913.73,137.06,57.15,833.82,Debit Card,13,1
ORD_0000950,CUST_00202,REST_1084,RIDER_0071,2026-09-02 08:10:59,Delivered,3,438.75,20,106.35,525.1,Credit Card,8,0
ORD_0000951,CUST_00447,REST_1051,RIDER_0036,2026-08-30 16:03:44,Delivered,6,767.82,20,104.1,851.92,UPI,16,1
ORD_0000952,CUST_00278,REST_1060,RIDER_0084,2026-09-05 04:44:23,Delivered,2,483.59,72.54,0.0,411.05,Net Banking,4,1
ORD_0000953,CUST_00497,REST_1016,RIDER_0074,2026-09-01 09:03:04,Delivered,4,611.09,91.66,83.32,602.75,UPI,9,0
ORD_0000954,CUST_00035,REST_1084,RIDER_0061,2026-08-13 22:42:50,Delivered,5,666.1,50,73.58,689.68,Debit Card,22,0
ORD_0000955,CUST_00165,REST_1089,RIDER_0084,2026-08-16 15:27:09,Delivered,1,416.06,62.41,27.45,381.1,Debit Card,15,1
ORD_0000956,CUST_00230,REST_1006,RIDER_0015,2026-09-01 15:58:29,Delivered,3,1247.56,187.13,102.45,1162.88,Net Banking,15,0
ORD_0000957,CUST_00396,REST_1026,RIDER_0077,2026-09-11 14:31:09,Delivered,5,1912.82,286.92,98.1,1724.0,Cash on Delivery,14,0
ORD_0000958,CUST_00134,REST_1060,RIDER_0053,2026-08-03 14:27:33,Delivered,2,455.32,68.3,42.98,430.0,UPI,14,0
ORD_0000959,CUST_00123,REST_1081,RIDER_0047,2026-09-10 12:20:11,Delivered,2,375.98,56.4,0.0,319.58,UPI,12,0
ORD_0000960,CUST_00351,REST_1010,RIDER_0081,2026-08-17 16:04:57,Delivered,3,1437.03,20,25.0,1442.03,Cash on Delivery,16,0
ORD_0000961,CUST_00218,REST_1084,RIDER_0049,2026-08-28 10:43:37,Delivered,4,497.21,0,37.5,534.71,Credit Card,10,0
ORD_0000962,CUST_00455,REST_1074,RIDER_0111,2026-08-25 11:33:13,Delivered,6,1939.86,290.98,108.08,1756.96,Cash on Delivery,11,0
ORD_0000963,CUST_00246,REST_1050,RIDER_0148,2026-08-01 16:35:22,Delivered,4,825.43,20,63.22,868.65,Credit Card,16,1
ORD_0000964,CUST_00200,REST_1043,RIDER_0132,2026-09-19 05:04:13,Delivered,5,4869.46,0,39.38,4908.84,Debit Card,5,1
ORD_0000965,CUST_00456,REST_1079,RIDER_0085,2026-09-24 11:37:34,Delivered,4,1501.63,20,44.55,1526.18,Cash on Delivery,11,0
ORD_0000966,CUST_00340,REST_1086,RIDER_0019,2026-08-13 09:50:03,Delivered,1,558.64,83.8,39.52,514.36,Cash on Delivery,9,0
ORD_0000967,CUST_00469,REST_1046,RIDER_0085,2026-08-09 15:28:34,Delivered,5,3009.62,451.44,89.55,2647.73,Credit Card,15,1
ORD_0000968,CUST_00108,REST_1052,RIDER_0129,2026-09-02 05:19:42,Delivered,4,893.72,134.06,85.72,845.38,Debit Card,5,0
ORD_0000969,CUST_00455,REST_1015,RIDER_0147,2026-08-16 06:01:35,Delivered,5,4421.25,663.19,93.97,3852.03,Debit Card,6,1
ORD_0000970,CUST_00387,REST_1083,RIDER_0004,2026-08-30 23:01:50,Cancelled,2,2405.99,0,28.88,2434.87,Cash on Delivery,23,1
ORD_0000971,CUST_00243,REST_1059,RIDER_0035,2026-08-30 15:24:58,Delivered,1,507.51,50,44.62,502.13,Debit Card,15,1
ORD_0000972,CUST_00366,REST_1045,RIDER_0053,2026-09-07 22:12:25,Delivered,4,2589.03,388.35,0.0,2200.68,Net Banking,22,0
ORD_0000973,CUST_00291,REST_1050,RIDER_0054,2026-09-03 08:09:02,Delivered,4,596.14,89.42,0.0,506.72,Debit Card,8,0
ORD_0000974,CUST_00127,REST_1006,RIDER_0086,2026-09-06 12:07:26,Delivered,1,337.78,50.67,92.7,379.81,Net Banking,12,1
ORD_0000975,CUST_00315,REST_1009,RIDER_0035,2026-09-18 08:55:36,Cancelled,6,5868.09,880.21,0.0,4987.88,Debit Card,8,0
ORD_0000976,CUST_00091,REST_1077,RIDER_0022,2026-09-05 17:11:45,Delivered,1,1112.9,50,91.35,1154.25,Debit Card,17,1
ORD_0000977,CUST_00105,REST_1061,RIDER_0138,2026-08-29 03:12:52,Cancelled,2,2079.46,0,50.77,2130.23,Net Banking,3,1
ORD_0000978,CUST_00215,REST_1035,RIDER_0109,2026-08-13 02:03:21,Delivered,4,2425.69,50,104.25,2479.94,Debit Card,2,0
ORD_0000979,CUST_00475,REST_1015,RIDER_0148,2026-09-09 00:32:21,Delivered,6,7805.13,1170.77,67.65,6702.01,Cash on Delivery,0,0
ORD_0000980,CUST_00392,REST_1043,RIDER_0082,2026-09-03 02:02:03,Delivered,4,3378.73,20,25.0,3383.73,Debit Card,2,0
ORD_0000981,CUST_00011,REST_1062,RIDER_0142,2026-09-23 09:50:42,Delivered,1,641.24,0,109.5,750.74,Cash on Delivery,9,0
ORD_0000982,CUST_00260,REST_1084,RIDER_0053,2026-09-22 06:52:33,Delivered,2,225.59,20,56.92,262.51,Debit Card,6,0
ORD_0000983,CUST_00319,REST_1020,RIDER_0090,2026-08-18 18:47:28,Delivered,2,1895.91,20,61.27,1937.18,Credit Card,18,0
ORD_0000984,CUST_00120,REST_1031,RIDER_0009,2026-09-03 14:50:14,Delivered,6,1567.61,50,54.9,1572.51,Zomato Wallet,14,0
ORD_0000985,CUST_00191,REST_1048,RIDER_0142,2026-08-07 08:29:18,Refunded,5,3528.18,529.23,0.0,2998.95,Credit Card,8,0
ORD_0000986,CUST_00382,REST_1074,RIDER_0066,2026-09-24 19:21:57,Delivered,2,713.48,0,50.48,763.96,Zomato Wallet,19,0
ORD_0000987,CUST_00110,REST_1027,RIDER_0108,2026-08-09 17:20:02,Delivered,2,507.59,0,25.0,532.59,Net Banking,17,1
ORD_0000988,CUST_00335,REST_1038,RIDER_0015,2026-08-14 17:57:40,Delivered,4,2545.73,381.86,0.0,2163.87,Debit Card,17,0
ORD_0000989,CUST_00006,REST_1065,RIDER_0120,2026-09-15 05:45:02,Delivered,1,384.74,57.71,70.72,397.75,Net Banking,5,0
ORD_0000990,CUST_00088,REST_1022,RIDER_0024,2026-08-10 15:25:11,Delivered,1,205.51,30.83,29.85,204.53,Credit Card,15,0
ORD_0000991,CUST_00446,REST_1046,RIDER_0105,2026-08-10 21:45:08,Delivered,3,2047.67,307.15,0.0,1740.52,Credit Card,21,0
ORD_0000992,CUST_00389,REST_1058,RIDER_0076,2026-08-12 20:03:10,Delivered,2,1040.12,20,27.75,1047.87,Credit Card,20,0
ORD_0000993,CUST_00468,REST_1004,RIDER_0150,2026-08-26 09:55:58,Delivered,2,364.13,54.62,40.12,349.63,Debit Card,9,0
ORD_0000994,CUST_00041,REST_1086,RIDER_0120,2026-09-27 13:24:24,Delivered,3,2004.45,300.67,92.47,1796.25,Cash on Delivery,13,1
ORD_0000995,CUST_00196,REST_1024,RIDER_0034,2026-08-10 07:31:28,Delivered,4,1746.44,261.97,25.0,1509.47,Zomato Wallet,7,0
ORD_0000996,CUST_00131,REST_1072,RIDER_0143,2026-09-10 14:17:03,Delivered,4,599.78,0,89.7,689.48,Debit Card,14,0
ORD_0000997,CUST_00225,REST_1082,RIDER_0023,2026-09-23 20:34:27,Delivered,4,492.82,50,25.0,467.82,Credit Card,20,0
ORD_0000998,CUST_00493,REST_1026,RIDER_0051,2026-08-31 16:46:58,Delivered,1,428.44,0,108.9,537.34,Cash on Delivery,16,0
ORD_0000999,CUST_00141,REST_1078,RIDER_0048,2026-08-14 10:00:36,Delivered,2,453.24,20,81.9,515.14,UPI,10,0
ORD_0001000,CUST_00390,REST_1047,RIDER_0001,2026-08-05 23:06:41,Delivered,4,463.36,50,25.0,438.36,UPI,23,0
ORD_0001001,CUST_00063,REST_1046,RIDER_0031,2026-09-08 11:33:56,Delivered,2,1231.09,20,90.45,1301.54,Net Banking,11,0
ORD_0001002,CUST_00298,REST_1088,RIDER_0137,2026-09-25 01:58:06,Delivered,6,3126.31,50,83.1,3159.41,UPI,1,0
ORD_0001003,CUST_00444,REST_1087,RIDER_0109,2026-09-15 15:36:50,Delivered,3,1406.9,0,111.0,1517.9,UPI,15,0
ORD_0001004,CUST_00126,REST_1083,RIDER_0022,2026-08-09 09:02:39,Delivered,6,5475.16,50,62.4,5487.56,Cash on Delivery,9,1
ORD_0001005,CUST_00159,REST_1016,RIDER_0005,2026-08-18 09:43:47,Delivered,4,571.99,20,73.88,625.87,Cash on Delivery,9,0
ORD_0001006,CUST_00129,REST_1058,RIDER_0149,2026-08-26 13:59:23,Delivered,2,750.15,50,97.05,797.2,Credit Card,13,0
ORD_0001007,CUST_00277,REST_1031,RIDER_0130,2026-08-14 19:44:05,Delivered,4,770.37,50,102.9,823.27,UPI,19,0
ORD_0001008,CUST_00353,REST_1030,RIDER_0035,2026-09-14 10:34:48,Refunded,2,348.89,20,32.17,361.06,UPI,10,0
ORD_0001009,CUST_00082,REST_1020,RIDER_0144,2026-08-13 14:05:56,Refunded,3,2095.14,314.27,65.25,1846.12,UPI,14,0
ORD_0001010,CUST_00453,REST_1014,RIDER_0016,2026-09-14 03:46:28,Delivered,2,490.39,73.56,70.35,487.18,Net Banking,3,0
ORD_0001011,CUST_00463,REST_1033,RIDER_0146,2026-09-10 12:33:01,Delivered,6,3292.89,20,25.0,3297.89,Zomato Wallet,12,0
ORD_0001012,CUST_00387,REST_1043,RIDER_0080,2026-09-06 02:48:25,Delivered,4,4001.72,0,83.03,4084.75,Debit Card,2,1
ORD_0001013,CUST_00495,REST_1015,RIDER_0028,2026-08-08 14:22:57,Delivered,4,4939.76,20,42.98,4962.74,Cash on Delivery,14,1
ORD_0001014,CUST_00043,REST_1099,RIDER_0105,2026-09-20 23:08:31,Delivered,4,2481.81,372.27,26.25,2135.79,Net Banking,23,1
ORD_0001015,CUST_00261,REST_1074,RIDER_0108,2026-09-06 15:50:07,Delivered,5,2564.24,20,104.4,2648.64,Net Banking,15,1
ORD_0001016,CUST_00433,REST_1057,RIDER_0076,2026-09-14 23:56:45,Delivered,1,251.39,0,56.62,308.01,Debit Card,23,0
ORD_0001017,CUST_00248,REST_1049,RIDER_0038,2026-08-12 05:37:39,Delivered,4,779.07,116.86,33.0,695.21,Credit Card,5,0
ORD_0001018,CUST_00310,REST_1068,RIDER_0042,2026-09-03 16:44:34,Delivered,3,3370.65,0,35.18,3405.83,UPI,16,0
ORD_0001019,CUST_00314,REST_1072,RIDER_0051,2026-09-22 02:58:24,Delivered,6,745.03,20,65.17,790.2,Cash on Delivery,2,0
ORD_0001020,CUST_00371,REST_1003,RIDER_0136,2026-09-19 05:20:12,Delivered,1,218.41,0,37.27,255.68,UPI,5,1
ORD_0001021,CUST_00101,REST_1055,RIDER_0022,2026-08-18 03:36:51,Delivered,2,1517.34,0,34.2,1551.54,Zomato Wallet,3,0
ORD_0001022,CUST_00198,REST_1002,RIDER_0015,2026-08-19 17:14:27,Delivered,5,632.16,94.82,25.65,562.99,UPI,17,0
ORD_0001023,CUST_00108,REST_1029,RIDER_0122,2026-08-11 09:10:27,Delivered,1,654.2,98.13,33.52,589.59,Zomato Wallet,9,0
ORD_0001024,CUST_00453,REST_1026,RIDER_0091,2026-09-28 22:24:16,Delivered,3,1515.65,227.35,108.75,1397.05,Cash on Delivery,22,0
ORD_0001025,CUST_00040,REST_1035,RIDER_0113,2026-09-02 03:00:53,Delivered,4,3076.14,0,31.8,3107.94,Net Banking,3,0
ORD_0001026,CUST_00029,REST_1048,RIDER_0120,2026-08-10 21:55:49,Delivered,5,2804.97,420.75,105.45,2489.67,Credit Card,21,0
ORD_0001027,CUST_00347,REST_1097,RIDER_0099,2026-08-24 10:40:12,Delivered,5,1980.38,0,58.05,2038.43,Debit Card,10,0
ORD_0001028,CUST_00345,REST_1089,RIDER_0094,2026-09-03 05:02:50,Delivered,3,836.93,0,56.48,893.41,Net Banking,5,0
ORD_0001029,CUST_00084,REST_1023,RIDER_0101,2026-09-25 20:24:04,Delivered,6,1123.3,168.49,25.0,979.81,Net Banking,20,0
ORD_0001030,CUST_00183,REST_1031,RIDER_0112,2026-08-11 12:56:38,Delivered,2,372.36,0,34.05,406.41,Net Banking,12,0
ORD_0001031,CUST_00422,REST_1026,RIDER_0100,2026-08-07 02:28:04,Delivered,3,1547.63,232.14,25.0,1340.49,Credit Card,2,0
ORD_0001032,CUST_00356,REST_1020,RIDER_0138,2026-08-21 14:40:09,Delivered,1,680.57,0,67.95,748.52,Cash on Delivery,14,0
ORD_0001033,CUST_00039,REST_1007,RIDER_0081,2026-08-22 05:49:09,Delivered,4,2517.94,20,25.0,2522.94,Credit Card,5,1
ORD_0001034,CUST_00120,REST_1059,RIDER_0141,2026-08-08 20:26:50,Delivered,4,1638.55,0,25.0,1663.55,Cash on Delivery,20,1
ORD_0001035,CUST_00439,REST_1011,RIDER_0082,2026-09-14 21:58:26,Delivered,4,5076.74,20,34.2,5090.94,Credit Card,21,0
ORD_0001036,CUST_00260,REST_1011,RIDER_0088,2026-09-04 05:14:25,Delivered,5,5120.11,0,35.48,5155.59,UPI,5,0
ORD_0001037,CUST_00396,REST_1046,RIDER_0109,2026-09-13 22:56:44,Delivered,1,704.66,105.7,56.78,655.74,Zomato Wallet,22,1
ORD_0001038,CUST_00329,REST_1050,RIDER_0124,2026-08-05 23:40:30,Delivered,2,457.73,68.66,31.05,420.12,UPI,23,0
ORD_0001039,CUST_00258,REST_1053,RIDER_0118,2026-08-17 14:59:03,Delivered,2,458.7,0,48.08,506.78,Debit Card,14,0
ORD_0001040,CUST_00230,REST_1078,RIDER_0110,2026-08-24 09:10:22,Delivered,1,225.97,33.9,25.0,217.07,Debit Card,9,0
ORD_0001041,CUST_00214,REST_1021,RIDER_0092,2026-09-27 15:53:11,Delivered,6,536.33,20,25.0,541.33,Cash on Delivery,15,1
ORD_0001042,CUST_00303,REST_1037,RIDER_0046,2026-08-05 15:07:49,Delivered,1,834.92,50,79.8,864.72,Net Banking,15,0
ORD_0001043,CUST_00306,REST_1045,RIDER_0110,2026-08-25 00:47:11,Delivered,5,3422.75,20,88.2,3490.95,Debit Card,0,0
ORD_0001044,CUST_00124,REST_1085,RIDER_0067,2026-08-14 07:58:45,Delivered,6,1686.55,252.98,95.17,1528.74,Credit Card,7,0
ORD_0001045,CUST_00055,REST_1006,RIDER_0119,2026-09-05 01:32:20,Delivered,2,907.55,136.13,0.0,771.42,UPI,1,1
ORD_0001046,CUST_00017,REST_1073,RIDER_0045,2026-08-10 02:23:25,Delivered,2,1143.67,0,94.2,1237.87,Cash on Delivery,2,0
ORD_0001047,CUST_00008,REST_1011,RIDER_0069,2026-08-17 22:42:47,Delivered,1,1276.88,0,78.22,1355.1,Credit Card,22,0
ORD_0001048,CUST_00399,REST_1014,RIDER_0088,2026-08-01 02:11:07,Delivered,2,413.45,20,105.0,498.45,Credit Card,2,1
ORD_0001049,CUST_00442,REST_1096,RIDER_0041,2026-09-23 17:25:11,Delivered,6,2426.89,20,37.43,2444.32,Credit Card,17,0
ORD_0001050,CUST_00316,REST_1087,RIDER_0084,2026-08-10 14:24:53,Delivered,4,1422.16,0,80.25,1502.41,Cash on Delivery,14,0
ORD_0001051,CUST_00153,REST_1091,RIDER_0110,2026-08-05 19:42:35,Delivered,5,4089.04,20,25.0,4094.04,Cash on Delivery,19,0
ORD_0001052,CUST_00320,REST_1073,RIDER_0006,2026-09-12 23:48:05,Delivered,6,4548.39,682.26,82.72,3948.85,Net Banking,23,1
ORD_0001053,CUST_00012,REST_1018,RIDER_0012,2026-09-22 00:29:58,Delivered,1,403.22,20,25.0,408.22,Credit Card,0,0
ORD_0001054,CUST_00144,REST_1057,RIDER_0139,2026-09-24 14:54:22,Delivered,2,562.2,0,102.23,664.43,Credit Card,14,0
ORD_0001055,CUST_00021,REST_1012,RIDER_0096,2026-09-01 05:14:52,Delivered,6,3749.31,0,44.1,3793.41,Net Banking,5,0
ORD_0001056,CUST_00417,REST_1087,RIDER_0144,2026-08-27 16:47:02,Delivered,2,762.54,0,79.88,842.42,Credit Card,16,0
ORD_0001057,CUST_00068,REST_1004,RIDER_0138,2026-08-02 15:10:11,Delivered,3,447.14,50,44.4,441.54,Debit Card,15,1
ORD_0001058,CUST_00202,REST_1065,RIDER_0035,2026-08-05 12:35:04,Delivered,3,1043.7,20,25.0,1048.7,UPI,12,0
ORD_0001059,CUST_00305,REST_1043,RIDER_0024,2026-09-24 00:46:24,Delivered,6,5375.96,806.39,29.7,4599.27,Credit Card,0,0
ORD_0001060,CUST_00066,REST_1078,RIDER_0071,2026-09-15 00:17:23,Delivered,1,229.73,34.46,41.48,236.75,UPI,0,0
ORD_0001061,CUST_00218,REST_1011,RIDER_0115,2026-08-22 05:40:08,Delivered,3,2410.79,0,25.0,2435.79,UPI,5,1
ORD_0001062,CUST_00118,REST_1030,RIDER_0091,2026-08-01 00:12:40,Delivered,1,169.95,25.49,0.0,144.46,UPI,0,1
ORD_0001063,CUST_00227,REST_1084,RIDER_0119,2026-08-13 14:29:28,Delivered,5,607.89,50,35.62,593.51,Zomato Wallet,14,0
ORD_0001064,CUST_00165,REST_1089,RIDER_0029,2026-09-26 09:29:53,Delivered,1,320.5,48.07,27.38,299.81,Cash on Delivery,9,1
ORD_0001065,CUST_00302,REST_1094,RIDER_0091,2026-08-09 07:04:20,Delivered,3,765.1,114.77,0.0,650.33,Zomato Wallet,7,1
ORD_0001066,CUST_00402,REST_1073,RIDER_0135,2026-09-20 12:59:54,Delivered,6,5264.96,789.74,28.57,4503.79,Credit Card,12,1
ORD_0001067,CUST_00065,REST_1038,RIDER_0093,2026-08-29 16:06:05,Delivered,5,2338.54,350.78,103.27,2091.03,Debit Card,16,1
ORD_0001068,CUST_00374,REST_1056,RIDER_0044,2026-08-29 03:49:35,Delivered,6,1483.35,222.5,54.6,1315.45,Credit Card,3,1
ORD_0001069,CUST_00126,REST_1043,RIDER_0023,2026-08-27 22:55:38,Delivered,6,6083.17,0,67.12,6150.29,UPI,22,0
ORD_0001070,CUST_00493,REST_1091,RIDER_0093,2026-09-10 19:45:25,Delivered,2,1611.62,0,28.8,1640.42,UPI,19,0
ORD_0001071,CUST_00126,REST_1068,RIDER_0052,2026-09-21 08:25:42,Delivered,1,1152.16,20,72.15,1204.31,Cash on Delivery,8,0
ORD_0001072,CUST_00205,REST_1055,RIDER_0103,2026-08-10 19:28:29,Delivered,2,1432.74,0,103.2,1535.94,Zomato Wallet,19,0
ORD_0001073,CUST_00006,REST_1004,RIDER_0147,2026-08-31 15:41:08,Delivered,6,906.79,136.02,32.25,803.02,Credit Card,15,0
ORD_0001074,CUST_00059,REST_1007,RIDER_0067,2026-08-27 12:46:10,Delivered,4,2098.76,20,81.68,2160.44,Zomato Wallet,12,0
ORD_0001075,CUST_00268,REST_1039,RIDER_0123,2026-09-09 20:15:24,Delivered,1,221.88,20,100.2,302.08,Net Banking,20,0
ORD_0001076,CUST_00011,REST_1017,RIDER_0127,2026-09-28 19:16:28,Delivered,5,3238.39,20,66.6,3284.99,Debit Card,19,0
ORD_0001077,CUST_00177,REST_1078,RIDER_0086,2026-08-19 02:38:32,Delivered,5,884.86,132.73,0.0,752.13,Credit Card,2,0
ORD_0001078,CUST_00291,REST_1024,RIDER_0072,2026-09-14 10:40:37,Delivered,1,449.01,67.35,0.0,381.66,Debit Card,10,0
ORD_0001079,CUST_00161,REST_1051,RIDER_0069,2026-08-16 23:24:10,Delivered,2,234.62,0,25.0,259.62,Net Banking,23,1
ORD_0001080,CUST_00151,REST_1042,RIDER_0117,2026-09-18 02:14:27,Delivered,4,2371.77,20,106.5,2458.27,Debit Card,2,0
ORD_0001081,CUST_00132,REST_1075,RIDER_0120,2026-08-12 19:11:17,Delivered,6,4072.64,50,78.3,4100.94,Debit Card,19,0
ORD_0001082,CUST_00383,REST_1024,RIDER_0016,2026-08-14 12:36:59,Delivered,5,1921.57,0,55.2,1976.77,Zomato Wallet,12,0
ORD_0001083,CUST_00288,REST_1071,RIDER_0006,2026-08-28 04:56:41,Delivered,4,833.5,20,108.6,922.1,Credit Card,4,0
ORD_0001084,CUST_00012,REST_1040,RIDER_0121,2026-08-11 17:15:05,Delivered,4,5084.69,50,64.88,5099.57,UPI,17,0
ORD_0001085,CUST_00395,REST_1085,RIDER_0116,2026-09-18 08:59:23,Delivered,4,1506.0,225.9,75.0,1355.1,Credit Card,8,0
ORD_0001086,CUST_00205,REST_1015,RIDER_0081,2026-08-31 08:54:04,Delivered,1,1151.96,0,95.48,1247.44,Cash on Delivery,8,0
ORD_0001087,CUST_00359,REST_1095,RIDER_0020,2026-09-21 23:09:32,Delivered,4,1946.71,50,97.12,1993.83,Zomato Wallet,23,0
ORD_0001088,CUST_00008,REST_1084,RIDER_0050,2026-09-25 09:04:05,Delivered,5,692.63,0,68.32,760.95,Cash on Delivery,9,0
ORD_0001089,CUST_00238,REST_1003,RIDER_0118,2026-07-31 15:13:23,Delivered,6,1571.59,50,63.45,1585.04,Zomato Wallet,15,0
ORD_0001090,CUST_00155,REST_1088,RIDER_0005,2026-08-11 00:16:08,Delivered,4,2398.58,359.79,37.8,2076.59,Debit Card,0,0
ORD_0001091,CUST_00225,REST_1044,RIDER_0001,2026-09-04 18:15:06,Delivered,3,2470.43,0,35.4,2505.83,Zomato Wallet,18,0
ORD_0001092,CUST_00372,REST_1087,RIDER_0029,2026-09-09 06:25:12,Delivered,3,1392.74,208.91,57.08,1240.91,Debit Card,6,0
ORD_0001093,CUST_00271,REST_1097,RIDER_0014,2026-08-10 00:58:14,Delivered,5,1306.51,0,47.7,1354.21,Net Banking,0,0
ORD_0001094,CUST_00059,REST_1079,RIDER_0014,2026-09-27 05:00:58,Delivered,1,334.81,50,108.67,393.48,Zomato Wallet,5,1
ORD_0001095,CUST_00493,REST_1017,RIDER_0117,2026-08-15 12:20:26,Delivered,3,2690.94,20,50.02,2720.96,UPI,12,1
ORD_0001096,CUST_00010,REST_1076,RIDER_0038,2026-09-19 04:13:31,Delivered,4,3250.15,0,60.75,3310.9,Cash on Delivery,4,1
ORD_0001097,CUST_00440,REST_1032,RIDER_0044,2026-09-14 21:28:58,Delivered,1,127.23,19.08,50.4,158.55,Net Banking,21,0
ORD_0001098,CUST_00138,REST_1044,RIDER_0084,2026-09-26 19:11:41,Delivered,4,3679.98,0,47.92,3727.9,Zomato Wallet,19,1
ORD_0001099,CUST_00415,REST_1021,RIDER_0077,2026-08-15 19:15:59,Refunded,4,441.06,66.16,0.0,374.9,Cash on Delivery,19,1
ORD_0001100,CUST_00232,REST_1074,RIDER_0016,2026-08-24 07:26:03,Delivered,2,798.94,0,71.25,870.19,Zomato Wallet,7,0
ORD_0001101,CUST_00131,REST_1077,RIDER_0021,2026-09-20 18:33:09,Delivered,6,5517.52,50,92.17,5559.69,UPI,18,1
ORD_0001102,CUST_00368,REST_1091,RIDER_0116,2026-09-17 10:27:07,Delivered,2,1888.58,0,34.35,1922.93,Net Banking,10,0
ORD_0001103,CUST_00238,REST_1080,RIDER_0136,2026-09-08 15:11:52,Delivered,6,864.4,0,37.95,902.35,Debit Card,15,0
ORD_0001104,CUST_00493,REST_1062,RIDER_0145,2026-08-12 13:12:59,Delivered,5,3616.36,0,25.0,3641.36,Net Banking,13,0
ORD_0001105,CUST_00303,REST_1012,RIDER_0141,2026-08-24 02:49:37,Delivered,4,2413.1,20,30.97,2424.07,Net Banking,2,0
ORD_0001106,CUST_00026,REST_1077,RIDER_0065,2026-09-28 01:49:42,Delivered,5,4082.75,612.41,91.95,3562.29,Net Banking,1,0
ORD_0001107,CUST_00149,REST_1049,RIDER_0013,2026-09-14 07:52:49,Delivered,6,976.1,146.41,103.88,933.57,Debit Card,7,0
ORD_0001108,CUST_00289,REST_1003,RIDER_0056,2026-08-29 05:19:32,Delivered,6,1682.71,252.41,0.0,1430.3,UPI,5,1
ORD_0001109,CUST_00277,REST_1094,RIDER_0084,2026-09-06 07:15:17,Delivered,6,2151.41,0,39.3,2190.71,Credit Card,7,1
ORD_0001110,CUST_00219,REST_1078,RIDER_0027,2026-08-25 09:17:00,Delivered,5,1160.61,174.09,0.0,986.52,UPI,9,0
ORD_0001111,CUST_00439,REST_1068,RIDER_0103,2026-09-20 21:15:17,Delivered,4,3301.11,50,25.0,3276.11,Debit Card,21,1
ORD_0001112,CUST_00079,REST_1060,RIDER_0002,2026-08-30 02:31:57,Delivered,2,591.09,50,34.28,575.37,Zomato Wallet,2,1
ORD_0001113,CUST_00436,REST_1071,RIDER_0025,2026-08-01 06:44:05,Delivered,4,743.08,50,25.0,718.08,Credit Card,6,1
ORD_0001114,CUST_00076,REST_1053,RIDER_0150,2026-09-27 01:37:17,Delivered,2,339.65,0,82.65,422.3,Debit Card,1,1
ORD_0001115,CUST_00400,REST_1046,RIDER_0127,2026-09-10 21:57:19,Delivered,1,836.73,20,25.0,841.73,UPI,21,0
ORD_0001116,CUST_00312,REST_1006,RIDER_0121,2026-08-03 08:33:41,Delivered,6,2212.5,331.88,108.67,1989.29,Cash on Delivery,8,0
ORD_0001117,CUST_00041,REST_1028,RIDER_0091,2026-09-06 06:44:50,Delivered,5,3212.98,481.95,28.65,2759.68,UPI,6,1
ORD_0001118,CUST_00368,REST_1100,RIDER_0101,2026-09-04 13:18:50,Cancelled,4,2244.31,20,34.35,2258.66,UPI,13,0
ORD_0001119,CUST_00368,REST_1049,RIDER_0082,2026-08-30 07:30:53,Cancelled,2,296.29,50,25.0,271.29,Cash on Delivery,7,1
ORD_0001120,CUST_00196,REST_1074,RIDER_0042,2026-08-03 22:03:08,Delivered,3,1369.13,205.37,33.3,1197.06,UPI,22,0
ORD_0001121,CUST_00274,REST_1064,RIDER_0004,2026-08-14 18:12:24,Delivered,5,803.32,120.5,0.0,682.82,Credit Card,18,0
ORD_0001122,CUST_00478,REST_1019,RIDER_0120,2026-08-29 04:04:19,Delivered,4,471.85,50,35.92,457.77,Cash on Delivery,4,1
ORD_0001123,CUST_00497,REST_1002,RIDER_0044,2026-08-04 00:39:49,Delivered,3,424.81,63.72,108.9,469.99,Credit Card,0,0
ORD_0001124,CUST_00467,REST_1021,RIDER_0100,2026-09-05 19:12:10,Delivered,2,275.04,41.26,0.0,233.78,Zomato Wallet,19,1
ORD_0001125,CUST_00152,REST_1063,RIDER_0041,2026-08-14 06:59:40,Delivered,3,318.05,47.71,25.0,295.34,UPI,6,0
ORD_0001126,CUST_00348,REST_1088,RIDER_0036,2026-08-19 03:22:40,Delivered,5,2608.44,0,25.0,2633.44,Net Banking,3,0
ORD_0001127,CUST_00249,REST_1071,RIDER_0105,2026-08-12 21:16:41,Delivered,1,192.23,20,98.03,270.26,Cash on Delivery,21,0
ORD_0001128,CUST_00004,REST_1036,RIDER_0100,2026-09-19 05:36:54,Delivered,4,1966.45,0,49.95,2016.4,Credit Card,5,1
ORD_0001129,CUST_00455,REST_1031,RIDER_0110,2026-08-25 20:50:53,Delivered,2,364.68,54.7,94.42,404.4,Zomato Wallet,20,0
ORD_0001130,CUST_00174,REST_1018,RIDER_0052,2026-09-13 17:06:06,Delivered,5,1793.11,0,86.17,1879.28,UPI,17,1
ORD_0001131,CUST_00069,REST_1076,RIDER_0090,2026-09-16 21:49:51,Delivered,3,2576.6,50,104.33,2630.93,Debit Card,21,0
ORD_0001132,CUST_00116,REST_1085,RIDER_0024,2026-08-12 02:50:07,Delivered,6,1837.91,0,65.85,1903.76,Debit Card,2,0
ORD_0001133,CUST_00204,REST_1070,RIDER_0041,2026-08-16 08:14:25,Delivered,1,102.17,20,69.9,152.07,Net Banking,8,1
ORD_0001134,CUST_00159,REST_1064,RIDER_0109,2026-08-03 00:05:48,Delivered,4,566.41,0,54.67,621.08,UPI,0,0
ORD_0001135,CUST_00187,REST_1001,RIDER_0019,2026-09-05 09:37:04,Delivered,1,214.5,0,106.42,320.92,Net Banking,9,1
ORD_0001136,CUST_00192,REST_1033,RIDER_0046,2026-08-24 20:47:48,Delivered,1,632.9,94.93,39.82,577.79,Zomato Wallet,20,0
ORD_0001137,CUST_00110,REST_1011,RIDER_0082,2026-09-14 10:30:31,Delivered,6,6519.41,20,68.55,6567.96,Zomato Wallet,10,0
ORD_0001138,CUST_00434,REST_1074,RIDER_0149,2026-08-20 21:36:16,Delivered,6,2709.82,406.47,52.8,2356.15,Zomato Wallet,21,0
ORD_0001139,CUST_00203,REST_1089,RIDER_0002,2026-09-05 09:08:37,Delivered,6,1563.14,234.47,0.0,1328.67,UPI,9,1
ORD_0001140,CUST_00052,REST_1038,RIDER_0042,2026-08-02 12:33:45,Delivered,6,3791.64,568.75,70.58,3293.47,Credit Card,12,1
ORD_0001141,CUST_00069,REST_1044,RIDER_0145,2026-09-08 08:29:12,Delivered,4,2841.7,50,38.48,2830.18,Debit Card,8,0
ORD_0001142,CUST_00115,REST_1089,RIDER_0087,2026-08-13 16:54:00,Delivered,1,256.42,38.46,0.0,217.96,Credit Card,16,0
ORD_0001143,CUST_00090,REST_1077,RIDER_0072,2026-08-28 12:35:09,Delivered,6,6214.8,932.22,25.0,5307.58,UPI,12,0
ORD_0001144,CUST_00460,REST_1070,RIDER_0015,2026-09-12 00:19:05,Delivered,2,190.54,0,42.0,232.54,Net Banking,0,1
ORD_0001145,CUST_00126,REST_1035,RIDER_0040,2026-08-17 22:31:38,Delivered,2,1283.0,0,87.9,1370.9,Zomato Wallet,22,0
ORD_0001146,CUST_00492,REST_1005,RIDER_0102,2026-09-08 01:20:54,Delivered,5,1541.32,0,103.72,1645.04,UPI,1,0
ORD_0001147,CUST_00070,REST_1058,RIDER_0022,2026-08-03 16:39:53,Delivered,4,1685.92,252.89,74.33,1507.36,Cash on Delivery,16,0
ORD_0001148,CUST_00292,REST_1008,RIDER_0111,2026-08-15 13:39:43,Delivered,3,3356.58,503.49,25.0,2878.09,Net Banking,13,1
ORD_0001149,CUST_00408,REST_1028,RIDER_0106,2026-08-06 22:26:47,Delivered,5,3148.47,50,37.88,3136.35,Zomato Wallet,22,0
ORD_0001150,CUST_00278,REST_1043,RIDER_0020,2026-08-25 01:31:15,Refunded,3,3652.88,547.93,0.0,3104.95,Cash on Delivery,1,0
ORD_0001151,CUST_00360,REST_1098,RIDER_0054,2026-08-13 22:05:56,Delivered,4,600.57,90.09,93.0,603.48,Zomato Wallet,22,0
ORD_0001152,CUST_00361,REST_1064,RIDER_0020,2026-08-10 04:10:14,Delivered,6,883.94,50,42.6,876.54,Zomato Wallet,4,0
ORD_0001153,CUST_00471,REST_1034,RIDER_0036,2026-08-18 19:02:27,Delivered,6,1171.21,20,92.33,1243.54,Zomato Wallet,19,0
ORD_0001154,CUST_00252,REST_1017,RIDER_0132,2026-09-17 16:54:57,Delivered,6,4519.39,677.91,62.7,3904.18,Cash on Delivery,16,0
ORD_0001155,CUST_00149,REST_1017,RIDER_0100,2026-09-19 17:46:42,Delivered,3,2241.05,336.16,25.0,1929.89,Cash on Delivery,17,1
ORD_0001156,CUST_00446,REST_1046,RIDER_0101,2026-08-02 10:09:28,Delivered,4,2548.48,382.27,0.0,2166.21,Credit Card,10,1
ORD_0001157,CUST_00439,REST_1083,RIDER_0040,2026-08-19 14:11:59,Delivered,2,1548.15,20,49.28,1577.43,Debit Card,14,0
ORD_0001158,CUST_00351,REST_1081,RIDER_0105,2026-08-27 00:20:49,Delivered,3,686.54,20,42.75,709.29,Credit Card,0,0
ORD_0001159,CUST_00027,REST_1070,RIDER_0135,2026-09-12 09:16:41,Delivered,4,445.65,20,43.42,469.07,Credit Card,9,1
ORD_0001160,CUST_00036,REST_1085,RIDER_0121,2026-08-28 19:02:34,Delivered,5,2098.35,0,25.0,2123.35,Credit Card,19,0
ORD_0001161,CUST_00421,REST_1072,RIDER_0011,2026-08-06 05:05:05,Delivered,2,239.09,20,55.2,274.29,UPI,5,0
ORD_0001162,CUST_00171,REST_1024,RIDER_0139,2026-09-28 09:52:43,Delivered,1,362.83,50,84.08,396.91,Cash on Delivery,9,0
ORD_0001163,CUST_00327,REST_1017,RIDER_0122,2026-09-26 22:43:25,Delivered,2,1564.19,234.63,58.42,1387.98,Debit Card,22,1
ORD_0001164,CUST_00139,REST_1077,RIDER_0004,2026-08-29 01:22:34,Delivered,6,6244.07,936.61,41.4,5348.86,UPI,1,1
ORD_0001165,CUST_00256,REST_1042,RIDER_0147,2026-08-24 10:26:18,Delivered,1,627.43,94.11,78.0,611.32,Debit Card,10,0
ORD_0001166,CUST_00497,REST_1003,RIDER_0091,2026-09-20 13:05:41,Delivered,1,233.58,35.04,70.27,268.81,Credit Card,13,1
ORD_0001167,CUST_00242,REST_1058,RIDER_0137,2026-09-11 10:51:05,Delivered,3,1615.57,242.34,0.0,1373.23,Zomato Wallet,10,0
ORD_0001168,CUST_00387,REST_1012,RIDER_0082,2026-09-19 12:45:09,Delivered,2,986.82,0,98.1,1084.92,Net Banking,12,1
ORD_0001169,CUST_00367,REST_1055,RIDER_0043,2026-09-13 15:11:15,Delivered,4,2884.57,50,51.83,2886.4,Zomato Wallet,15,1
ORD_0001170,CUST_00045,REST_1054,RIDER_0024,2026-09-20 11:11:43,Delivered,2,2514.99,377.25,0.0,2137.74,Debit Card,11,1
ORD_0001171,CUST_00213,REST_1015,RIDER_0108,2026-08-14 21:01:41,Delivered,1,1309.38,0,33.0,1342.38,Zomato Wallet,21,0
ORD_0001172,CUST_00029,REST_1009,RIDER_0110,2026-08-30 18:14:02,Delivered,6,7552.29,1132.84,93.08,6512.53,Net Banking,18,1
ORD_0001173,CUST_00298,REST_1030,RIDER_0067,2026-08-06 21:34:42,Delivered,5,970.39,50,72.98,993.37,Net Banking,21,0
ORD_0001174,CUST_00237,REST_1081,RIDER_0017,2026-09-03 07:00:53,Delivered,5,1193.78,50,68.48,1212.26,Credit Card,7,0
ORD_0001175,CUST_00282,REST_1035,RIDER_0130,2026-08-25 15:14:19,Delivered,1,620.38,50,65.17,635.55,UPI,15,0
ORD_0001176,CUST_00324,REST_1030,RIDER_0023,2026-09-22 04:05:31,Delivered,5,1021.79,153.27,0.0,868.52,UPI,4,0
ORD_0001177,CUST_00069,REST_1007,RIDER_0126,2026-07-31 17:28:35,Delivered,2,971.67,0,102.38,1074.05,Credit Card,17,0
ORD_0001178,CUST_00311,REST_1048,RIDER_0058,2026-08-26 17:37:52,Delivered,4,2785.58,0,101.33,2886.91,UPI,17,0
ORD_0001179,CUST_00168,REST_1063,RIDER_0131,2026-09-28 16:13:00,Delivered,1,137.52,20,51.23,168.75,UPI,16,0
ORD_0001180,CUST_00431,REST_1035,RIDER_0026,2026-08-31 09:29:16,Delivered,1,702.99,105.45,42.6,640.14,Cash on Delivery,9,0
ORD_0001181,CUST_00309,REST_1037,RIDER_0133,2026-08-26 15:10:43,Delivered,3,1756.67,263.5,81.52,1574.69,UPI,15,0
ORD_0001182,CUST_00360,REST_1013,RIDER_0040,2026-08-22 01:35:54,Delivered,4,1059.68,158.95,108.75,1009.48,Net Banking,1,1
ORD_0001183,CUST_00398,REST_1089,RIDER_0020,2026-08-03 16:23:14,Delivered,6,2492.2,373.83,68.48,2186.85,Zomato Wallet,16,0
ORD_0001184,CUST_00211,REST_1079,RIDER_0148,2026-08-28 12:50:26,Delivered,4,1647.65,0,25.0,1672.65,Credit Card,12,0
ORD_0001185,CUST_00314,REST_1053,RIDER_0123,2026-08-21 06:30:35,Delivered,2,400.28,50,86.33,436.61,Zomato Wallet,6,0
ORD_0001186,CUST_00054,REST_1074,RIDER_0144,2026-08-20 06:37:11,Delivered,6,2783.55,417.53,81.52,2447.54,Credit Card,6,0
ORD_0001187,CUST_00036,REST_1087,RIDER_0089,2026-08-24 17:36:10,Delivered,4,2021.9,50,63.82,2035.72,Credit Card,17,0
ORD_0001188,CUST_00177,REST_1097,RIDER_0092,2026-09-21 22:28:12,Delivered,5,1325.54,198.83,0.0,1126.71,UPI,22,0
ORD_0001189,CUST_00263,REST_1023,RIDER_0104,2026-09-23 20:32:54,Delivered,3,620.29,20,65.25,665.54,UPI,20,0
ORD_0001190,CUST_00131,REST_1089,RIDER_0053,2026-09-16 07:30:58,Delivered,2,677.61,20,91.73,749.34,Credit Card,7,0
ORD_0001191,CUST_00395,REST_1004,RIDER_0039,2026-09-10 06:48:37,Delivered,2,303.32,45.5,107.1,364.92,Net Banking,6,0
ORD_0001192,CUST_00236,REST_1023,RIDER_0097,2026-09-09 09:13:20,Delivered,2,335.58,50.34,51.23,336.47,UPI,9,0
ORD_0001193,CUST_00349,REST_1050,RIDER_0069,2026-09-28 15:08:00,Delivered,4,755.29,50,69.0,774.29,UPI,15,0
ORD_0001194,CUST_00232,REST_1031,RIDER_0084,2026-08-14 13:56:17,Delivered,2,402.82,20,73.88,456.7,Debit Card,13,0
ORD_0001195,CUST_00465,REST_1069,RIDER_0112,2026-08-29 20:49:23,Delivered,2,879.89,131.98,25.0,772.91,Debit Card,20,1
ORD_0001196,CUST_00330,REST_1070,RIDER_0086,2026-09-03 14:38:26,Delivered,3,414.73,20,68.4,463.13,UPI,14,0
ORD_0001197,CUST_00002,REST_1027,RIDER_0086,2026-09-02 08:57:15,Delivered,3,1194.38,20,25.0,1199.38,Credit Card,8,0
ORD_0001198,CUST_00275,REST_1050,RIDER_0147,2026-07-31 02:54:53,Delivered,3,533.39,50,39.67,523.06,Debit Card,2,0
ORD_0001199,CUST_00150,REST_1092,RIDER_0051,2026-08-14 11:50:02,Delivered,2,1609.88,241.48,0.0,1368.4,UPI,11,0
ORD_0001200,CUST_00226,REST_1072,RIDER_0112,2026-09-10 07:12:52,Delivered,1,93.74,50,25.0,68.74,Credit Card,7,0
ORD_0001201,CUST_00048,REST_1010,RIDER_0065,2026-08-22 06:18:04,Delivered,5,2088.12,313.22,53.17,1828.07,Zomato Wallet,6,1
ORD_0001202,CUST_00269,REST_1061,RIDER_0109,2026-08-29 06:53:40,Delivered,1,848.53,127.28,0.0,721.25,Cash on Delivery,6,1
ORD_0001203,CUST_00126,REST_1006,RIDER_0096,2026-08-25 14:32:51,Delivered,4,2046.85,50,27.3,2024.15,Debit Card,14,0
ORD_0001204,CUST_00010,REST_1061,RIDER_0036,2026-08-16 08:59:57,Delivered,4,3160.67,20,38.4,3179.07,Debit Card,8,1
ORD_0001205,CUST_00290,REST_1012,RIDER_0005,2026-08-09 07:28:35,Delivered,2,1006.73,0,109.28,1116.01,Credit Card,7,1
ORD_0001206,CUST_00301,REST_1012,RIDER_0048,2026-08-17 03:24:36,Delivered,5,3236.26,0,25.0,3261.26,Credit Card,3,0
ORD_0001207,CUST_00099,REST_1025,RIDER_0045,2026-09-04 08:21:18,Delivered,4,1039.64,20,27.52,1047.16,Debit Card,8,0
ORD_0001208,CUST_00220,REST_1007,RIDER_0045,2026-08-25 15:33:06,Delivered,5,3526.13,0,68.55,3594.68,Net Banking,15,0
ORD_0001209,CUST_00243,REST_1050,RIDER_0071,2026-09-24 15:53:56,Delivered,3,626.51,20,65.1,671.61,Net Banking,15,0
ORD_0001210,CUST_00171,REST_1031,RIDER_0069,2026-09-16 10:00:49,Delivered,5,912.86,20,86.92,979.78,UPI,10,0
ORD_0001211,CUST_00128,REST_1070,RIDER_0149,2026-09-05 01:15:19,Delivered,6,612.5,0,25.28,637.78,Zomato Wallet,1,1
ORD_0001212,CUST_00475,REST_1094,RIDER_0033,2026-09-25 00:36:36,Delivered,6,2262.73,339.41,65.25,1988.57,Cash on Delivery,0,0
ORD_0001213,CUST_00081,REST_1083,RIDER_0108,2026-08-19 02:58:49,Delivered,5,5909.98,886.5,0.0,5023.48,Cash on Delivery,2,0
ORD_0001214,CUST_00152,REST_1091,RIDER_0121,2026-09-26 08:25:08,Delivered,1,726.11,108.92,74.18,691.37,Credit Card,8,1
ORD_0001215,CUST_00257,REST_1031,RIDER_0026,2026-09-07 06:20:23,Delivered,4,765.4,0,100.5,865.9,Credit Card,6,0
ORD_0001216,CUST_00396,REST_1008,RIDER_0025,2026-08-26 15:13:41,Delivered,5,6314.65,947.2,63.68,5431.13,Debit Card,15,0
ORD_0001217,CUST_00061,REST_1021,RIDER_0032,2026-08-27 18:16:13,Delivered,2,268.58,40.29,0.0,228.29,Zomato Wallet,18,0
ORD_0001218,CUST_00385,REST_1071,RIDER_0053,2026-08-18 14:43:18,Delivered,6,1724.46,0,69.97,1794.43,Cash on Delivery,14,0
ORD_0001219,CUST_00093,REST_1086,RIDER_0106,2026-09-06 06:08:38,Delivered,5,2436.29,20,82.28,2498.57,UPI,6,1
ORD_0001220,CUST_00180,REST_1097,RIDER_0008,2026-08-11 01:44:46,Delivered,1,279.07,0,49.95,329.02,Debit Card,1,0
ORD_0001221,CUST_00337,REST_1044,RIDER_0071,2026-09-20 20:09:43,Delivered,1,905.99,20,90.08,976.07,UPI,20,1
ORD_0001222,CUST_00054,REST_1074,RIDER_0003,2026-08-27 12:19:49,Delivered,3,1387.91,208.19,68.03,1247.75,UPI,12,0
ORD_0001223,CUST_00475,REST_1032,RIDER_0104,2026-09-21 21:21:21,Delivered,2,207.23,31.08,110.92,287.07,Debit Card,21,0
ORD_0001224,CUST_00108,REST_1030,RIDER_0051,2026-08-07 07:05:57,Delivered,5,749.84,112.48,52.43,689.79,Net Banking,7,0
ORD_0001225,CUST_00438,REST_1006,RIDER_0127,2026-08-11 07:22:45,Delivered,2,766.55,20,29.7,776.25,UPI,7,0
ORD_0001226,CUST_00149,REST_1017,RIDER_0031,2026-08-12 21:51:34,Delivered,6,3540.2,531.03,94.73,3103.9,Credit Card,21,0
ORD_0001227,CUST_00244,REST_1073,RIDER_0126,2026-09-05 23:50:41,Delivered,4,2722.66,0,39.08,2761.74,Net Banking,23,1
ORD_0001228,CUST_00128,REST_1012,RIDER_0031,2026-09-02 20:46:56,Delivered,3,1306.26,50,37.95,1294.21,Zomato Wallet,20,0
ORD_0001229,CUST_00417,REST_1068,RIDER_0087,2026-08-16 06:43:04,Delivered,3,3112.82,0,110.85,3223.67,Net Banking,6,1
ORD_0001230,CUST_00306,REST_1090,RIDER_0071,2026-09-19 14:08:35,Delivered,5,1013.07,0,62.62,1075.69,UPI,14,1
ORD_0001231,CUST_00322,REST_1053,RIDER_0111,2026-09-12 20:56:42,Delivered,2,369.65,55.45,0.0,314.2,Net Banking,20,1
ORD_0001232,CUST_00188,REST_1015,RIDER_0067,2026-09-06 05:00:40,Delivered,6,7659.24,0,98.17,7757.41,UPI,5,1
ORD_0001233,CUST_00194,REST_1094,RIDER_0047,2026-08-25 08:29:13,Delivered,4,1266.42,189.96,25.0,1101.46,Zomato Wallet,8,0
ORD_0001234,CUST_00070,REST_1082,RIDER_0037,2026-07-31 19:01:32,Delivered,6,585.5,87.83,57.15,554.82,Cash on Delivery,19,0
ORD_0001235,CUST_00007,REST_1087,RIDER_0072,2026-09-14 18:40:26,Delivered,1,323.78,48.57,42.3,317.51,Debit Card,18,0
ORD_0001236,CUST_00411,REST_1011,RIDER_0059,2026-09-05 06:16:42,Delivered,3,2630.5,20,99.75,2710.25,Credit Card,6,1
ORD_0001237,CUST_00272,REST_1033,RIDER_0002,2026-09-11 10:36:18,Cancelled,4,2309.03,346.35,38.48,2001.16,UPI,10,0
ORD_0001238,CUST_00013,REST_1060,RIDER_0027,2026-08-27 23:27:05,Delivered,2,546.66,50,101.85,598.51,UPI,23,0
ORD_0001239,CUST_00135,REST_1029,RIDER_0121,2026-09-22 23:52:15,Delivered,6,3519.84,527.98,0.0,2991.86,UPI,23,0
ORD_0001240,CUST_00388,REST_1073,RIDER_0128,2026-09-23 08:12:06,Delivered,1,827.05,124.06,74.55,777.54,Zomato Wallet,8,0
ORD_0001241,CUST_00464,REST_1083,RIDER_0065,2026-08-23 07:15:33,Delivered,4,4805.35,50,92.85,4848.2,Zomato Wallet,7,1
ORD_0001242,CUST_00279,REST_1055,RIDER_0048,2026-09-24 23:02:20,Delivered,1,835.79,125.37,100.27,810.69,Credit Card,23,0
ORD_0001243,CUST_00411,REST_1087,RIDER_0110,2026-08-01 11:29:18,Delivered,4,2064.31,0,47.48,2111.79,Credit Card,11,1
ORD_0001244,CUST_00048,REST_1048,RIDER_0108,2026-09-23 10:17:00,Delivered,1,573.61,86.04,25.0,512.57,Zomato Wallet,10,0
ORD_0001245,CUST_00315,REST_1022,RIDER_0102,2026-08-28 18:14:18,Delivered,5,840.99,126.15,0.0,714.84,Zomato Wallet,18,0
ORD_0001246,CUST_00263,REST_1008,RIDER_0009,2026-08-26 15:18:51,Delivered,4,4400.78,20,25.0,4405.78,Debit Card,15,0
ORD_0001247,CUST_00434,REST_1015,RIDER_0099,2026-08-16 22:47:16,Delivered,2,1783.79,267.57,94.05,1610.27,Debit Card,22,1
ORD_0001248,CUST_00150,REST_1069,RIDER_0047,2026-08-21 14:55:29,Cancelled,2,867.65,130.15,0.0,737.5,Cash on Delivery,14,0
ORD_0001249,CUST_00223,REST_1071,RIDER_0048,2026-09-28 23:19:52,Delivered,3,557.63,20,70.2,607.83,Credit Card,23,0
ORD_0001250,CUST_00184,REST_1042,RIDER_0046,2026-09-08 11:23:39,Delivered,2,1775.53,0,48.0,1823.53,UPI,11,0
ORD_0001251,CUST_00301,REST_1027,RIDER_0129,2026-08-04 10:17:26,Delivered,1,263.59,0,39.82,303.41,Credit Card,10,0
ORD_0001252,CUST_00116,REST_1084,RIDER_0125,2026-08-08 06:33:12,Delivered,3,343.18,20,70.58,393.76,Debit Card,6,1
ORD_0001253,CUST_00368,REST_1046,RIDER_0127,2026-08-06 06:10:25,Delivered,2,1301.52,20,61.42,1342.94,Debit Card,6,0
ORD_0001254,CUST_00112,REST_1012,RIDER_0060,2026-08-08 02:06:20,Delivered,1,505.46,75.82,0.0,429.64,Net Banking,2,1
ORD_0001255,CUST_00429,REST_1037,RIDER_0114,2026-08-01 07:00:17,Delivered,1,828.03,124.2,88.8,792.63,Net Banking,7,1
ORD_0001256,CUST_00365,REST_1078,RIDER_0088,2026-08-05 17:10:42,Delivered,1,218.38,32.76,0.0,185.62,UPI,17,0
ORD_0001257,CUST_00332,REST_1065,RIDER_0123,2026-09-22 04:41:35,Delivered,4,1314.92,50,25.0,1289.92,Net Banking,4,0
ORD_0001258,CUST_00105,REST_1061,RIDER_0063,2026-08-13 04:45:52,Delivered,2,1956.41,50,25.0,1931.41,Debit Card,4,0
ORD_0001259,CUST_00189,REST_1062,RIDER_0057,2026-09-17 09:26:36,Delivered,4,3568.28,0,25.0,3593.28,Cash on Delivery,9,0
ORD_0001260,CUST_00357,REST_1026,RIDER_0063,2026-08-07 03:30:59,Delivered,4,1601.99,240.3,30.15,1391.84,Net Banking,3,0
ORD_0001261,CUST_00275,REST_1055,RIDER_0027,2026-09-16 16:55:09,Delivered,2,1855.48,0,76.2,1931.68,UPI,16,0
ORD_0001262,CUST_00342,REST_1004,RIDER_0100,2026-09-03 07:50:46,Delivered,2,454.3,68.14,25.73,411.89,Credit Card,7,0
ORD_0001263,CUST_00144,REST_1061,RIDER_0089,2026-08-21 11:07:04,Delivered,5,5140.47,20,107.17,5227.64,Net Banking,11,0
ORD_0001264,CUST_00302,REST_1094,RIDER_0041,2026-08-16 00:48:48,Delivered,3,948.57,142.29,0.0,806.28,UPI,0,1
ORD_0001265,CUST_00297,REST_1021,RIDER_0146,2026-09-09 16:57:20,Delivered,2,268.84,20,42.38,291.22,Credit Card,16,0
ORD_0001266,CUST_00119,REST_1093,RIDER_0082,2026-08-02 03:49:41,Delivered,2,1620.24,50,71.62,1641.86,Net Banking,3,1
ORD_0001267,CUST_00337,REST_1069,RIDER_0002,2026-08-18 02:35:06,Delivered,6,3833.86,0,25.0,3858.86,Debit Card,2,0
ORD_0001268,CUST_00371,REST_1067,RIDER_0119,2026-08-13 08:09:34,Delivered,2,203.77,50,47.1,200.87,UPI,8,0
ORD_0001269,CUST_00099,REST_1045,RIDER_0040,2026-08-05 11:47:19,Delivered,4,1694.1,0,103.5,1797.6,Credit Card,11,0
ORD_0001270,CUST_00435,REST_1077,RIDER_0110,2026-08-19 12:10:26,Delivered,1,1260.24,189.04,25.0,1096.2,Cash on Delivery,12,0
ORD_0001271,CUST_00419,REST_1028,RIDER_0140,2026-08-19 19:20:55,Delivered,2,1403.1,50,29.85,1382.95,Net Banking,19,0
ORD_0001272,CUST_00379,REST_1086,RIDER_0022,2026-08-20 03:03:01,Delivered,4,2732.05,409.81,0.0,2322.24,UPI,3,0
ORD_0001273,CUST_00190,REST_1041,RIDER_0072,2026-09-24 05:12:20,Delivered,5,6408.95,961.34,0.0,5447.61,Zomato Wallet,5,0
ORD_0001274,CUST_00448,REST_1004,RIDER_0020,2026-08-10 13:22:44,Delivered,6,1254.55,50,100.72,1305.27,Cash on Delivery,13,0
ORD_0001275,CUST_00111,REST_1077,RIDER_0131,2026-09-25 01:45:09,Delivered,1,961.71,20,74.18,1015.89,Debit Card,1,0
ORD_0001276,CUST_00268,REST_1086,RIDER_0027,2026-08-26 16:33:29,Refunded,2,865.24,50,61.5,876.74,Cash on Delivery,16,0
ORD_0001277,CUST_00477,REST_1065,RIDER_0098,2026-08-27 09:46:56,Delivered,2,801.0,50,54.6,805.6,Cash on Delivery,9,0
ORD_0001278,CUST_00287,REST_1047,RIDER_0124,2026-08-10 00:40:42,Delivered,5,743.05,0,53.48,796.53,Cash on Delivery,0,0
ORD_0001279,CUST_00426,REST_1056,RIDER_0113,2026-09-03 15:10:59,Delivered,3,1189.04,178.36,0.0,1010.68,Cash on Delivery,15,0
ORD_0001280,CUST_00302,REST_1073,RIDER_0109,2026-08-31 19:22:41,Delivered,2,1582.8,237.42,0.0,1345.38,Cash on Delivery,19,0
ORD_0001281,CUST_00049,REST_1045,RIDER_0124,2026-09-01 14:01:27,Refunded,2,842.58,0,66.08,908.66,Credit Card,14,0
ORD_0001282,CUST_00081,REST_1083,RIDER_0046,2026-09-15 13:11:34,Delivered,1,1120.88,168.13,0.0,952.75,Zomato Wallet,13,0
ORD_0001283,CUST_00484,REST_1029,RIDER_0110,2026-08-10 09:13:03,Delivered,4,1830.07,50,107.77,1887.84,Zomato Wallet,9,0
ORD_0001284,CUST_00425,REST_1048,RIDER_0143,2026-08-16 06:00:39,Delivered,1,456.26,50,105.9,512.16,Debit Card,6,1
ORD_0001285,CUST_00102,REST_1007,RIDER_0016,2026-07-31 21:09:06,Delivered,6,3042.48,0,54.15,3096.63,UPI,21,0
ORD_0001286,CUST_00049,REST_1095,RIDER_0110,2026-08-11 17:24:25,Delivered,4,1574.88,20,78.15,1633.03,Net Banking,17,0
ORD_0001287,CUST_00021,REST_1070,RIDER_0135,2026-08-22 19:33:25,Delivered,3,439.68,50,28.88,418.56,Zomato Wallet,19,1
ORD_0001288,CUST_00400,REST_1063,RIDER_0052,2026-08-17 17:51:10,Delivered,6,529.98,0,25.0,554.98,Debit Card,17,0
ORD_0001289,CUST_00125,REST_1078,RIDER_0013,2026-08-11 02:44:45,Delivered,1,146.92,22.04,0.0,124.88,Credit Card,2,0
ORD_0001290,CUST_00016,REST_1085,RIDER_0009,2026-08-13 02:35:25,Delivered,3,1048.88,50,49.95,1048.83,Credit Card,2,0
ORD_0001291,CUST_00184,REST_1072,RIDER_0023,2026-09-27 07:27:12,Delivered,6,714.51,20,28.05,722.56,Net Banking,7,1
ORD_0001292,CUST_00348,REST_1025,RIDER_0040,2026-08-02 06:31:58,Delivered,6,1355.75,20,98.4,1434.15,Cash on Delivery,6,1
ORD_0001293,CUST_00440,REST_1038,RIDER_0128,2026-08-12 12:34:31,Delivered,6,2609.33,391.4,38.62,2256.55,Zomato Wallet,12,0
ORD_0001294,CUST_00009,REST_1066,RIDER_0023,2026-09-26 06:04:01,Delivered,1,990.35,50,25.0,965.35,UPI,6,1
ORD_0001295,CUST_00357,REST_1036,RIDER_0061,2026-08-31 03:20:40,Delivered,1,446.82,67.02,100.65,480.45,Zomato Wallet,3,0
ORD_0001296,CUST_00034,REST_1087,RIDER_0114,2026-09-19 15:10:45,Delivered,1,354.04,53.11,25.0,325.93,Credit Card,15,1
ORD_0001297,CUST_00279,REST_1038,RIDER_0013,2026-08-22 09:16:21,Delivered,2,1160.27,174.04,25.0,1011.23,Cash on Delivery,9,1
ORD_0001298,CUST_00043,REST_1033,RIDER_0036,2026-09-10 16:54:58,Delivered,4,2752.96,412.94,62.02,2402.04,Net Banking,16,0
ORD_0001299,CUST_00447,REST_1039,RIDER_0057,2026-08-07 04:40:58,Delivered,6,986.7,50,110.33,1047.03,Credit Card,4,0
ORD_0001300,CUST_00317,REST_1077,RIDER_0075,2026-08-13 14:08:35,Delivered,5,4490.15,20,25.0,4495.15,Debit Card,14,0
ORD_0001301,CUST_00388,REST_1032,RIDER_0104,2026-09-16 05:06:44,Delivered,5,690.78,103.62,52.57,639.73,Credit Card,5,0
ORD_0001302,CUST_00270,REST_1068,RIDER_0007,2026-08-08 13:36:41,Delivered,4,3458.17,518.73,83.32,3022.76,Net Banking,13,1
ORD_0001303,CUST_00228,REST_1085,RIDER_0132,2026-08-01 03:08:50,Delivered,2,682.6,50,67.12,699.72,Zomato Wallet,3,1
ORD_0001304,CUST_00312,REST_1004,RIDER_0119,2026-08-28 08:09:20,Delivered,3,606.75,91.01,68.25,583.99,Credit Card,8,0
ORD_0001305,CUST_00499,REST_1084,RIDER_0098,2026-08-28 19:41:40,Delivered,1,144.9,21.73,25.0,148.17,Debit Card,19,0
ORD_0001306,CUST_00248,REST_1089,RIDER_0150,2026-08-18 08:14:05,Delivered,4,1225.64,183.85,67.28,1109.07,Cash on Delivery,8,0
ORD_0001307,CUST_00332,REST_1011,RIDER_0079,2026-09-20 01:45:38,Delivered,5,5786.02,0,52.73,5838.75,Net Banking,1,1
ORD_0001308,CUST_00456,REST_1079,RIDER_0090,2026-09-14 00:03:47,Delivered,1,266.61,50,110.25,326.86,Debit Card,0,0
ORD_0001309,CUST_00033,REST_1074,RIDER_0010,2026-09-16 22:47:19,Delivered,2,732.18,0,37.05,769.23,Credit Card,22,0
ORD_0001310,CUST_00325,REST_1082,RIDER_0005,2026-09-06 08:52:47,Delivered,2,276.55,41.48,26.18,261.25,Net Banking,8,1
ORD_0001311,CUST_00217,REST_1026,RIDER_0067,2026-09-24 19:05:23,Delivered,4,2055.72,50,55.05,2060.77,Zomato Wallet,19,0
ORD_0001312,CUST_00157,REST_1071,RIDER_0095,2026-09-08 15:47:24,Delivered,4,1094.49,20,78.15,1152.64,Debit Card,15,0
ORD_0001313,CUST_00113,REST_1046,RIDER_0085,2026-08-06 09:53:10,Delivered,5,3197.25,50,37.65,3184.9,Cash on Delivery,9,0
ORD_0001314,CUST_00336,REST_1087,RIDER_0110,2026-08-15 13:56:30,Refunded,5,1927.34,0,96.15,2023.49,Net Banking,13,1
ORD_0001315,CUST_00187,REST_1052,RIDER_0121,2026-07-31 11:43:37,Delivered,5,809.22,50,103.27,862.49,Credit Card,11,0
ORD_0001316,CUST_00374,REST_1062,RIDER_0087,2026-09-21 01:02:19,Delivered,3,2873.43,431.01,25.0,2467.42,Credit Card,1,0
ORD_0001317,CUST_00206,REST_1096,RIDER_0043,2026-07-31 20:09:03,Delivered,4,1662.15,50,25.0,1637.15,Credit Card,20,0
ORD_0001318,CUST_00303,REST_1065,RIDER_0070,2026-09-02 13:48:42,Delivered,4,1076.4,50,77.02,1103.42,UPI,13,0
ORD_0001319,CUST_00347,REST_1012,RIDER_0002,2026-08-29 03:52:37,Delivered,2,1385.31,50,110.25,1445.56,Zomato Wallet,3,1
ORD_0001320,CUST_00351,REST_1048,RIDER_0058,2026-09-16 18:16:32,Delivered,1,453.5,0,72.3,525.8,Cash on Delivery,18,0
ORD_0001321,CUST_00184,REST_1034,RIDER_0118,2026-08-25 16:40:42,Delivered,5,1102.17,0,25.0,1127.17,Cash on Delivery,16,0
ORD_0001322,CUST_00180,REST_1068,RIDER_0075,2026-09-02 06:29:58,Delivered,6,4886.71,0,106.35,4993.06,UPI,6,0
ORD_0001323,CUST_00462,REST_1049,RIDER_0089,2026-09-03 18:03:08,Delivered,5,1122.6,20,40.88,1143.48,Credit Card,18,0
ORD_0001324,CUST_00198,REST_1013,RIDER_0036,2026-08-08 11:29:05,Delivered,6,1645.13,246.77,77.1,1475.46,UPI,11,1
ORD_0001325,CUST_00270,REST_1011,RIDER_0131,2026-09-11 23:10:33,Delivered,2,1562.2,234.33,48.98,1376.85,Cash on Delivery,23,0
ORD_0001326,CUST_00487,REST_1006,RIDER_0112,2026-09-17 00:20:10,Delivered,5,2182.33,0,105.0,2287.33,Zomato Wallet,0,0
ORD_0001327,CUST_00226,REST_1042,RIDER_0026,2026-08-16 20:45:06,Delivered,3,2282.5,0,106.12,2388.62,Zomato Wallet,20,1
ORD_0001328,CUST_00206,REST_1059,RIDER_0094,2026-08-04 12:42:52,Delivered,3,1034.45,20,96.6,1111.05,Net Banking,12,0
ORD_0001329,CUST_00095,REST_1100,RIDER_0017,2026-08-10 17:50:53,Delivered,6,3847.5,577.12,82.28,3352.66,Net Banking,17,0
ORD_0001330,CUST_00191,REST_1048,RIDER_0022,2026-08-03 17:55:33,Delivered,6,3676.53,551.48,0.0,3125.05,Net Banking,17,0
ORD_0001331,CUST_00200,REST_1065,RIDER_0017,2026-09-12 22:06:09,Delivered,5,1653.03,50,30.83,1633.86,UPI,22,1
ORD_0001332,CUST_00127,REST_1070,RIDER_0146,2026-08-07 09:01:50,Delivered,1,109.94,16.49,89.25,182.7,Zomato Wallet,9,0
ORD_0001333,CUST_00001,REST_1076,RIDER_0075,2026-09-02 15:54:11,Refunded,1,564.14,0,95.77,659.91,Zomato Wallet,15,0
ORD_0001334,CUST_00414,REST_1085,RIDER_0063,2026-09-23 11:02:06,Delivered,3,1197.26,0,59.4,1256.66,Cash on Delivery,11,0
ORD_0001335,CUST_00390,REST_1074,RIDER_0013,2026-08-23 03:02:21,Delivered,4,1871.48,20,75.15,1926.63,Cash on Delivery,3,1
ORD_0001336,CUST_00075,REST_1042,RIDER_0109,2026-09-21 15:19:34,Delivered,4,2516.04,377.41,0.0,2138.63,Debit Card,15,0
ORD_0001337,CUST_00052,REST_1059,RIDER_0041,2026-08-14 12:01:16,Delivered,6,2155.93,323.39,25.0,1857.54,Zomato Wallet,12,0
ORD_0001338,CUST_00063,REST_1062,RIDER_0057,2026-09-09 08:52:06,Delivered,6,4509.32,0,94.8,4604.12,Cash on Delivery,8,0
ORD_0001339,CUST_00332,REST_1084,RIDER_0110,2026-09-15 20:32:22,Delivered,4,578.33,20,27.75,586.08,Credit Card,20,0
ORD_0001340,CUST_00054,REST_1038,RIDER_0056,2026-09-13 14:05:43,Delivered,1,606.66,91.0,25.0,540.66,Debit Card,14,1
ORD_0001341,CUST_00479,REST_1068,RIDER_0108,2026-09-27 20:00:04,Delivered,1,899.98,20,57.23,937.21,UPI,20,1
ORD_0001342,CUST_00346,REST_1077,RIDER_0129,2026-09-09 08:43:24,Delivered,6,5945.69,20,85.5,6011.19,Net Banking,8,0
ORD_0001343,CUST_00482,REST_1015,RIDER_0096,2026-09-04 07:58:49,Delivered,1,861.23,0,59.4,920.63,Zomato Wallet,7,0
ORD_0001344,CUST_00390,REST_1059,RIDER_0098,2026-08-06 17:29:31,Delivered,6,2184.86,20,39.82,2204.68,UPI,17,0
ORD_0001345,CUST_00090,REST_1023,RIDER_0096,2026-08-18 01:28:20,Delivered,3,563.76,84.56,39.15,518.35,Net Banking,1,0
ORD_0001346,CUST_00304,REST_1085,RIDER_0124,2026-08-02 03:58:25,Delivered,5,1417.4,212.61,31.05,1235.84,Zomato Wallet,3,1
ORD_0001347,CUST_00296,REST_1018,RIDER_0038,2026-09-26 16:51:27,Delivered,3,761.19,50,25.0,736.19,Credit Card,16,1
ORD_0001348,CUST_00042,REST_1087,RIDER_0116,2026-08-16 13:59:02,Delivered,5,1703.49,50,25.0,1678.49,Net Banking,13,1
ORD_0001349,CUST_00435,REST_1072,RIDER_0086,2026-09-12 13:26:46,Delivered,5,629.47,94.42,62.62,597.67,UPI,13,1
ORD_0001350,CUST_00252,REST_1023,RIDER_0029,2026-08-27 03:33:14,Delivered,1,195.29,29.29,64.73,230.73,UPI,3,0
ORD_0001351,CUST_00457,REST_1008,RIDER_0111,2026-08-07 12:25:02,Delivered,4,3520.26,0,59.25,3579.51,Net Banking,12,0
ORD_0001352,CUST_00188,REST_1073,RIDER_0115,2026-08-17 07:51:19,Delivered,2,1510.4,50,84.97,1545.37,UPI,7,0
ORD_0001353,CUST_00457,REST_1036,RIDER_0135,2026-09-26 07:48:45,Delivered,2,1225.8,0,75.15,1300.95,Net Banking,7,1
ORD_0001354,CUST_00179,REST_1035,RIDER_0044,2026-08-11 04:50:48,Delivered,2,1181.51,50,48.68,1180.19,Debit Card,4,0
ORD_0001355,CUST_00159,REST_1090,RIDER_0015,2026-08-23 14:32:01,Delivered,6,1365.82,0,57.6,1423.42,Cash on Delivery,14,1
ORD_0001356,CUST_00426,REST_1023,RIDER_0040,2026-09-15 19:48:31,Delivered,3,653.16,97.97,0.0,555.19,UPI,19,0
ORD_0001357,CUST_00140,REST_1010,RIDER_0048,2026-08-31 08:56:38,Delivered,4,2068.23,0,65.85,2134.08,Credit Card,8,0
ORD_0001358,CUST_00208,REST_1005,RIDER_0032,2026-09-21 16:01:01,Delivered,6,2281.19,20,49.28,2310.47,UPI,16,0
ORD_0001359,CUST_00005,REST_1079,RIDER_0103,2026-09-19 15:49:15,Delivered,5,1696.08,254.41,76.5,1518.17,Debit Card,15,1
ORD_0001360,CUST_00017,REST_1038,RIDER_0028,2026-09-13 19:02:44,Delivered,1,545.56,50,58.27,553.83,Credit Card,19,1
ORD_0001361,CUST_00232,REST_1015,RIDER_0123,2026-08-13 06:10:03,Delivered,2,2250.97,50,25.0,2225.97,Debit Card,6,0
ORD_0001362,CUST_00211,REST_1048,RIDER_0048,2026-08-22 19:55:45,Delivered,3,1521.17,0,53.25,1574.42,Cash on Delivery,19,1
ORD_0001363,CUST_00139,REST_1026,RIDER_0008,2026-08-15 07:41:55,Delivered,6,3097.5,464.62,79.73,2712.61,Zomato Wallet,7,1
ORD_0001364,CUST_00219,REST_1006,RIDER_0087,2026-09-09 11:38:49,Delivered,3,1074.87,161.23,0.0,913.64,Zomato Wallet,11,0
ORD_0001365,CUST_00160,REST_1033,RIDER_0077,2026-08-31 13:52:34,Delivered,1,428.15,0,110.03,538.18,Debit Card,13,0
ORD_0001366,CUST_00093,REST_1093,RIDER_0148,2026-09-26 16:19:44,Delivered,4,4032.12,50,110.03,4092.15,Net Banking,16,1
ORD_0001367,CUST_00397,REST_1022,RIDER_0146,2026-09-02 17:34:25,Delivered,2,401.77,0,32.85,434.62,Credit Card,17,0
ORD_0001368,CUST_00157,REST_1021,RIDER_0072,2026-08-14 11:47:09,Delivered,4,397.83,20,39.0,416.83,Cash on Delivery,11,0
ORD_0001369,CUST_00488,REST_1042,RIDER_0066,2026-08-20 07:20:29,Delivered,5,3669.32,20,57.23,3706.55,Credit Card,7,0
ORD_0001370,CUST_00484,REST_1080,RIDER_0035,2026-09-22 21:06:33,Delivered,5,706.87,0,42.6,749.47,Cash on Delivery,21,0
ORD_0001371,CUST_00480,REST_1077,RIDER_0096,2026-09-28 03:37:21,Delivered,5,6252.47,937.87,36.75,5351.35,Debit Card,3,0
ORD_0001372,CUST_00169,REST_1009,RIDER_0067,2026-09-13 12:03:56,Delivered,5,4785.61,717.84,0.0,4067.77,Cash on Delivery,12,1
ORD_0001373,CUST_00109,REST_1028,RIDER_0073,2026-09-28 07:40:54,Delivered,4,1699.68,50,74.78,1724.46,Zomato Wallet,7,0
ORD_0001374,CUST_00329,REST_1015,RIDER_0111,2026-09-25 18:26:53,Delivered,2,2418.26,362.74,25.0,2080.52,Zomato Wallet,18,0
ORD_0001375,CUST_00230,REST_1011,RIDER_0087,2026-09-07 02:55:55,Delivered,4,5156.1,773.42,57.98,4440.66,Net Banking,2,0
ORD_0001376,CUST_00150,REST_1057,RIDER_0145,2026-08-17 14:07:54,Delivered,4,1382.84,207.43,0.0,1175.41,Debit Card,14,0
ORD_0001377,CUST_00210,REST_1090,RIDER_0148,2026-08-22 07:26:03,Delivered,4,736.05,50,58.42,744.47,Credit Card,7,1
ORD_0001378,CUST_00411,REST_1083,RIDER_0032,2026-08-29 05:39:37,Delivered,2,2132.81,50,106.8,2189.61,Net Banking,5,1
ORD_0001379,CUST_00387,REST_1070,RIDER_0078,2026-09-18 23:09:01,Delivered,6,677.7,50,110.25,737.95,Zomato Wallet,23,0
ORD_0001380,CUST_00166,REST_1073,RIDER_0057,2026-08-01 21:12:40,Delivered,5,3956.21,50,82.42,3988.63,Cash on Delivery,21,1
ORD_0001381,CUST_00001,REST_1058,RIDER_0129,2026-09-04 20:36:11,Delivered,2,804.28,20,25.0,809.28,Credit Card,20,0
ORD_0001382,CUST_00111,REST_1046,RIDER_0078,2026-08-27 08:26:46,Delivered,6,5084.95,0,30.53,5115.48,UPI,8,0
ORD_0001383,CUST_00078,REST_1044,RIDER_0057,2026-09-05 01:03:15,Delivered,1,914.36,137.15,53.85,831.06,Debit Card,1,1
ORD_0001384,CUST_00454,REST_1041,RIDER_0045,2026-09-09 04:32:07,Delivered,1,1050.19,157.53,0.0,892.66,Cash on Delivery,4,0
ORD_0001385,CUST_00310,REST_1084,RIDER_0127,2026-08-25 18:28:52,Delivered,5,660.27,0,88.95,749.22,Credit Card,18,0
ORD_0001386,CUST_00236,REST_1046,RIDER_0008,2026-08-23 08:22:01,Delivered,2,1138.02,170.7,57.6,1024.92,Net Banking,8,1
ORD_0001387,CUST_00042,REST_1060,RIDER_0114,2026-09-03 02:19:51,Delivered,5,911.37,0,29.4,940.77,UPI,2,0
ORD_0001388,CUST_00143,REST_1024,RIDER_0105,2026-09-05 05:17:16,Delivered,3,1109.81,20,49.65,1139.46,Net Banking,5,1
ORD_0001389,CUST_00176,REST_1034,RIDER_0052,2026-08-12 16:17:56,Delivered,1,207.53,0,105.0,312.53,Cash on Delivery,16,0
ORD_0001390,CUST_00036,REST_1005,RIDER_0063,2026-08-29 21:58:36,Delivered,6,2273.65,50,68.62,2292.27,Zomato Wallet,21,1
ORD_0001391,CUST_00161,REST_1003,RIDER_0023,2026-09-22 05:06:33,Delivered,1,213.99,20,25.0,218.99,Net Banking,5,0
ORD_0001392,CUST_00262,REST_1075,RIDER_0131,2026-09-16 07:32:00,Delivered,6,5420.4,813.06,77.25,4684.59,Cash on Delivery,7,0
ORD_0001393,CUST_00363,REST_1007,RIDER_0096,2026-08-12 23:22:03,Delivered,2,1260.83,50,46.65,1257.48,Zomato Wallet,23,0
ORD_0001394,CUST_00466,REST_1049,RIDER_0005,2026-08-30 16:20:25,Delivered,2,293.42,44.01,37.35,286.76,UPI,16,1
ORD_0001395,CUST_00017,REST_1059,RIDER_0125,2026-08-29 21:39:30,Delivered,2,747.52,20,54.98,782.5,Credit Card,21,1
ORD_0001396,CUST_00053,REST_1015,RIDER_0043,2026-08-21 23:31:15,Delivered,6,6870.46,1030.57,0.0,5839.89,Net Banking,23,0
ORD_0001397,CUST_00474,REST_1072,RIDER_0123,2026-08-29 09:48:59,Delivered,5,554.34,83.15,25.0,496.19,Net Banking,9,1
ORD_0001398,CUST_00274,REST_1003,RIDER_0090,2026-08-20 10:29:17,Delivered,1,236.12,35.42,0.0,200.7,Debit Card,10,0
ORD_0001399,CUST_00414,REST_1005,RIDER_0148,2026-09-19 18:36:45,Delivered,3,924.53,50,39.98,914.51,UPI,18,1
ORD_0001400,CUST_00177,REST_1027,RIDER_0056,2026-09-21 06:46:56,Delivered,5,1305.24,195.79,0.0,1109.45,UPI,6,0
ORD_0001401,CUST_00101,REST_1031,RIDER_0067,2026-09-06 10:35:55,Delivered,3,740.34,50,28.27,718.61,UPI,10,1
ORD_0001402,CUST_00377,REST_1020,RIDER_0045,2026-08-06 04:35:54,Delivered,3,2548.47,0,61.5,2609.97,UPI,4,0
ORD_0001403,CUST_00435,REST_1014,RIDER_0017,2026-08-31 04:24:55,Delivered,1,286.71,43.01,31.8,275.5,Zomato Wallet,4,0
ORD_0001404,CUST_00315,REST_1082,RIDER_0078,2026-08-30 10:05:13,Delivered,3,323.54,48.53,0.0,275.01,UPI,10,1
ORD_0001405,CUST_00380,REST_1027,RIDER_0026,2026-08-13 18:27:21,Cancelled,5,2027.69,0,50.48,2078.17,Zomato Wallet,18,0
ORD_0001406,CUST_00384,REST_1070,RIDER_0098,2026-09-28 20:07:19,Delivered,5,636.39,0,25.0,661.39,Credit Card,20,0
ORD_0001407,CUST_00064,REST_1074,RIDER_0138,2026-08-13 18:32:26,Delivered,4,1413.45,212.02,0.0,1201.43,Cash on Delivery,18,0
ORD_0001408,CUST_00196,REST_1033,RIDER_0008,2026-09-20 09:54:25,Delivered,1,423.34,63.5,28.73,388.57,Credit Card,9,1
ORD_0001409,CUST_00325,REST_1069,RIDER_0127,2026-08-12 14:50:13,Delivered,6,3353.94,503.09,86.55,2937.4,Cash on Delivery,14,0
ORD_0001410,CUST_00413,REST_1036,RIDER_0143,2026-09-14 00:07:17,Delivered,6,3980.52,20,104.78,4065.3,Cash on Delivery,0,0
ORD_0001411,CUST_00412,REST_1015,RIDER_0038,2026-09-19 03:27:08,Delivered,1,1000.18,20,49.73,1029.91,Net Banking,3,1
ORD_0001412,CUST_00022,REST_1090,RIDER_0149,2026-08-02 07:20:38,Delivered,4,896.07,50,35.25,881.32,UPI,7,1
ORD_0001413,CUST_00413,REST_1026,RIDER_0057,2026-09-19 00:41:27,Delivered,5,2276.37,0,66.0,2342.37,Net Banking,0,1
ORD_0001414,CUST_00027,REST_1078,RIDER_0033,2026-08-13 10:45:00,Delivered,2,391.2,0,95.03,486.23,Net Banking,10,0
ORD_0001415,CUST_00142,REST_1076,RIDER_0021,2026-09-25 02:32:48,Delivered,5,3973.73,20,71.78,4025.51,Cash on Delivery,2,0
ORD_0001416,CUST_00038,REST_1091,RIDER_0032,2026-08-25 06:00:48,Delivered,2,1568.64,235.3,55.88,1389.22,UPI,6,0
ORD_0001417,CUST_00210,REST_1051,RIDER_0056,2026-08-05 12:14:36,Delivered,5,674.73,20,92.62,747.35,Cash on Delivery,12,0
ORD_0001418,CUST_00212,REST_1053,RIDER_0098,2026-08-14 12:50:33,Delivered,2,454.53,0,69.45,523.98,Credit Card,12,0
ORD_0001419,CUST_00462,REST_1008,RIDER_0029,2026-09-20 04:55:48,Delivered,3,3434.49,20,31.27,3445.76,Net Banking,4,1
ORD_0001420,CUST_00258,REST_1008,RIDER_0103,2026-08-27 02:06:54,Delivered,3,3681.07,20,42.08,3703.15,UPI,2,0
ORD_0001421,CUST_00166,REST_1073,RIDER_0085,2026-09-27 06:28:06,Delivered,6,3514.49,50,73.12,3537.61,Cash on Delivery,6,1
ORD_0001422,CUST_00455,REST_1038,RIDER_0110,2026-09-12 03:06:28,Delivered,4,2189.28,328.39,42.0,1902.89,Debit Card,3,1
ORD_0001423,CUST_00183,REST_1066,RIDER_0019,2026-09-03 19:42:35,Delivered,6,4646.19,0,88.42,4734.61,Credit Card,19,0
ORD_0001424,CUST_00259,REST_1034,RIDER_0016,2026-08-10 17:59:01,Delivered,4,1026.1,153.91,0.0,872.19,Debit Card,17,0
ORD_0001425,CUST_00157,REST_1022,RIDER_0123,2026-09-06 02:11:20,Delivered,6,1364.55,0,50.85,1415.4,Credit Card,2,1
ORD_0001426,CUST_00430,REST_1066,RIDER_0057,2026-09-11 15:09:21,Delivered,4,3309.52,20,85.27,3374.79,Debit Card,15,0
ORD_0001427,CUST_00009,REST_1073,RIDER_0063,2026-09-25 22:00:35,Delivered,4,3252.79,0,25.0,3277.79,UPI,22,0
ORD_0001428,CUST_00384,REST_1035,RIDER_0102,2026-08-29 01:34:56,Delivered,3,2170.52,50,72.67,2193.19,Zomato Wallet,1,1
ORD_0001429,CUST_00044,REST_1068,RIDER_0083,2026-08-21 03:53:45,Delivered,2,1964.91,294.74,65.85,1736.02,Credit Card,3,0
ORD_0001430,CUST_00190,REST_1040,RIDER_0123,2026-09-18 18:06:30,Delivered,1,1227.15,184.07,0.0,1043.08,UPI,18,0
ORD_0001431,CUST_00458,REST_1092,RIDER_0146,2026-08-09 18:12:37,Delivered,1,1206.41,50,70.95,1227.36,Debit Card,18,1
ORD_0001432,CUST_00267,REST_1042,RIDER_0133,2026-09-01 16:48:14,Delivered,3,2378.82,356.82,76.65,2098.65,UPI,16,0
ORD_0001433,CUST_00156,REST_1057,RIDER_0054,2026-08-29 17:54:18,Refunded,2,822.76,50,31.73,804.49,Cash on Delivery,17,1
ORD_0001434,CUST_00440,REST_1024,RIDER_0125,2026-09-08 08:35:11,Delivered,5,2096.79,314.52,105.53,1887.8,UPI,8,0
ORD_0001435,CUST_00057,REST_1023,RIDER_0086,2026-08-24 12:52:35,Delivered,6,997.45,149.62,56.18,904.01,Credit Card,12,0
ORD_0001436,CUST_00206,REST_1055,RIDER_0027,2026-08-21 17:16:39,Delivered,5,3457.6,50,43.95,3451.55,Credit Card,17,0
ORD_0001437,CUST_00161,REST_1016,RIDER_0061,2026-08-14 01:55:54,Delivered,3,565.8,50,63.75,579.55,Net Banking,1,0
ORD_0001438,CUST_00257,REST_1032,RIDER_0105,2026-09-08 02:50:47,Delivered,6,569.08,0,25.0,594.08,Credit Card,2,0
ORD_0001439,CUST_00001,REST_1058,RIDER_0005,2026-09-14 04:37:36,Delivered,4,1862.5,20,25.0,1867.5,Zomato Wallet,4,0
ORD_0001440,CUST_00366,REST_1030,RIDER_0147,2026-09-02 01:25:45,Delivered,4,574.83,86.22,0.0,488.61,Credit Card,1,0
ORD_0001441,CUST_00199,REST_1011,RIDER_0005,2026-08-07 14:25:47,Delivered,4,4092.03,50,55.95,4097.98,UPI,14,0
ORD_0001442,CUST_00222,REST_1038,RIDER_0136,2026-08-30 09:28:43,Delivered,3,1780.47,267.07,41.02,1554.42,Zomato Wallet,9,1
ORD_0001443,CUST_00406,REST_1094,RIDER_0114,2026-09-08 01:20:14,Delivered,3,1104.2,50,78.08,1132.28,Net Banking,1,0
ORD_0001444,CUST_00139,REST_1017,RIDER_0055,2026-08-22 10:07:55,Delivered,2,1157.7,173.66,90.67,1074.71,Debit Card,10,1
ORD_0001445,CUST_00222,REST_1074,RIDER_0058,2026-08-30 11:55:08,Delivered,5,2658.67,398.8,57.98,2317.85,Zomato Wallet,11,1
ORD_0001446,CUST_00412,REST_1073,RIDER_0112,2026-09-04 11:00:43,Delivered,3,1897.77,50,66.22,1913.99,Zomato Wallet,11,0
ORD_0001447,CUST_00303,REST_1043,RIDER_0018,2026-08-13 18:45:43,Delivered,2,2592.61,0,99.38,2691.99,Zomato Wallet,18,0
ORD_0001448,CUST_00166,REST_1038,RIDER_0097,2026-08-08 01:33:25,Delivered,2,1345.74,50,103.2,1398.94,Net Banking,1,1
ORD_0001449,CUST_00389,REST_1061,RIDER_0116,2026-08-25 16:28:37,Delivered,3,3835.48,0,73.2,3908.68,Zomato Wallet,16,0
ORD_0001450,CUST_00436,REST_1061,RIDER_0022,2026-08-20 19:19:25,Delivered,1,883.34,50,48.0,881.34,UPI,19,0
ORD_0001451,CUST_00111,REST_1063,RIDER_0110,2026-09-18 20:25:16,Delivered,2,195.73,0,39.67,235.4,Cash on Delivery,20,0
ORD_0001452,CUST_00461,REST_1013,RIDER_0029,2026-08-17 23:10:39,Delivered,4,1594.91,20,54.15,1629.06,Net Banking,23,0
ORD_0001453,CUST_00024,REST_1015,RIDER_0108,2026-09-15 22:55:46,Delivered,4,4519.25,50,53.4,4522.65,Zomato Wallet,22,0
ORD_0001454,CUST_00491,REST_1020,RIDER_0128,2026-08-14 08:15:24,Delivered,3,1803.57,270.54,0.0,1533.03,Cash on Delivery,8,0
ORD_0001455,CUST_00433,REST_1058,RIDER_0085,2026-09-07 22:32:40,Delivered,6,2906.19,50,35.18,2891.37,Net Banking,22,0
ORD_0001456,CUST_00129,REST_1092,RIDER_0009,2026-09-23 20:35:06,Delivered,6,7913.56,50,82.35,7945.91,Net Banking,20,0
ORD_0001457,CUST_00064,REST_1031,RIDER_0096,2026-09-23 06:49:19,Delivered,2,379.47,56.92,0.0,322.55,Credit Card,6,0
ORD_0001458,CUST_00400,REST_1053,RIDER_0044,2026-09-08 00:41:46,Delivered,1,195.04,50,90.15,235.19,Debit Card,0,0
ORD_0001459,CUST_00073,REST_1048,RIDER_0051,2026-09-04 18:42:03,Delivered,3,1663.77,249.57,64.65,1478.85,Debit Card,18,0
ORD_0001460,CUST_00246,REST_1059,RIDER_0087,2026-08-24 16:16:43,Delivered,2,960.48,20,47.48,987.96,UPI,16,0
ORD_0001461,CUST_00293,REST_1030,RIDER_0095,2026-09-18 20:58:17,Delivered,5,926.9,20,106.05,1012.95,UPI,20,0
ORD_0001462,CUST_00359,REST_1001,RIDER_0050,2026-08-03 05:09:53,Delivered,2,413.41,50,44.25,407.66,Debit Card,5,0
ORD_0001463,CUST_00390,REST_1066,RIDER_0054,2026-08-23 06:08:02,Refunded,6,6057.42,0,54.75,6112.17,Credit Card,6,1
ORD_0001464,CUST_00159,REST_1030,RIDER_0117,2026-08-22 16:24:33,Delivered,2,332.84,20,94.95,407.79,Zomato Wallet,16,1
ORD_0001465,CUST_00171,REST_1099,RIDER_0068,2026-09-02 01:59:20,Delivered,4,2550.43,0,25.0,2575.43,Cash on Delivery,1,0
ORD_0001466,CUST_00433,REST_1058,RIDER_0042,2026-09-16 00:02:55,Delivered,5,2382.88,20,25.0,2387.88,Net Banking,0,0
ORD_0001467,CUST_00054,REST_1032,RIDER_0014,2026-09-16 01:08:22,Delivered,3,349.0,52.35,106.28,402.93,Net Banking,1,0
ORD_0001468,CUST_00152,REST_1077,RIDER_0087,2026-08-26 02:23:49,Delivered,3,3888.45,583.27,105.22,3410.4,Debit Card,2,0
ORD_0001469,CUST_00006,REST_1078,RIDER_0098,2026-09-26 08:10:28,Delivered,4,872.72,130.91,83.32,825.13,Cash on Delivery,8,1
ORD_0001470,CUST_00227,REST_1083,RIDER_0117,2026-09-11 16:05:10,Delivered,4,3397.49,0,69.83,3467.32,Cash on Delivery,16,0
ORD_0001471,CUST_00344,REST_1006,RIDER_0015,2026-09-11 13:13:29,Delivered,4,1745.68,50,86.47,1782.15,Debit Card,13,0
ORD_0001472,CUST_00404,REST_1026,RIDER_0056,2026-09-28 22:16:23,Delivered,6,3090.96,20,69.15,3140.11,Debit Card,22,0
ORD_0001473,CUST_00349,REST_1015,RIDER_0103,2026-09-28 11:03:49,Delivered,1,845.1,20,44.1,869.2,Zomato Wallet,11,0
ORD_0001474,CUST_00017,REST_1074,RIDER_0068,2026-08-24 16:28:55,Delivered,3,1110.65,0,63.15,1173.8,Zomato Wallet,16,0
ORD_0001475,CUST_00410,REST_1081,RIDER_0003,2026-08-24 21:24:51,Delivered,4,864.05,20,26.03,870.08,Debit Card,21,0
ORD_0001476,CUST_00441,REST_1075,RIDER_0141,2026-09-20 12:08:03,Delivered,6,4776.22,716.43,0.0,4059.79,UPI,12,1
ORD_0001477,CUST_00462,REST_1017,RIDER_0084,2026-09-23 10:23:08,Delivered,5,3848.97,20,49.95,3878.92,Cash on Delivery,10,0
ORD_0001478,CUST_00424,REST_1010,RIDER_0065,2026-08-15 08:04:47,Delivered,4,2084.14,50,91.2,2125.34,Debit Card,8,1
ORD_0001479,CUST_00390,REST_1038,RIDER_0139,2026-09-23 02:17:20,Delivered,6,2662.72,0,60.67,2723.39,Credit Card,2,0
ORD_0001480,CUST_00336,REST_1004,RIDER_0022,2026-09-16 12:44:50,Delivered,5,768.74,50,45.83,764.57,Debit Card,12,0
ORD_0001481,CUST_00068,REST_1083,RIDER_0082,2026-08-01 18:47:26,Delivered,2,2494.49,20,88.58,2563.07,Cash on Delivery,18,1
ORD_0001482,CUST_00175,REST_1060,RIDER_0139,2026-08-18 08:37:37,Delivered,2,522.2,78.33,29.55,473.42,Cash on Delivery,8,0
ORD_0001483,CUST_00006,REST_1078,RIDER_0013,2026-08-08 13:56:40,Delivered,6,1158.91,173.84,97.2,1082.27,UPI,13,1
ORD_0001484,CUST_00236,REST_1008,RIDER_0025,2026-09-04 11:32:11,Cancelled,4,4552.48,682.87,25.0,3894.61,Debit Card,11,0
ORD_0001485,CUST_00038,REST_1091,RIDER_0034,2026-08-04 12:45:58,Refunded,5,3699.93,554.99,25.0,3169.94,Cash on Delivery,12,0
ORD_0001486,CUST_00332,REST_1035,RIDER_0123,2026-09-25 21:21:26,Delivered,6,5540.53,20,43.73,5564.26,UPI,21,0
ORD_0001487,CUST_00109,REST_1098,RIDER_0114,2026-08-08 03:07:35,Delivered,1,239.49,20,37.8,257.29,Debit Card,3,1
ORD_0001488,CUST_00240,REST_1025,RIDER_0150,2026-09-09 01:12:03,Delivered,6,1102.57,20,25.12,1107.69,Net Banking,1,0
ORD_0001489,CUST_00121,REST_1075,RIDER_0119,2026-09-15 15:35:05,Delivered,5,4593.47,50,26.55,4570.02,Cash on Delivery,15,0
ORD_0001490,CUST_00193,REST_1069,RIDER_0122,2026-08-10 18:07:27,Delivered,6,3685.66,0,43.42,3729.08,Cash on Delivery,18,0
ORD_0001491,CUST_00329,REST_1059,RIDER_0033,2026-08-28 11:49:54,Delivered,1,409.26,61.39,57.0,404.87,Credit Card,11,0
ORD_0001492,CUST_00066,REST_1060,RIDER_0043,2026-09-08 09:59:23,Delivered,5,971.12,145.67,47.92,873.37,Net Banking,9,0
ORD_0001493,CUST_00119,REST_1002,RIDER_0022,2026-08-26 02:33:10,Delivered,6,567.62,20,103.12,650.74,Credit Card,2,0
ORD_0001494,CUST_00467,REST_1010,RIDER_0067,2026-09-16 17:58:33,Delivered,6,1978.8,296.82,0.0,1681.98,Cash on Delivery,17,0
ORD_0001495,CUST_00112,REST_1065,RIDER_0136,2026-08-26 12:57:45,Delivered,3,1058.64,158.8,0.0,899.84,Zomato Wallet,12,0
ORD_0001496,CUST_00245,REST_1031,RIDER_0091,2026-08-24 05:44:06,Delivered,6,1275.9,191.39,97.05,1181.56,Credit Card,5,0
ORD_0001497,CUST_00006,REST_1005,RIDER_0052,2026-08-13 22:51:40,Delivered,1,396.32,59.45,70.72,407.59,Debit Card,22,0
ORD_0001498,CUST_00163,REST_1055,RIDER_0014,2026-08-27 15:09:36,Delivered,6,5159.82,773.97,26.92,4412.77,Net Banking,15,0
ORD_0001499,CUST_00416,REST_1055,RIDER_0147,2026-08-21 20:30:01,Delivered,6,5226.89,784.03,72.45,4515.31,Credit Card,20,0
ORD_0001500,CUST_00353,REST_1039,RIDER_0045,2026-09-18 21:20:14,Delivered,5,749.3,0,56.85,806.15,Net Banking,21,0
ORD_0001501,CUST_00093,REST_1025,RIDER_0109,2026-08-30 03:56:41,Delivered,2,528.64,20,25.0,533.64,Credit Card,3,1
ORD_0001502,CUST_00205,REST_1024,RIDER_0033,2026-08-24 04:12:04,Delivered,3,1163.88,20,92.77,1236.65,Cash on Delivery,4,0
ORD_0001503,CUST_00137,REST_1086,RIDER_0014,2026-08-26 14:05:37,Delivered,5,3030.97,454.65,0.0,2576.32,Debit Card,14,0
ORD_0001504,CUST_00068,REST_1065,RIDER_0060,2026-09-18 15:03:48,Delivered,2,777.8,50,90.67,818.47,Debit Card,15,0
ORD_0001505,CUST_00179,REST_1037,RIDER_0080,2026-09-28 09:21:31,Delivered,3,2109.53,0,107.02,2216.55,Net Banking,9,0
ORD_0001506,CUST_00119,REST_1018,RIDER_0132,2026-08-12 19:23:30,Delivered,4,1073.89,0,109.05,1182.94,Cash on Delivery,19,0
ORD_0001507,CUST_00457,REST_1062,RIDER_0061,2026-08-30 17:15:55,Delivered,3,2408.54,50,25.0,2383.54,Debit Card,17,1
ORD_0001508,CUST_00216,REST_1080,RIDER_0115,2026-09-13 18:17:33,Delivered,5,450.64,67.6,0.0,383.04,UPI,18,1
ORD_0001509,CUST_00376,REST_1032,RIDER_0013,2026-08-21 01:39:41,Delivered,4,514.11,77.12,70.2,507.19,Credit Card,1,0
ORD_0001510,CUST_00059,REST_1075,RIDER_0131,2026-09-14 23:32:36,Delivered,4,3729.54,0,81.22,3810.76,Zomato Wallet,23,0
ORD_0001511,CUST_00389,REST_1082,RIDER_0138,2026-08-15 14:37:11,Delivered,6,764.37,50,47.77,762.14,Zomato Wallet,14,1
ORD_0001512,CUST_00149,REST_1063,RIDER_0040,2026-08-18 19:09:01,Cancelled,6,791.97,118.8,55.72,728.89,UPI,19,0
ORD_0001513,CUST_00394,REST_1040,RIDER_0114,2026-09-19 13:45:09,Delivered,5,4412.15,661.82,86.55,3836.88,UPI,13,1
ORD_0001514,CUST_00484,REST_1041,RIDER_0098,2026-09-20 04:43:37,Delivered,4,5045.07,0,61.58,5106.65,Debit Card,4,1
ORD_0001515,CUST_00180,REST_1068,RIDER_0103,2026-08-20 03:56:32,Delivered,2,1557.88,0,110.7,1668.58,Cash on Delivery,3,0
ORD_0001516,CUST_00178,REST_1075,RIDER_0085,2026-08-20 19:33:14,Delivered,2,1199.54,20,33.52,1213.06,Net Banking,19,0
ORD_0001517,CUST_00191,REST_1058,RIDER_0141,2026-09-15 16:40:49,Cancelled,3,1172.49,175.87,0.0,996.62,Debit Card,16,0
ORD_0001518,CUST_00152,REST_1091,RIDER_0009,2026-09-18 07:06:55,Delivered,2,1574.42,236.16,110.33,1448.59,Zomato Wallet,7,0
ORD_0001519,CUST_00267,REST_1077,RIDER_0123,2026-08-13 03:52:55,Cancelled,6,4816.15,722.42,40.58,4134.31,Debit Card,3,0
ORD_0001520,CUST_00115,REST_1053,RIDER_0041,2026-09-28 18:19:28,Delivered,3,451.91,67.79,0.0,384.12,Cash on Delivery,18,0
ORD_0001521,CUST_00212,REST_1053,RIDER_0070,2026-09-09 04:09:10,Delivered,2,309.05,0,85.95,395.0,Debit Card,4,0
ORD_0001522,CUST_00029,REST_1007,RIDER_0043,2026-08-12 09:55:00,Delivered,6,3362.58,504.39,34.5,2892.69,UPI,9,0
ORD_0001523,CUST_00423,REST_1046,RIDER_0027,2026-09-19 04:47:26,Delivered,1,843.86,126.58,0.0,717.28,Credit Card,4,1
ORD_0001524,CUST_00395,REST_1043,RIDER_0125,2026-09-28 16:16:54,Delivered,4,3940.0,591.0,25.0,3374.0,Cash on Delivery,16,0
ORD_0001525,CUST_00439,REST_1060,RIDER_0078,2026-08-29 10:56:45,Delivered,4,795.7,0,25.0,820.7,Net Banking,10,1
ORD_0001526,CUST_00116,REST_1006,RIDER_0029,2026-09-20 19:04:37,Delivered,3,1476.89,50,25.0,1451.89,Zomato Wallet,19,1
ORD_0001527,CUST_00004,REST_1056,RIDER_0022,2026-08-02 10:10:17,Delivered,5,1928.71,50,35.92,1914.63,Debit Card,10,1
ORD_0001528,CUST_00194,REST_1033,RIDER_0078,2026-09-16 05:59:53,Delivered,2,997.1,149.56,50.77,898.31,Credit Card,5,0
ORD_0001529,CUST_00265,REST_1013,RIDER_0029,2026-09-23 15:27:58,Delivered,6,1591.64,50,73.65,1615.29,Debit Card,15,0
ORD_0001530,CUST_00213,REST_1015,RIDER_0147,2026-08-26 17:36:24,Delivered,5,5111.62,0,89.85,5201.47,Credit Card,17,0
ORD_0001531,CUST_00140,REST_1061,RIDER_0122,2026-08-12 04:40:13,Delivered,3,2355.08,0,105.53,2460.61,Net Banking,4,0
ORD_0001532,CUST_00002,REST_1037,RIDER_0064,2026-09-28 02:52:36,Delivered,2,1772.66,20,25.0,1777.66,UPI,2,0
ORD_0001533,CUST_00219,REST_1083,RIDER_0090,2026-08-22 17:43:32,Delivered,1,814.67,122.2,0.0,692.47,Cash on Delivery,17,1
ORD_0001534,CUST_00171,REST_1059,RIDER_0105,2026-08-09 05:32:55,Delivered,3,1242.55,50,25.88,1218.43,Cash on Delivery,5,1
ORD_0001535,CUST_00261,REST_1055,RIDER_0133,2026-08-06 18:37:51,Delivered,4,2246.29,0,56.7,2302.99,Credit Card,18,0
ORD_0001536,CUST_00161,REST_1067,RIDER_0080,2026-09-26 20:43:25,Delivered,1,145.72,0,29.1,174.82,Cash on Delivery,20,1
ORD_0001537,CUST_00217,REST_1014,RIDER_0010,2026-08-27 00:55:37,Delivered,5,1139.3,20,71.85,1191.15,Credit Card,0,0
ORD_0001538,CUST_00266,REST_1059,RIDER_0145,2026-09-08 13:48:37,Delivered,1,423.01,63.45,109.5,469.06,Credit Card,13,0
ORD_0001539,CUST_00185,REST_1048,RIDER_0001,2026-08-05 10:09:35,Delivered,4,2541.16,50,40.72,2531.88,Zomato Wallet,10,0
ORD_0001540,CUST_00121,REST_1020,RIDER_0117,2026-08-21 01:26:39,Delivered,5,3790.62,50,107.1,3847.72,Credit Card,1,0
ORD_0001541,CUST_00416,REST_1073,RIDER_0135,2026-09-05 13:28:43,Delivered,4,3302.05,495.31,96.52,2903.26,UPI,13,1
ORD_0001542,CUST_00491,REST_1048,RIDER_0071,2026-09-25 00:25:26,Delivered,1,549.13,82.37,0.0,466.76,Cash on Delivery,0,0
ORD_0001543,CUST_00245,REST_1050,RIDER_0082,2026-09-13 22:47:10,Delivered,5,1006.18,150.93,70.95,926.2,Debit Card,22,1
ORD_0001544,CUST_00202,REST_1060,RIDER_0103,2026-08-20 07:11:57,Delivered,6,1782.89,50,92.62,1825.51,Net Banking,7,0
ORD_0001545,CUST_00129,REST_1021,RIDER_0122,2026-08-09 15:53:00,Delivered,6,545.54,0,82.88,628.42,Credit Card,15,1
ORD_0001546,CUST_00028,REST_1004,RIDER_0013,2026-08-07 19:57:18,Delivered,3,547.24,20,88.95,616.19,Cash on Delivery,19,0
ORD_0001547,CUST_00288,REST_1057,RIDER_0065,2026-09-18 23:24:05,Delivered,2,675.8,20,25.0,680.8,Net Banking,23,0
ORD_0001548,CUST_00320,REST_1024,RIDER_0144,2026-09-08 08:30:07,Delivered,3,1302.23,195.33,57.75,1164.65,Net Banking,8,0
ORD_0001549,CUST_00126,REST_1078,RIDER_0093,2026-08-30 19:45:08,Delivered,2,284.2,0,82.95,367.15,Cash on Delivery,19,1
ORD_0001550,CUST_00204,REST_1060,RIDER_0032,2026-09-15 17:09:34,Delivered,2,397.4,20,48.22,425.62,Zomato Wallet,17,0
ORD_0001551,CUST_00312,REST_1037,RIDER_0109,2026-09-18 05:51:43,Delivered,2,1237.87,185.68,28.27,1080.46,Zomato Wallet,5,0
ORD_0001552,CUST_00176,REST_1026,RIDER_0137,2026-08-14 12:41:30,Delivered,4,2059.26,0,99.3,2158.56,Debit Card,12,0
ORD_0001553,CUST_00320,REST_1066,RIDER_0043,2026-08-18 03:38:32,Delivered,2,2421.58,363.24,40.95,2099.29,Net Banking,3,0
ORD_0001554,CUST_00374,REST_1089,RIDER_0112,2026-09-18 07:09:00,Delivered,2,506.22,75.93,25.0,455.29,Cash on Delivery,7,0
ORD_0001555,CUST_00013,REST_1065,RIDER_0144,2026-09-17 13:24:33,Delivered,6,2425.34,50,57.83,2433.17,Net Banking,13,0
ORD_0001556,CUST_00476,REST_1100,RIDER_0014,2026-08-16 17:13:35,Delivered,4,3765.95,20,103.05,3849.0,Net Banking,17,1
ORD_0001557,CUST_00372,REST_1004,RIDER_0056,2026-08-14 04:41:50,Delivered,5,983.89,147.58,28.43,864.74,Credit Card,4,0
ORD_0001558,CUST_00497,REST_1098,RIDER_0147,2026-08-19 00:45:57,Delivered,1,196.43,29.46,70.35,237.32,Credit Card,0,0
ORD_0001559,CUST_00033,REST_1099,RIDER_0056,2026-09-07 01:21:29,Delivered,4,2715.41,0,107.25,2822.66,Debit Card,1,0
ORD_0001560,CUST_00150,REST_1022,RIDER_0053,2026-08-20 05:43:38,Delivered,6,1408.64,211.3,0.0,1197.34,Cash on Delivery,5,0
ORD_0001561,CUST_00322,REST_1046,RIDER_0144,2026-08-13 13:41:38,Delivered,6,4612.09,691.81,0.0,3920.28,Credit Card,13,0
ORD_0001562,CUST_00118,REST_1090,RIDER_0110,2026-09-03 07:56:44,Delivered,1,183.01,27.45,0.0,155.56,UPI,7,0
ORD_0001563,CUST_00071,REST_1082,RIDER_0121,2026-08-24 15:29:37,Delivered,6,673.33,0,93.6,766.93,Zomato Wallet,15,0
ORD_0001564,CUST_00181,REST_1065,RIDER_0024,2026-08-01 22:28:01,Delivered,6,2034.65,20,25.0,2039.65,Credit Card,22,1
ORD_0001565,CUST_00089,REST_1035,RIDER_0013,2026-08-01 07:02:34,Delivered,2,1122.26,0,30.38,1152.64,Zomato Wallet,7,1
ORD_0001566,CUST_00234,REST_1030,RIDER_0053,2026-09-24 19:19:04,Delivered,5,755.93,20,25.0,760.93,Credit Card,19,0
ORD_0001567,CUST_00429,REST_1087,RIDER_0121,2026-08-29 17:02:44,Delivered,1,413.08,61.96,25.0,376.12,Net Banking,17,1
ORD_0001568,CUST_00404,REST_1053,RIDER_0142,2026-08-02 17:04:25,Delivered,4,892.05,0,25.0,917.05,Cash on Delivery,17,1
ORD_0001569,CUST_00163,REST_1015,RIDER_0105,2026-09-28 18:45:27,Delivered,3,2924.59,438.69,67.42,2553.32,Zomato Wallet,18,0
ORD_0001570,CUST_00167,REST_1077,RIDER_0141,2026-08-18 19:02:11,Delivered,6,4808.98,50,109.35,4868.33,Debit Card,19,0
ORD_0001571,CUST_00208,REST_1027,RIDER_0088,2026-08-19 07:33:04,Delivered,5,1825.1,0,69.75,1894.85,Zomato Wallet,7,0
ORD_0001572,CUST_00276,REST_1027,RIDER_0103,2026-08-03 23:09:01,Delivered,1,289.58,20,31.57,301.15,Cash on Delivery,23,0
ORD_0001573,CUST_00260,REST_1004,RIDER_0121,2026-08-11 11:24:11,Delivered,2,353.6,50,94.35,397.95,Zomato Wallet,11,0
ORD_0001574,CUST_00339,REST_1054,RIDER_0047,2026-08-04 10:22:43,Delivered,5,5519.98,828.0,42.23,4734.21,UPI,10,0
ORD_0001575,CUST_00403,REST_1083,RIDER_0141,2026-08-21 17:51:27,Delivered,6,4963.46,744.52,25.0,4243.94,UPI,17,0
ORD_0001576,CUST_00457,REST_1054,RIDER_0136,2026-09-24 10:17:14,Delivered,2,1739.69,0,56.4,1796.09,Zomato Wallet,10,0
ORD_0001577,CUST_00398,REST_1056,RIDER_0016,2026-07-31 19:09:11,Delivered,5,1738.37,260.76,102.38,1579.99,UPI,19,0
ORD_0001578,CUST_00472,REST_1099,RIDER_0072,2026-09-06 22:48:01,Delivered,6,3382.5,50,101.03,3433.53,UPI,22,1
ORD_0001579,CUST_00476,REST_1053,RIDER_0101,2026-08-04 18:24:06,Delivered,3,684.75,0,102.07,786.82,Zomato Wallet,18,0
ORD_0001580,CUST_00484,REST_1064,RIDER_0132,2026-09-07 13:07:36,Delivered,5,933.71,50,61.27,944.98,Zomato Wallet,13,0
ORD_0001581,CUST_00292,REST_1008,RIDER_0002,2026-09-14 16:51:36,Delivered,3,3600.03,540.0,33.22,3093.25,Zomato Wallet,16,0
ORD_0001582,CUST_00338,REST_1055,RIDER_0080,2026-08-26 22:45:51,Delivered,6,4382.5,20,25.0,4387.5,Debit Card,22,0
ORD_0001583,CUST_00291,REST_1032,RIDER_0101,2026-08-03 01:17:00,Delivered,3,441.53,66.23,0.0,375.3,Cash on Delivery,1,0
ORD_0001584,CUST_00237,REST_1092,RIDER_0110,2026-09-04 08:57:14,Delivered,3,2997.46,50,60.67,3008.13,Net Banking,8,0
ORD_0001585,CUST_00422,REST_1036,RIDER_0079,2026-08-03 19:48:35,Delivered,4,2238.83,335.82,58.88,1961.89,Zomato Wallet,19,0
ORD_0001586,CUST_00099,REST_1030,RIDER_0007,2026-07-31 07:09:24,Delivered,6,1266.96,20,59.17,1306.13,Credit Card,7,0
ORD_0001587,CUST_00210,REST_1067,RIDER_0088,2026-08-12 15:44:41,Delivered,6,825.44,20,106.28,911.72,Net Banking,15,0
ORD_0001588,CUST_00146,REST_1096,RIDER_0040,2026-08-25 12:41:32,Delivered,4,1327.35,199.1,0.0,1128.25,Cash on Delivery,12,0
ORD_0001589,CUST_00364,REST_1068,RIDER_0081,2026-09-04 18:54:15,Delivered,3,2431.51,364.73,44.17,2110.95,Debit Card,18,0
ORD_0001590,CUST_00410,REST_1079,RIDER_0101,2026-08-10 20:04:49,Delivered,6,1624.85,50,87.15,1662.0,UPI,20,0
ORD_0001591,CUST_00167,REST_1008,RIDER_0113,2026-09-08 09:17:57,Delivered,1,970.57,20,25.0,975.57,Cash on Delivery,9,0
ORD_0001592,CUST_00128,REST_1004,RIDER_0066,2026-09-05 01:30:28,Delivered,4,644.9,20,46.73,671.63,Net Banking,1,1
ORD_0001593,CUST_00394,REST_1064,RIDER_0080,2026-08-21 01:17:05,Delivered,4,574.15,86.12,32.7,520.73,Zomato Wallet,1,0
ORD_0001594,CUST_00126,REST_1070,RIDER_0145,2026-09-05 15:36:30,Delivered,5,442.93,50,82.5,475.43,UPI,15,1
ORD_0001595,CUST_00192,REST_1066,RIDER_0006,2026-09-07 22:05:27,Delivered,3,3429.06,514.36,25.0,2939.7,UPI,22,0
ORD_0001596,CUST_00314,REST_1014,RIDER_0118,2026-09-11 10:00:22,Delivered,5,1280.66,50,70.12,1300.78,Zomato Wallet,10,0
ORD_0001597,CUST_00302,REST_1031,RIDER_0041,2026-09-25 03:52:59,Delivered,2,393.33,59.0,0.0,334.33,UPI,3,0
ORD_0001598,CUST_00065,REST_1033,RIDER_0131,2026-08-22 16:23:57,Delivered,3,1818.4,272.76,75.53,1621.17,Zomato Wallet,16,1
ORD_0001599,CUST_00456,REST_1076,RIDER_0043,2026-09-22 04:50:16,Delivered,1,943.99,0,104.25,1048.24,Cash on Delivery,4,0
ORD_0001600,CUST_00462,REST_1049,RIDER_0067,2026-09-09 10:18:58,Delivered,4,723.34,50,80.77,754.11,Zomato Wallet,10,0
ORD_0001601,CUST_00332,REST_1078,RIDER_0068,2026-09-11 18:14:53,Delivered,4,837.95,20,25.0,842.95,Cash on Delivery,18,0
ORD_0001602,CUST_00214,REST_1061,RIDER_0123,2026-09-14 11:49:26,Delivered,5,5225.34,20,55.72,5261.06,Credit Card,11,0
ORD_0001603,CUST_00080,REST_1074,RIDER_0134,2026-08-05 23:53:50,Delivered,4,1491.44,223.72,0.0,1267.72,UPI,23,0
ORD_0001604,CUST_00018,REST_1061,RIDER_0100,2026-09-07 16:02:23,Delivered,4,3911.6,20,64.35,3955.95,Cash on Delivery,16,0
ORD_0001605,CUST_00326,REST_1031,RIDER_0037,2026-09-14 07:25:06,Delivered,3,614.33,20,68.4,662.73,Debit Card,7,0
ORD_0001606,CUST_00296,REST_1080,RIDER_0022,2026-09-28 22:19:30,Delivered,1,116.96,50,65.77,132.73,Zomato Wallet,22,0
ORD_0001607,CUST_00249,REST_1020,RIDER_0094,2026-08-16 14:28:33,Delivered,2,1459.72,50,25.0,1434.72,Zomato Wallet,14,1
ORD_0001608,CUST_00195,REST_1076,RIDER_0039,2026-08-28 13:22:05,Delivered,5,4650.31,0,51.07,4701.38,UPI,13,0
ORD_0001609,CUST_00255,REST_1064,RIDER_0093,2026-08-02 18:29:23,Delivered,6,977.79,146.67,83.1,914.22,Credit Card,18,1
ORD_0001610,CUST_00318,REST_1079,RIDER_0094,2026-09-27 14:15:53,Delivered,3,1071.0,50,57.3,1078.3,Cash on Delivery,14,1
ORD_0001611,CUST_00232,REST_1059,RIDER_0066,2026-08-16 06:11:59,Delivered,3,1001.28,20,44.33,1025.61,Zomato Wallet,6,1
ORD_0001612,CUST_00462,REST_1036,RIDER_0062,2026-09-13 13:38:53,Delivered,4,2569.87,50,104.62,2624.49,Net Banking,13,1
ORD_0001613,CUST_00381,REST_1071,RIDER_0002,2026-09-20 12:30:29,Delivered,5,1061.42,159.21,41.7,943.91,Cash on Delivery,12,1
ORD_0001614,CUST_00141,REST_1043,RIDER_0009,2026-09-19 02:17:11,Delivered,6,4768.94,20,25.0,4773.94,Debit Card,2,1
ORD_0001615,CUST_00108,REST_1018,RIDER_0067,2026-09-05 08:16:53,Delivered,1,404.43,60.66,87.0,430.77,Zomato Wallet,8,1
ORD_0001616,CUST_00493,REST_1089,RIDER_0065,2026-09-08 21:16:12,Delivered,5,1419.58,0,78.08,1497.66,Debit Card,21,0
ORD_0001617,CUST_00211,REST_1020,RIDER_0129,2026-08-20 09:34:22,Delivered,1,913.9,0,25.0,938.9,Net Banking,9,0
ORD_0001618,CUST_00005,REST_1061,RIDER_0085,2026-08-28 19:58:34,Delivered,5,6227.27,934.09,64.73,5357.91,Credit Card,19,0
ORD_0001619,CUST_00438,REST_1060,RIDER_0121,2026-08-24 20:09:18,Delivered,1,235.22,50,71.1,256.32,Zomato Wallet,20,0
ORD_0001620,CUST_00407,REST_1027,RIDER_0021,2026-08-25 12:09:12,Delivered,3,1155.32,50,52.88,1158.2,Credit Card,12,0
ORD_0001621,CUST_00443,REST_1075,RIDER_0129,2026-09-19 09:11:17,Delivered,5,3315.96,20,75.22,3371.18,UPI,9,1
ORD_0001622,CUST_00475,REST_1033,RIDER_0149,2026-08-20 17:27:30,Delivered,2,1257.23,188.58,51.45,1120.1,UPI,17,0
ORD_0001623,CUST_00298,REST_1019,RIDER_0065,2026-09-05 15:15:08,Delivered,3,352.22,0,100.35,452.57,Zomato Wallet,15,1
ORD_0001624,CUST_00210,REST_1064,RIDER_0103,2026-08-13 06:12:31,Delivered,4,571.29,20,80.92,632.21,Debit Card,6,0
ORD_0001625,CUST_00444,REST_1065,RIDER_0060,2026-08-09 23:03:52,Delivered,4,1652.16,0,47.62,1699.78,Zomato Wallet,23,1
ORD_0001626,CUST_00466,REST_1072,RIDER_0018,2026-09-21 04:07:23,Delivered,4,397.01,59.55,51.23,388.69,UPI,4,0
ORD_0001627,CUST_00252,REST_1089,RIDER_0048,2026-09-23 04:22:09,Delivered,3,1061.86,159.28,101.25,1003.83,Cash on Delivery,4,0
ORD_0001628,CUST_00119,REST_1039,RIDER_0111,2026-08-31 16:56:30,Delivered,5,1040.33,0,81.3,1121.63,UPI,16,0
ORD_0001629,CUST_00469,REST_1077,RIDER_0139,2026-09-06 01:23:09,Delivered,5,5296.42,794.46,53.17,4555.13,Cash on Delivery,1,1
ORD_0001630,CUST_00081,REST_1087,RIDER_0074,2026-09-12 15:19:44,Delivered,6,2116.21,317.43,0.0,1798.78,Cash on Delivery,15,1
ORD_0001631,CUST_00236,REST_1017,RIDER_0043,2026-08-20 09:29:16,Delivered,4,3727.15,559.07,85.05,3253.13,Cash on Delivery,9,0
ORD_0001632,CUST_00219,REST_1087,RIDER_0087,2026-08-18 02:49:57,Delivered,2,632.83,94.92,0.0,537.91,Net Banking,2,0
ORD_0001633,CUST_00116,REST_1043,RIDER_0113,2026-08-07 19:27:50,Delivered,6,6943.97,20,106.58,7030.55,Net Banking,19,0
ORD_0001634,CUST_00256,REST_1014,RIDER_0015,2026-08-24 18:32:06,Delivered,2,543.99,81.6,42.75,505.14,Zomato Wallet,18,0
ORD_0001635,CUST_00065,REST_1038,RIDER_0141,2026-09-02 11:33:16,Delivered,6,4267.73,640.16,92.25,3719.82,Debit Card,11,0
ORD_0001636,CUST_00297,REST_1076,RIDER_0118,2026-08-03 19:11:26,Delivered,1,703.87,50,38.93,692.8,Debit Card,19,0
ORD_0001637,CUST_00331,REST_1083,RIDER_0060,2026-09-20 06:33:49,Delivered,6,7680.53,20,48.9,7709.43,Net Banking,6,1
ORD_0001638,CUST_00117,REST_1019,RIDER_0048,2026-08-17 08:34:17,Delivered,3,362.75,54.41,0.0,308.34,Net Banking,8,0
ORD_0001639,CUST_00123,REST_1057,RIDER_0081,2026-09-25 14:49:01,Delivered,5,1745.31,261.8,0.0,1483.51,UPI,14,0
ORD_0001640,CUST_00295,REST_1052,RIDER_0008,2026-08-11 10:27:36,Delivered,5,811.92,121.79,33.6,723.73,Cash on Delivery,10,0
ORD_0001641,CUST_00165,REST_1089,RIDER_0020,2026-08-03 18:03:24,Refunded,3,946.94,142.04,64.2,869.1,Net Banking,18,0
ORD_0001642,CUST_00085,REST_1085,RIDER_0118,2026-08-06 22:13:21,Delivered,4,1467.79,220.17,0.0,1247.62,Debit Card,22,0
ORD_0001643,CUST_00254,REST_1030,RIDER_0146,2026-09-02 08:55:07,Delivered,4,613.6,92.04,71.4,592.96,UPI,8,0
ORD_0001644,CUST_00154,REST_1077,RIDER_0094,2026-08-27 20:01:05,Delivered,2,2352.98,352.95,100.58,2100.61,Debit Card,20,0
ORD_0001645,CUST_00397,REST_1010,RIDER_0101,2026-08-30 11:11:21,Delivered,6,2289.4,0,25.0,2314.4,Credit Card,11,1
ORD_0001646,CUST_00323,REST_1071,RIDER_0068,2026-09-14 00:28:05,Delivered,2,555.63,83.34,0.0,472.29,Credit Card,0,0
ORD_0001647,CUST_00450,REST_1029,RIDER_0003,2026-08-16 19:53:15,Delivered,1,472.81,50,68.48,491.29,Cash on Delivery,19,1
ORD_0001648,CUST_00186,REST_1034,RIDER_0091,2026-09-15 11:20:28,Delivered,4,1003.89,20,67.28,1051.17,Zomato Wallet,11,0
ORD_0001649,CUST_00005,REST_1010,RIDER_0142,2026-09-26 17:59:10,Delivered,5,2373.81,356.07,25.0,2042.74,Credit Card,17,1
ORD_0001650,CUST_00355,REST_1034,RIDER_0119,2026-09-10 13:15:25,Delivered,1,193.84,0,64.8,258.64,Zomato Wallet,13,0
ORD_0001651,CUST_00258,REST_1017,RIDER_0058,2026-08-03 20:57:08,Delivered,5,4089.45,50,25.0,4064.45,Net Banking,20,0
ORD_0001652,CUST_00155,REST_1098,RIDER_0093,2026-08-15 08:43:38,Delivered,5,777.04,116.56,28.2,688.68,Credit Card,8,1
ORD_0001653,CUST_00227,REST_1012,RIDER_0060,2026-09-10 21:27:25,Cancelled,1,693.39,0,98.85,792.24,Zomato Wallet,21,0
ORD_0001654,CUST_00281,REST_1091,RIDER_0024,2026-08-11 05:23:16,Delivered,1,604.81,90.72,99.52,613.61,Credit Card,5,0
ORD_0001655,CUST_00488,REST_1046,RIDER_0095,2026-09-10 18:42:20,Delivered,4,2966.05,50,25.0,2941.05,Zomato Wallet,18,0
ORD_0001656,CUST_00236,REST_1026,RIDER_0058,2026-08-07 08:23:28,Delivered,6,2561.58,384.24,93.22,2270.56,Zomato Wallet,8,0
ORD_0001657,CUST_00395,REST_1083,RIDER_0008,2026-08-18 07:03:06,Delivered,1,959.95,143.99,86.47,902.43,Net Banking,7,0
ORD_0001658,CUST_00442,REST_1074,RIDER_0102,2026-09-27 17:52:35,Delivered,1,321.59,0,34.05,355.64,Debit Card,17,1
ORD_0001659,CUST_00005,REST_1007,RIDER_0149,2026-09-17 03:36:41,Delivered,1,659.72,98.96,97.42,658.18,Cash on Delivery,3,0
ORD_0001660,CUST_00151,REST_1049,RIDER_0139,2026-09-20 03:02:37,Delivered,6,843.12,50,65.33,858.45,Credit Card,3,1
ORD_0001661,CUST_00456,REST_1061,RIDER_0139,2026-08-13 18:29:20,Delivered,1,1261.79,20,78.97,1320.76,Credit Card,18,0
ORD_0001662,CUST_00266,REST_1038,RIDER_0061,2026-09-10 15:13:46,Delivered,5,3361.78,504.27,59.55,2917.06,Credit Card,15,0
ORD_0001663,CUST_00017,REST_1055,RIDER_0061,2026-09-08 23:13:05,Delivered,6,3997.8,20,35.02,4012.82,UPI,23,0
ORD_0001664,CUST_00171,REST_1073,RIDER_0044,2026-09-24 21:06:58,Delivered,5,3006.88,50,54.08,3010.96,Debit Card,21,0
ORD_0001665,CUST_00190,REST_1045,RIDER_0046,2026-09-21 20:47:39,Delivered,1,512.07,76.81,0.0,435.26,Credit Card,20,0
ORD_0001666,CUST_00039,REST_1010,RIDER_0133,2026-09-28 00:48:37,Delivered,6,2253.98,20,25.95,2259.93,Credit Card,0,0
ORD_0001667,CUST_00257,REST_1050,RIDER_0098,2026-09-18 05:25:45,Delivered,3,662.09,0,85.8,747.89,Zomato Wallet,5,0
ORD_0001668,CUST_00434,REST_1073,RIDER_0106,2026-09-10 05:02:13,Delivered,4,3269.65,490.45,25.0,2804.2,Net Banking,5,0
ORD_0001669,CUST_00490,REST_1048,RIDER_0134,2026-09-05 14:09:28,Delivered,4,2572.49,0,90.6,2663.09,Cash on Delivery,14,1
ORD_0001670,CUST_00429,REST_1083,RIDER_0006,2026-09-25 21:19:32,Delivered,3,2364.69,354.7,28.73,2038.72,Credit Card,21,0
ORD_0001671,CUST_00355,REST_1046,RIDER_0005,2026-08-23 09:34:59,Delivered,1,566.24,20,37.05,583.29,Net Banking,9,1
ORD_0001672,CUST_00170,REST_1091,RIDER_0086,2026-08-12 02:16:16,Delivered,4,2924.39,20,40.12,2944.51,UPI,2,0
ORD_0001673,CUST_00385,REST_1079,RIDER_0091,2026-09-11 06:58:34,Delivered,6,2377.56,50,25.0,2352.56,Credit Card,6,0
ORD_0001674,CUST_00300,REST_1018,RIDER_0060,2026-08-30 10:30:43,Delivered,4,1174.95,50,77.77,1202.72,Net Banking,10,1
ORD_0001675,CUST_00352,REST_1014,RIDER_0014,2026-08-08 19:56:23,Delivered,3,693.18,0,54.38,747.56,Credit Card,19,1
ORD_0001676,CUST_00287,REST_1059,RIDER_0024,2026-08-28 01:07:55,Delivered,6,2363.32,0,26.7,2390.02,Cash on Delivery,1,0
ORD_0001677,CUST_00366,REST_1039,RIDER_0104,2026-09-16 19:22:30,Delivered,6,1113.81,167.07,0.0,946.74,UPI,19,0
ORD_0001678,CUST_00175,REST_1085,RIDER_0144,2026-08-12 15:44:31,Delivered,4,1651.85,247.78,99.15,1503.22,Cash on Delivery,15,0
ORD_0001679,CUST_00143,REST_1031,RIDER_0001,2026-09-16 09:21:07,Delivered,6,1537.23,0,83.25,1620.48,Cash on Delivery,9,0
ORD_0001680,CUST_00410,REST_1058,RIDER_0045,2026-08-29 08:42:54,Delivered,5,2540.23,20,98.1,2618.33,Credit Card,8,1
ORD_0001681,CUST_00287,REST_1099,RIDER_0118,2026-07-31 12:05:29,Delivered,2,891.93,50,25.0,866.93,Cash on Delivery,12,0
ORD_0001682,CUST_00282,REST_1027,RIDER_0043,2026-09-08 11:31:51,Delivered,6,1490.51,50,58.27,1498.78,Zomato Wallet,11,0
ORD_0001683,CUST_00282,REST_1035,RIDER_0147,2026-09-04 02:16:23,Delivered,1,891.64,0,55.88,947.52,Zomato Wallet,2,0
ORD_0001684,CUST_00426,REST_1091,RIDER_0006,2026-09-12 10:41:34,Delivered,6,4360.6,654.09,0.0,3706.51,Net Banking,10,1
ORD_0001685,CUST_00481,REST_1067,RIDER_0058,2026-08-15 23:43:44,Delivered,3,357.11,50,25.0,332.11,Zomato Wallet,23,1
ORD_0001686,CUST_00252,REST_1049,RIDER_0139,2026-09-11 18:56:28,Delivered,4,879.38,131.91,97.28,844.75,Debit Card,18,0
ORD_0001687,CUST_00203,REST_1053,RIDER_0114,2026-08-12 23:31:04,Delivered,5,835.72,125.36,0.0,710.36,Debit Card,23,0
ORD_0001688,CUST_00158,REST_1061,RIDER_0034,2026-08-14 12:38:46,Delivered,1,889.19,133.38,25.0,780.81,Net Banking,12,0
ORD_0001689,CUST_00463,REST_1055,RIDER_0089,2026-08-16 17:27:34,Delivered,4,3445.58,20,106.2,3531.78,UPI,17,1
ORD_0001690,CUST_00117,REST_1030,RIDER_0023,2026-09-11 01:17:03,Delivered,3,456.65,68.5,0.0,388.15,Cash on Delivery,1,0
ORD_0001691,CUST_00032,REST_1069,RIDER_0054,2026-09-07 19:49:45,Delivered,3,1376.57,50,82.8,1409.37,Zomato Wallet,19,0
ORD_0001692,CUST_00396,REST_1077,RIDER_0060,2026-09-14 05:25:00,Delivered,2,1910.72,286.61,25.0,1649.11,UPI,5,0
ORD_0001693,CUST_00004,REST_1089,RIDER_0150,2026-08-30 08:31:49,Delivered,2,800.41,0,25.0,825.41,Zomato Wallet,8,1
ORD_0001694,CUST_00455,REST_1047,RIDER_0137,2026-08-27 07:40:54,Refunded,5,633.11,94.97,46.43,584.57,Credit Card,7,0
ORD_0001695,CUST_00226,REST_1023,RIDER_0135,2026-09-05 03:09:11,Delivered,6,1216.7,20,85.8,1282.5,Zomato Wallet,3,1
ORD_0001696,CUST_00155,REST_1093,RIDER_0037,2026-08-09 08:26:00,Delivered,2,2018.58,302.79,46.5,1762.29,Credit Card,8,1
ORD_0001697,CUST_00323,REST_1076,RIDER_0051,2026-09-27 13:04:24,Delivered,6,5286.69,793.0,0.0,4493.69,Cash on Delivery,13,1
ORD_0001698,CUST_00467,REST_1076,RIDER_0133,2026-08-21 04:19:35,Delivered,5,3548.26,532.24,0.0,3016.02,Zomato Wallet,4,0
ORD_0001699,CUST_00177,REST_1068,RIDER_0021,2026-08-02 22:37:44,Delivered,1,991.8,148.77,0.0,843.03,Debit Card,22,1
ORD_0001700,CUST_00242,REST_1010,RIDER_0077,2026-09-24 05:09:49,Delivered,5,1675.16,251.27,0.0,1423.89,Credit Card,5,0
ORD_0001701,CUST_00095,REST_1049,RIDER_0038,2026-09-14 15:33:08,Delivered,2,394.55,59.18,47.85,383.22,Credit Card,15,0
ORD_0001702,CUST_00132,REST_1061,RIDER_0074,2026-07-31 17:53:44,Delivered,4,4793.13,50,29.48,4772.61,UPI,17,0
ORD_0001703,CUST_00263,REST_1072,RIDER_0056,2026-08-03 02:01:34,Delivered,4,517.87,0,25.0,542.87,Credit Card,2,0
ORD_0001704,CUST_00200,REST_1083,RIDER_0053,2026-08-18 02:12:53,Delivered,2,2198.23,0,26.32,2224.55,Net Banking,2,0
ORD_0001705,CUST_00309,REST_1004,RIDER_0078,2026-09-22 07:39:55,Delivered,4,683.82,102.57,61.95,643.2,Net Banking,7,0
ORD_0001706,CUST_00286,REST_1092,RIDER_0051,2026-09-14 13:58:52,Delivered,4,4828.91,50,61.42,4840.33,Cash on Delivery,13,0
ORD_0001707,CUST_00469,REST_1054,RIDER_0144,2026-08-10 11:25:27,Delivered,3,2730.65,409.6,25.0,2346.05,Credit Card,11,0
ORD_0001708,CUST_00496,REST_1042,RIDER_0139,2026-09-11 19:27:29,Delivered,3,1836.92,275.54,87.38,1648.76,UPI,19,0
ORD_0001709,CUST_00200,REST_1078,RIDER_0089,2026-08-08 13:49:51,Delivered,5,951.23,20,65.4,996.63,Debit Card,13,1
ORD_0001710,CUST_00311,REST_1071,RIDER_0131,2026-08-31 00:10:58,Delivered,2,361.27,50,72.15,383.42,Zomato Wallet,0,0
ORD_0001711,CUST_00202,REST_1027,RIDER_0068,2026-08-21 15:02:30,Delivered,1,365.06,20,39.45,384.51,Credit Card,15,0
ORD_0001712,CUST_00033,REST_1015,RIDER_0134,2026-09-22 01:06:30,Delivered,1,1267.59,50,25.0,1242.59,Credit Card,1,0
ORD_0001713,CUST_00133,REST_1076,RIDER_0071,2026-09-13 15:54:29,Delivered,3,1733.14,259.97,52.88,1526.05,Zomato Wallet,15,1
ORD_0001714,CUST_00349,REST_1074,RIDER_0081,2026-09-03 03:17:57,Delivered,5,2590.81,0,65.25,2656.06,Debit Card,3,0
ORD_0001715,CUST_00111,REST_1054,RIDER_0034,2026-09-21 20:13:48,Delivered,1,862.04,20,51.45,893.49,Net Banking,20,0
ORD_0001716,CUST_00036,REST_1027,RIDER_0076,2026-09-03 09:31:39,Delivered,4,1503.37,50,96.3,1549.67,Cash on Delivery,9,0
ORD_0001717,CUST_00098,REST_1070,RIDER_0096,2026-08-03 13:22:32,Delivered,5,566.18,20,98.48,644.66,Net Banking,13,0
ORD_0001718,CUST_00253,REST_1010,RIDER_0124,2026-07-31 19:12:36,Delivered,6,2109.96,50,63.68,2123.64,Debit Card,19,0
ORD_0001719,CUST_00043,REST_1033,RIDER_0057,2026-08-20 04:39:31,Delivered,3,1297.21,194.58,91.88,1194.51,Credit Card,4,0
ORD_0001720,CUST_00347,REST_1006,RIDER_0121,2026-09-17 04:53:29,Delivered,1,402.45,0,46.05,448.5,Credit Card,4,0
ORD_0001721,CUST_00404,REST_1026,RIDER_0009,2026-08-22 07:57:43,Delivered,1,352.8,0,102.53,455.33,UPI,7,1
ORD_0001722,CUST_00033,REST_1031,RIDER_0032,2026-08-12 20:05:16,Delivered,5,1453.85,0,97.05,1550.9,Debit Card,20,0
ORD_0001723,CUST_00448,REST_1085,RIDER_0127,2026-09-25 10:26:56,Delivered,5,1601.67,50,82.5,1634.17,Zomato Wallet,10,0
ORD_0001724,CUST_00434,REST_1032,RIDER_0006,2026-09-25 14:47:59,Delivered,3,329.87,49.48,80.77,361.16,UPI,14,0
ORD_0001725,CUST_00004,REST_1077,RIDER_0032,2026-09-08 08:39:47,Delivered,4,4927.64,50,89.18,4966.82,Zomato Wallet,8,0
ORD_0001726,CUST_00465,REST_1020,RIDER_0066,2026-08-03 17:56:26,Delivered,3,2359.25,353.89,91.05,2096.41,Net Banking,17,0
ORD_0001727,CUST_00212,REST_1026,RIDER_0117,2026-08-25 12:12:44,Delivered,6,1944.84,20,43.73,1968.57,Debit Card,12,0
ORD_0001728,CUST_00149,REST_1100,RIDER_0092,2026-09-13 03:39:48,Delivered,2,1659.59,248.94,103.88,1514.53,Debit Card,3,1
ORD_0001729,CUST_00386,REST_1071,RIDER_0022,2026-09-27 08:29:44,Delivered,6,1350.64,20,91.28,1421.92,Zomato Wallet,8,1
ORD_0001730,CUST_00456,REST_1081,RIDER_0082,2026-09-25 14:16:23,Delivered,4,942.93,0,101.47,1044.4,Net Banking,14,0
ORD_0001731,CUST_00394,REST_1093,RIDER_0139,2026-09-07 18:50:37,Delivered,5,6373.1,955.97,53.4,5470.53,Zomato Wallet,18,0
ORD_0001732,CUST_00334,REST_1024,RIDER_0032,2026-09-07 11:25:32,Delivered,1,350.58,52.59,0.0,297.99,Net Banking,11,0
ORD_0001733,CUST_00106,REST_1010,RIDER_0038,2026-08-31 08:03:15,Delivered,5,1936.16,50,25.0,1911.16,Debit Card,8,0
ORD_0001734,CUST_00450,REST_1003,RIDER_0116,2026-08-17 11:55:11,Delivered,3,865.57,0,25.0,890.57,UPI,11,0
ORD_0001735,CUST_00471,REST_1062,RIDER_0005,2026-09-01 00:35:35,Delivered,1,562.65,0,71.47,634.12,Cash on Delivery,0,0
ORD_0001736,CUST_00406,REST_1055,RIDER_0020,2026-08-27 07:55:48,Delivered,3,2513.6,0,96.9,2610.5,Zomato Wallet,7,0
ORD_0001737,CUST_00428,REST_1079,RIDER_0140,2026-08-14 17:13:29,Delivered,1,282.98,42.45,79.28,319.81,Cash on Delivery,17,0
ORD_0001738,CUST_00462,REST_1077,RIDER_0021,2026-09-17 19:23:19,Delivered,3,2578.33,20,25.0,2583.33,Net Banking,19,0
ORD_0001739,CUST_00316,REST_1078,RIDER_0056,2026-09-01 07:50:15,Delivered,6,1020.3,50,45.9,1016.2,Credit Card,7,0
ORD_0001740,CUST_00162,REST_1058,RIDER_0076,2026-08-18 01:43:47,Delivered,5,2339.51,0,25.0,2364.51,Debit Card,1,0
ORD_0001741,CUST_00118,REST_1064,RIDER_0135,2026-08-18 04:04:47,Delivered,6,866.56,129.98,0.0,736.58,Cash on Delivery,4,0
ORD_0001742,CUST_00154,REST_1053,RIDER_0129,2026-09-12 10:03:33,Delivered,6,1345.2,201.78,25.0,1168.42,Net Banking,10,1
ORD_0001743,CUST_00310,REST_1035,RIDER_0027,2026-09-05 02:31:53,Delivered,1,662.77,20,88.27,731.04,Zomato Wallet,2,1
ORD_0001744,CUST_00008,REST_1070,RIDER_0021,2026-08-26 23:22:05,Delivered,3,328.6,20,103.05,411.65,Credit Card,23,0
ORD_0001745,CUST_00050,REST_1020,RIDER_0093,2026-08-22 01:30:18,Cancelled,4,2285.58,342.84,32.17,1974.91,Zomato Wallet,1,1
ORD_0001746,CUST_00106,REST_1058,RIDER_0058,2026-08-28 15:17:00,Delivered,5,2381.56,50,39.75,2371.31,Cash on Delivery,15,0
ORD_0001747,CUST_00048,REST_1079,RIDER_0132,2026-09-08 05:13:15,Delivered,5,1448.24,217.24,25.0,1256.0,Credit Card,5,0
ORD_0001748,CUST_00252,REST_1049,RIDER_0150,2026-08-04 10:00:27,Delivered,5,860.75,129.11,106.2,837.84,Net Banking,10,0
ORD_0001749,CUST_00375,REST_1085,RIDER_0056,2026-09-07 12:36:40,Delivered,4,1267.79,20,65.7,1313.49,UPI,12,0
ORD_0001750,CUST_00231,REST_1040,RIDER_0036,2026-08-15 18:40:45,Delivered,6,6748.56,0,96.22,6844.78,Credit Card,18,1
ORD_0001751,CUST_00258,REST_1062,RIDER_0138,2026-08-16 01:37:13,Delivered,2,1800.39,20,58.05,1838.44,Debit Card,1,1
ORD_0001752,CUST_00430,REST_1094,RIDER_0146,2026-08-16 04:06:21,Delivered,3,1020.12,0,76.58,1096.7,Credit Card,4,1
ORD_0001753,CUST_00267,REST_1046,RIDER_0149,2026-09-23 15:36:10,Refunded,3,1897.58,284.64,25.0,1637.94,Zomato Wallet,15,0
ORD_0001754,CUST_00121,REST_1076,RIDER_0143,2026-08-08 14:55:54,Delivered,4,2643.87,50,57.3,2651.17,Zomato Wallet,14,1
ORD_0001755,CUST_00174,REST_1067,RIDER_0090,2026-09-04 03:15:27,Delivered,2,237.46,0,84.3,321.76,Credit Card,3,0
ORD_0001756,CUST_00210,REST_1019,RIDER_0101,2026-09-01 17:03:35,Delivered,4,441.53,0,67.8,509.33,Cash on Delivery,17,0
ORD_0001757,CUST_00107,REST_1058,RIDER_0023,2026-09-16 04:25:25,Delivered,6,2624.97,20,35.18,2640.15,Net Banking,4,0
ORD_0001758,CUST_00099,REST_1019,RIDER_0004,2026-09-16 14:52:05,Delivered,2,251.22,20,95.62,326.84,UPI,14,0
ORD_0001759,CUST_00498,REST_1043,RIDER_0128,2026-08-15 05:14:00,Delivered,1,1210.13,20,86.33,1276.46,Debit Card,5,1
ORD_0001760,CUST_00361,REST_1080,RIDER_0005,2026-08-30 07:45:59,Delivered,4,406.04,50,94.57,450.61,Net Banking,7,1
ORD_0001761,CUST_00481,REST_1067,RIDER_0098,2026-09-13 21:06:50,Delivered,2,232.26,20,76.95,289.21,Zomato Wallet,21,1
ORD_0001762,CUST_00082,REST_1057,RIDER_0093,2026-09-14 13:51:02,Delivered,5,1396.04,209.41,25.0,1211.63,Net Banking,13,0
ORD_0001763,CUST_00061,REST_1020,RIDER_0086,2026-08-29 23:21:01,Delivered,4,2247.36,337.1,0.0,1910.26,Net Banking,23,1
ORD_0001764,CUST_00209,REST_1081,RIDER_0142,2026-09-21 02:07:51,Delivered,5,871.51,50,97.5,919.01,Debit Card,2,0
ORD_0001765,CUST_00496,REST_1072,RIDER_0076,2026-08-20 16:18:55,Delivered,2,193.8,29.07,105.75,270.48,Net Banking,16,0
ORD_0001766,CUST_00454,REST_1098,RIDER_0090,2026-09-26 18:24:58,Delivered,6,1072.35,160.85,0.0,911.5,Cash on Delivery,18,1
ORD_0001767,CUST_00498,REST_1083,RIDER_0021,2026-09-02 21:59:33,Delivered,1,1164.3,0,45.07,1209.37,Debit Card,21,0
ORD_0001768,CUST_00287,REST_1055,RIDER_0135,2026-09-28 09:07:41,Delivered,2,1472.74,20,49.65,1502.39,UPI,9,0
ORD_0001769,CUST_00247,REST_1052,RIDER_0002,2026-09-05 09:56:27,Delivered,1,164.77,50,32.4,147.17,Zomato Wallet,9,1
ORD_0001770,CUST_00357,REST_1046,RIDER_0008,2026-09-15 03:14:24,Delivered,1,848.68,127.3,31.57,752.95,Credit Card,3,0
ORD_0001771,CUST_00362,REST_1046,RIDER_0008,2026-08-30 13:15:55,Delivered,5,3663.76,549.56,25.0,3139.2,Debit Card,13,1
ORD_0001772,CUST_00240,REST_1028,RIDER_0110,2026-08-25 22:00:14,Delivered,1,494.29,0,79.57,573.86,Credit Card,22,0
ORD_0001773,CUST_00293,REST_1080,RIDER_0122,2026-08-25 17:17:36,Delivered,1,142.32,0,25.0,167.32,Net Banking,17,0
ORD_0001774,CUST_00248,REST_1089,RIDER_0029,2026-09-26 22:36:08,Delivered,4,1376.05,206.41,42.45,1212.09,Cash on Delivery,22,1
ORD_0001775,CUST_00045,REST_1046,RIDER_0065,2026-08-20 21:57:55,Delivered,3,1707.51,256.13,0.0,1451.38,Debit Card,21,0
ORD_0001776,CUST_00394,REST_1086,RIDER_0047,2026-09-08 20:11:19,Delivered,3,1649.44,247.42,25.0,1427.02,Net Banking,20,0
ORD_0001777,CUST_00483,REST_1038,RIDER_0047,2026-08-23 06:20:16,Delivered,3,1798.4,50,99.08,1847.48,Debit Card,6,1
ORD_0001778,CUST_00053,REST_1047,RIDER_0064,2026-09-17 10:01:27,Delivered,1,118.08,17.71,0.0,100.37,UPI,10,0
ORD_0001779,CUST_00386,REST_1071,RIDER_0094,2026-08-11 14:36:05,Delivered,6,1534.12,20,99.45,1613.57,Debit Card,14,0
ORD_0001780,CUST_00101,REST_1015,RIDER_0059,2026-08-24 17:38:22,Refunded,6,5559.67,50,61.8,5571.47,Debit Card,17,0
ORD_0001781,CUST_00318,REST_1021,RIDER_0123,2026-08-17 23:27:15,Delivered,6,819.7,20,61.42,861.12,UPI,23,0
ORD_0001782,CUST_00382,REST_1066,RIDER_0129,2026-08-25 23:10:26,Delivered,3,3954.25,50,105.75,4010.0,Credit Card,23,0
ORD_0001783,CUST_00498,REST_1005,RIDER_0119,2026-09-05 03:17:18,Delivered,3,818.45,50,53.48,821.93,Credit Card,3,1
ORD_0001784,CUST_00307,REST_1088,RIDER_0103,2026-09-06 01:05:12,Delivered,3,2024.72,303.71,28.95,1749.96,Debit Card,1,1
ORD_0001785,CUST_00126,REST_1004,RIDER_0113,2026-09-27 00:44:26,Delivered,2,464.88,0,74.55,539.43,Zomato Wallet,0,1
ORD_0001786,CUST_00111,REST_1017,RIDER_0143,2026-08-31 17:32:04,Delivered,6,3453.56,50,25.0,3428.56,Cash on Delivery,17,0
ORD_0001787,CUST_00401,REST_1014,RIDER_0146,2026-08-23 02:30:46,Delivered,3,691.3,103.69,101.85,689.46,Cash on Delivery,2,1
ORD_0001788,CUST_00105,REST_1092,RIDER_0135,2026-08-14 15:25:54,Delivered,1,976.11,0,36.6,1012.71,Net Banking,15,0
ORD_0001789,CUST_00224,REST_1057,RIDER_0034,2026-09-26 00:35:55,Delivered,5,1910.51,50,45.23,1905.74,Debit Card,0,1
ORD_0001790,CUST_00303,REST_1005,RIDER_0063,2026-08-05 06:03:00,Delivered,3,1178.61,20,104.55,1263.16,Net Banking,6,0
ORD_0001791,CUST_00346,REST_1053,RIDER_0004,2026-08-28 14:32:02,Delivered,2,410.88,20,61.27,452.15,Debit Card,14,0
ORD_0001792,CUST_00478,REST_1041,RIDER_0093,2026-09-02 16:51:52,Delivered,3,3148.7,0,88.95,3237.65,Cash on Delivery,16,0
ORD_0001793,CUST_00069,REST_1021,RIDER_0115,2026-09-11 15:10:09,Delivered,2,221.24,50,88.12,259.36,Credit Card,15,0
ORD_0001794,CUST_00076,REST_1049,RIDER_0064,2026-09-15 21:26:10,Delivered,3,687.81,50,69.83,707.64,Cash on Delivery,21,0
ORD_0001795,CUST_00292,REST_1062,RIDER_0119,2026-08-25 18:54:48,Delivered,6,5389.09,808.36,103.05,4683.78,Debit Card,18,0
ORD_0001796,CUST_00114,REST_1065,RIDER_0008,2026-08-16 10:17:43,Delivered,3,800.06,0,88.2,888.26,Credit Card,10,1
ORD_0001797,CUST_00348,REST_1051,RIDER_0102,2026-09-04 00:58:03,Delivered,4,576.6,50,29.1,555.7,UPI,0,0
ORD_0001798,CUST_00405,REST_1029,RIDER_0091,2026-09-03 13:46:54,Delivered,1,547.19,50,72.53,569.72,Zomato Wallet,13,0
ORD_0001799,CUST_00213,REST_1024,RIDER_0144,2026-09-28 12:54:11,Delivered,1,381.08,0,45.3,426.38,Debit Card,12,0
ORD_0001800,CUST_00349,REST_1099,RIDER_0144,2026-08-31 05:11:22,Delivered,4,2347.19,0,87.15,2434.34,Cash on Delivery,5,0
ORD_0001801,CUST_00125,REST_1006,RIDER_0108,2026-08-03 13:03:38,Delivered,1,322.52,48.38,0.0,274.14,Cash on Delivery,13,0
ORD_0001802,CUST_00431,REST_1035,RIDER_0045,2026-08-04 06:55:06,Delivered,6,3929.67,589.45,25.5,3365.72,Cash on Delivery,6,0
ORD_0001803,CUST_00256,REST_1091,RIDER_0011,2026-08-18 00:00:33,Delivered,1,783.84,117.58,101.78,768.04,Cash on Delivery,0,0
ORD_0001804,CUST_00386,REST_1075,RIDER_0116,2026-09-11 00:20:37,Delivered,1,777.47,20,50.25,807.72,UPI,0,0
ORD_0001805,CUST_00150,REST_1079,RIDER_0072,2026-08-14 12:01:33,Delivered,2,756.57,113.49,0.0,643.08,Net Banking,12,0
ORD_0001806,CUST_00227,REST_1065,RIDER_0133,2026-08-09 01:35:42,Delivered,5,1372.67,20,78.67,1431.34,Zomato Wallet,1,1
ORD_0001807,CUST_00418,REST_1100,RIDER_0056,2026-09-24 07:01:01,Cancelled,2,1612.04,241.81,71.92,1442.15,Zomato Wallet,7,0
ORD_0001808,CUST_00194,REST_1015,RIDER_0143,2026-09-23 22:25:04,Delivered,5,4025.66,603.85,91.12,3512.93,Zomato Wallet,22,0
ORD_0001809,CUST_00094,REST_1026,RIDER_0148,2026-08-14 05:01:24,Delivered,2,1036.49,0,33.75,1070.24,Credit Card,5,0
ORD_0001810,CUST_00286,REST_1057,RIDER_0014,2026-09-06 14:23:20,Delivered,5,2068.2,20,77.93,2126.13,UPI,14,1
ORD_0001811,CUST_00404,REST_1053,RIDER_0084,2026-09-25 18:10:03,Delivered,3,667.7,20,48.3,696.0,Cash on Delivery,18,0
ORD_0001812,CUST_00028,REST_1068,RIDER_0087,2026-08-06 13:25:43,Delivered,3,3364.59,50,95.7,3410.29,Net Banking,13,0
ORD_0001813,CUST_00085,REST_1083,RIDER_0010,2026-09-04 17:44:26,Delivered,3,2559.03,383.85,0.0,2175.18,Cash on Delivery,17,0
ORD_0001814,CUST_00129,REST_1076,RIDER_0026,2026-09-04 20:06:08,Refunded,5,3495.2,50,25.0,3470.2,Net Banking,20,0
ORD_0001815,CUST_00192,REST_1032,RIDER_0061,2026-08-21 18:33:10,Delivered,2,263.7,39.55,41.32,265.47,Net Banking,18,0
ORD_0001816,CUST_00211,REST_1044,RIDER_0048,2026-09-16 14:46:29,Delivered,5,2991.58,20,77.47,3049.05,Zomato Wallet,14,0
ORD_0001817,CUST_00316,REST_1006,RIDER_0126,2026-08-04 05:46:12,Delivered,3,1336.76,20,25.0,1341.76,Cash on Delivery,5,0
ORD_0001818,CUST_00361,REST_1018,RIDER_0090,2026-09-28 21:25:52,Delivered,5,1943.93,0,72.3,2016.23,UPI,21,0
ORD_0001819,CUST_00246,REST_1073,RIDER_0032,2026-08-21 11:37:32,Delivered,5,3711.55,20,25.0,3716.55,Credit Card,11,0
ORD_0001820,CUST_00057,REST_1049,RIDER_0115,2026-08-23 06:27:27,Delivered,3,494.67,74.2,107.55,528.02,Net Banking,6,1
ORD_0001821,CUST_00180,REST_1070,RIDER_0012,2026-08-17 02:05:20,Delivered,3,347.57,20,31.57,359.14,Net Banking,2,0
ORD_0001822,CUST_00072,REST_1005,RIDER_0062,2026-09-08 09:12:33,Delivered,1,246.35,20,73.2,299.55,Zomato Wallet,9,0
ORD_0001823,CUST_00282,REST_1084,RIDER_0011,2026-09-10 10:20:13,Delivered,4,463.41,50,68.1,481.51,Credit Card,10,0
ORD_0001824,CUST_00187,REST_1098,RIDER_0049,2026-09-24 19:23:49,Delivered,3,578.92,50,90.98,619.9,Debit Card,19,0
ORD_0001825,CUST_00446,REST_1062,RIDER_0085,2026-09-14 23:25:21,Delivered,2,1337.13,200.57,0.0,1136.56,Debit Card,23,0
ORD_0001826,CUST_00271,REST_1065,RIDER_0085,2026-08-10 18:14:36,Delivered,1,301.52,20,67.5,349.02,UPI,18,0
ORD_0001827,CUST_00051,REST_1002,RIDER_0057,2026-08-18 12:38:22,Delivered,4,527.17,20,38.03,545.2,Credit Card,12,0
ORD_0001828,CUST_00446,REST_1014,RIDER_0001,2026-09-25 03:03:42,Delivered,4,1164.54,174.68,0.0,989.86,Zomato Wallet,3,0
ORD_0001829,CUST_00226,REST_1014,RIDER_0029,2026-08-17 21:40:04,Delivered,6,1664.82,50,43.8,1658.62,Net Banking,21,0
ORD_0001830,CUST_00434,REST_1073,RIDER_0098,2026-09-20 10:09:30,Delivered,4,3762.94,564.44,25.0,3223.5,Zomato Wallet,10,1
ORD_0001831,CUST_00123,REST_1007,RIDER_0018,2026-08-05 14:21:48,Delivered,2,1270.48,190.57,0.0,1079.91,Cash on Delivery,14,0
ORD_0001832,CUST_00015,REST_1052,RIDER_0066,2026-08-29 04:03:49,Delivered,3,668.41,100.26,0.0,568.15,Debit Card,4,1
ORD_0001833,CUST_00477,REST_1068,RIDER_0120,2026-08-02 03:03:27,Delivered,1,1027.94,50,76.73,1054.67,Credit Card,3,1
ORD_0001834,CUST_00370,REST_1022,RIDER_0116,2026-08-10 18:55:14,Delivered,6,1234.59,185.19,68.25,1117.65,UPI,18,0
ORD_0001835,CUST_00014,REST_1100,RIDER_0057,2026-09-11 09:01:53,Delivered,4,2318.33,0,94.5,2412.83,Net Banking,9,0
ORD_0001836,CUST_00342,REST_1027,RIDER_0136,2026-08-02 09:16:36,Delivered,4,1575.8,236.37,44.17,1383.6,UPI,9,1
ORD_0001837,CUST_00260,REST_1012,RIDER_0026,2026-08-10 06:09:20,Delivered,4,2219.52,50,66.45,2235.97,Cash on Delivery,6,0
ORD_0001838,CUST_00357,REST_1091,RIDER_0029,2026-09-26 14:29:17,Delivered,2,1414.72,212.21,92.4,1294.91,Zomato Wallet,14,1
ORD_0001839,CUST_00479,REST_1083,RIDER_0073,2026-09-20 13:33:44,Delivered,6,6352.31,50,88.8,6391.11,Debit Card,13,1
ORD_0001840,CUST_00283,REST_1016,RIDER_0029,2026-09-16 14:59:53,Delivered,5,819.38,50,83.17,852.55,Zomato Wallet,14,0
ORD_0001841,CUST_00171,REST_1059,RIDER_0056,2026-09-21 04:28:32,Delivered,1,452.62,0,33.0,485.62,Debit Card,4,0
ORD_0001842,CUST_00296,REST_1013,RIDER_0039,2026-09-06 02:04:48,Delivered,2,563.79,0,91.58,655.37,Credit Card,2,1
ORD_0001843,CUST_00126,REST_1087,RIDER_0123,2026-09-23 02:31:48,Delivered,2,735.94,20,31.13,747.07,Zomato Wallet,2,0
ORD_0001844,CUST_00130,REST_1084,RIDER_0130,2026-08-12 01:45:01,Delivered,3,402.38,0,25.0,427.38,Cash on Delivery,1,0
ORD_0001845,CUST_00410,REST_1021,RIDER_0036,2026-09-25 06:15:16,Delivered,6,628.84,50,31.57,610.41,Net Banking,6,0
ORD_0001846,CUST_00389,REST_1009,RIDER_0081,2026-08-31 15:54:02,Delivered,1,1022.27,0,107.47,1129.74,Credit Card,15,0
ORD_0001847,CUST_00109,REST_1029,RIDER_0082,2026-08-20 02:00:09,Delivered,2,1379.96,20,44.7,1404.66,Cash on Delivery,2,0
ORD_0001848,CUST_00195,REST_1092,RIDER_0096,2026-09-12 19:17:23,Delivered,5,4126.15,50,74.62,4150.77,Net Banking,19,1
ORD_0001849,CUST_00413,REST_1077,RIDER_0138,2026-08-30 16:03:18,Delivered,1,803.24,50,42.08,795.32,Debit Card,16,1
ORD_0001850,CUST_00134,REST_1035,RIDER_0090,2026-08-27 01:47:47,Delivered,1,761.97,114.3,94.8,742.47,Cash on Delivery,1,0
ORD_0001851,CUST_00458,REST_1020,RIDER_0055,2026-08-15 03:41:40,Delivered,5,4575.48,0,86.78,4662.26,Debit Card,3,1
ORD_0001852,CUST_00020,REST_1019,RIDER_0077,2026-09-13 12:24:44,Delivered,6,585.51,0,46.65,632.16,Debit Card,12,1
ORD_0001853,CUST_00146,REST_1094,RIDER_0042,2026-07-31 08:37:49,Delivered,2,540.43,81.06,0.0,459.37,Debit Card,8,0
ORD_0001854,CUST_00127,REST_1060,RIDER_0059,2026-08-26 20:38:46,Delivered,3,702.11,105.32,48.22,645.01,Zomato Wallet,20,0
ORD_0001855,CUST_00027,REST_1083,RIDER_0148,2026-09-03 18:01:54,Delivered,2,1722.0,50,25.0,1697.0,Debit Card,18,0
ORD_0001856,CUST_00197,REST_1052,RIDER_0011,2026-09-28 00:20:48,Delivered,3,500.94,0,43.42,544.36,Credit Card,0,0
ORD_0001857,CUST_00185,REST_1007,RIDER_0036,2026-09-19 07:50:00,Delivered,5,2274.86,50,43.73,2268.59,Zomato Wallet,7,1
ORD_0001858,CUST_00243,REST_1038,RIDER_0145,2026-08-05 19:48:51,Delivered,5,3394.18,50,80.77,3424.95,Zomato Wallet,19,0
ORD_0001859,CUST_00258,REST_1023,RIDER_0075,2026-08-10 17:45:12,Delivered,5,794.78,0,38.03,832.81,Credit Card,17,0
ORD_0001860,CUST_00079,REST_1004,RIDER_0031,2026-08-15 19:13:42,Delivered,5,1151.09,50,92.7,1193.79,Debit Card,19,1
ORD_0001861,CUST_00258,REST_1077,RIDER_0134,2026-09-07 00:10:13,Delivered,1,906.01,20,50.1,936.11,Zomato Wallet,0,0
ORD_0001862,CUST_00160,REST_1055,RIDER_0148,2026-08-12 01:26:00,Delivered,6,3421.05,0,110.62,3531.67,UPI,1,0
ORD_0001863,CUST_00452,REST_1021,RIDER_0056,2026-08-09 23:32:14,Delivered,6,889.82,50,45.67,885.49,Zomato Wallet,23,1
ORD_0001864,CUST_00472,REST_1055,RIDER_0102,2026-08-16 22:52:37,Delivered,1,958.0,20,105.15,1043.15,Debit Card,22,1
ORD_0001865,CUST_00417,REST_1083,RIDER_0122,2026-09-06 09:51:58,Delivered,5,5916.06,20,25.0,5921.06,Net Banking,9,1
ORD_0001866,CUST_00466,REST_1072,RIDER_0078,2026-08-05 01:47:21,Delivered,1,89.98,13.5,108.08,184.56,Credit Card,1,0
ORD_0001867,CUST_00432,REST_1009,RIDER_0006,2026-08-23 10:52:25,Delivered,5,5815.38,872.31,93.9,5036.97,Credit Card,10,1
ORD_0001868,CUST_00142,REST_1022,RIDER_0111,2026-09-02 16:07:54,Delivered,6,964.42,0,38.55,1002.97,Net Banking,16,0
ORD_0001869,CUST_00489,REST_1037,RIDER_0149,2026-09-22 12:46:26,Delivered,2,1846.27,276.94,41.55,1610.88,Zomato Wallet,12,0
ORD_0001870,CUST_00398,REST_1063,RIDER_0141,2026-09-10 10:50:03,Delivered,6,853.65,128.05,61.65,787.25,Net Banking,10,0
ORD_0001871,CUST_00119,REST_1003,RIDER_0134,2026-09-28 16:14:45,Delivered,1,256.35,20,70.43,306.78,Zomato Wallet,16,0
ORD_0001872,CUST_00030,REST_1039,RIDER_0002,2026-09-14 14:34:26,Delivered,5,975.79,20,109.28,1065.07,Zomato Wallet,14,0
ORD_0001873,CUST_00314,REST_1056,RIDER_0051,2026-09-02 16:28:34,Delivered,3,1213.78,20,55.5,1249.28,Debit Card,16,0
ORD_0001874,CUST_00379,REST_1039,RIDER_0072,2026-08-16 16:15:29,Delivered,2,421.6,63.24,0.0,358.36,Cash on Delivery,16,1
ORD_0001875,CUST_00107,REST_1069,RIDER_0029,2026-08-09 16:55:21,Delivered,2,1081.14,20,25.0,1086.14,UPI,16,1
ORD_0001876,CUST_00172,REST_1015,RIDER_0065,2026-08-06 08:15:35,Delivered,2,2001.79,50,59.1,2010.89,Cash on Delivery,8,0
ORD_0001877,CUST_00239,REST_1002,RIDER_0051,2026-08-16 18:59:39,Delivered,5,641.83,50,31.05,622.88,Debit Card,18,1
ORD_0001878,CUST_00158,REST_1076,RIDER_0082,2026-08-13 13:01:27,Delivered,5,3646.22,546.93,106.35,3205.64,Net Banking,13,0
ORD_0001879,CUST_00112,REST_1006,RIDER_0023,2026-08-29 17:39:43,Delivered,2,1068.3,160.24,0.0,908.06,Net Banking,17,1
ORD_0001880,CUST_00172,REST_1055,RIDER_0007,2026-08-02 15:24:00,Delivered,4,2716.54,20,32.92,2729.46,Zomato Wallet,15,1
ORD_0001881,CUST_00257,REST_1033,RIDER_0078,2026-08-07 09:41:55,Delivered,6,3510.28,50,81.08,3541.36,Zomato Wallet,9,0
ORD_0001882,CUST_00442,REST_1015,RIDER_0054,2026-08-12 12:09:50,Delivered,6,5296.27,20,107.17,5383.44,UPI,12,0
ORD_0001883,CUST_00034,REST_1005,RIDER_0006,2026-08-28 14:40:05,Delivered,6,1947.98,292.2,95.03,1750.81,UPI,14,0
ORD_0001884,CUST_00390,REST_1033,RIDER_0033,2026-08-22 13:42:52,Delivered,6,2673.16,20,69.9,2723.06,UPI,13,1
ORD_0001885,CUST_00410,REST_1082,RIDER_0150,2026-09-22 20:42:52,Delivered,1,101.11,20,59.7,140.81,UPI,20,0
ORD_0001886,CUST_00273,REST_1092,RIDER_0058,2026-09-28 17:28:35,Delivered,1,921.2,0,55.58,976.78,Debit Card,17,0
ORD_0001887,CUST_00331,REST_1083,RIDER_0058,2026-08-27 06:47:34,Delivered,6,6855.21,0,25.0,6880.21,UPI,6,0
ORD_0001888,CUST_00318,REST_1044,RIDER_0146,2026-08-10 08:09:49,Delivered,1,704.68,20,87.23,771.91,Cash on Delivery,8,0
ORD_0001889,CUST_00042,REST_1097,RIDER_0081,2026-08-24 11:28:54,Delivered,6,1961.67,50,25.0,1936.67,Debit Card,11,0
ORD_0001890,CUST_00029,REST_1069,RIDER_0092,2026-09-02 20:31:45,Delivered,1,555.05,83.26,82.35,554.14,Cash on Delivery,20,0
ORD_0001891,CUST_00347,REST_1078,RIDER_0117,2026-09-14 11:32:51,Delivered,6,921.25,0,80.25,1001.5,UPI,11,0
ORD_0001892,CUST_00234,REST_1095,RIDER_0036,2026-07-31 22:23:02,Delivered,1,537.11,0,103.42,640.53,UPI,22,0
ORD_0001893,CUST_00188,REST_1099,RIDER_0138,2026-08-01 13:28:20,Delivered,4,1778.18,20,100.05,1858.23,Debit Card,13,1
ORD_0001894,CUST_00422,REST_1072,RIDER_0016,2026-08-25 04:01:22,Delivered,5,582.25,87.34,66.45,561.36,Credit Card,4,0
ORD_0001895,CUST_00338,REST_1059,RIDER_0058,2026-08-02 20:59:09,Delivered,4,1851.54,20,56.25,1887.79,Zomato Wallet,20,1
ORD_0001896,CUST_00409,REST_1050,RIDER_0132,2026-08-09 20:38:51,Delivered,5,771.37,115.71,90.9,746.56,Cash on Delivery,20,1
ORD_0001897,CUST_00054,REST_1047,RIDER_0016,2026-08-09 02:20:27,Delivered,4,553.9,83.08,61.2,532.02,UPI,2,1
ORD_0001898,CUST_00030,REST_1001,RIDER_0063,2026-08-26 09:04:14,Delivered,4,1103.03,20,33.68,1116.71,Zomato Wallet,9,0
ORD_0001899,CUST_00449,REST_1012,RIDER_0053,2026-08-12 00:46:35,Delivered,2,856.66,0,25.0,881.66,Credit Card,0,0
ORD_0001900,CUST_00333,REST_1067,RIDER_0053,2026-08-05 04:00:02,Delivered,3,293.24,20,88.95,362.19,Net Banking,4,0
ORD_0001901,CUST_00485,REST_1025,RIDER_0094,2026-08-19 11:29:13,Delivered,3,775.53,116.33,66.15,725.35,Zomato Wallet,11,0
ORD_0001902,CUST_00139,REST_1026,RIDER_0106,2026-08-08 07:45:42,Delivered,3,1306.34,195.95,63.45,1173.84,Cash on Delivery,7,1
ORD_0001903,CUST_00274,REST_1013,RIDER_0070,2026-09-28 11:13:26,Delivered,3,1046.41,156.96,0.0,889.45,Cash on Delivery,11,0
ORD_0001904,CUST_00261,REST_1015,RIDER_0087,2026-08-02 18:21:11,Delivered,1,1092.25,50,103.42,1145.67,Credit Card,18,1
ORD_0001905,CUST_00404,REST_1049,RIDER_0034,2026-09-03 19:33:55,Delivered,4,665.82,50,27.45,643.27,Debit Card,19,0
ORD_0001906,CUST_00414,REST_1005,RIDER_0013,2026-09-11 06:07:55,Delivered,5,1605.09,50,25.0,1580.09,Debit Card,6,0
ORD_0001907,CUST_00411,REST_1035,RIDER_0128,2026-09-13 23:05:16,Delivered,4,2273.12,0,69.52,2342.64,UPI,23,1
ORD_0001908,CUST_00131,REST_1008,RIDER_0120,2026-08-15 07:16:29,Delivered,1,820.92,20,96.68,897.6,Cash on Delivery,7,1
ORD_0001909,CUST_00417,REST_1037,RIDER_0037,2026-08-24 14:18:02,Delivered,6,4504.62,0,56.78,4561.4,Net Banking,14,0
ORD_0001910,CUST_00112,REST_1012,RIDER_0096,2026-08-05 17:53:13,Delivered,2,1244.39,186.66,0.0,1057.73,Cash on Delivery,17,0
ORD_0001911,CUST_00286,REST_1092,RIDER_0092,2026-08-15 02:55:37,Delivered,3,2864.6,20,78.97,2923.57,Zomato Wallet,2,1
ORD_0001912,CUST_00365,REST_1068,RIDER_0117,2026-09-18 06:38:00,Delivered,3,3433.74,515.06,0.0,2918.68,Credit Card,6,0
ORD_0001913,CUST_00055,REST_1085,RIDER_0059,2026-08-12 22:19:55,Delivered,6,2429.94,364.49,0.0,2065.45,UPI,22,0
ORD_0001914,CUST_00471,REST_1046,RIDER_0008,2026-08-26 21:59:35,Delivered,1,625.35,20,108.83,714.18,UPI,21,0
ORD_0001915,CUST_00494,REST_1015,RIDER_0090,2026-07-31 16:19:39,Delivered,3,3430.63,20,104.62,3515.25,Credit Card,16,0
ORD_0001916,CUST_00478,REST_1052,RIDER_0035,2026-09-11 23:49:25,Delivered,5,805.1,50,88.58,843.68,Credit Card,23,0
ORD_0001917,CUST_00451,REST_1083,RIDER_0050,2026-08-12 23:25:46,Delivered,3,2507.49,0,81.97,2589.46,UPI,23,0
ORD_0001918,CUST_00388,REST_1038,RIDER_0018,2026-08-25 00:59:24,Delivered,5,3099.72,464.96,28.73,2663.49,Debit Card,0,0
ORD_0001919,CUST_00244,REST_1050,RIDER_0029,2026-08-02 14:27:18,Delivered,5,1194.07,0,45.3,1239.37,Credit Card,14,1
ORD_0001920,CUST_00240,REST_1045,RIDER_0059,2026-08-10 06:46:57,Delivered,1,642.62,50,109.2,701.82,Credit Card,6,0
ORD_0001921,CUST_00233,REST_1069,RIDER_0007,2026-09-20 01:32:07,Delivered,6,3379.66,0,25.0,3404.66,UPI,1,1
ORD_0001922,CUST_00433,REST_1057,RIDER_0089,2026-08-17 12:28:02,Delivered,2,572.1,0,34.05,606.15,Cash on Delivery,12,0
ORD_0001923,CUST_00458,REST_1081,RIDER_0119,2026-09-03 02:26:28,Delivered,5,969.21,20,25.0,974.21,Cash on Delivery,2,0
ORD_0001924,CUST_00087,REST_1046,RIDER_0032,2026-08-21 12:06:52,Delivered,3,2298.81,20,104.18,2382.99,Zomato Wallet,12,0
ORD_0001925,CUST_00487,REST_1004,RIDER_0087,2026-09-24 21:00:24,Delivered,4,808.81,50,85.8,844.61,Net Banking,21,0
ORD_0001926,CUST_00277,REST_1032,RIDER_0074,2026-08-13 02:05:06,Delivered,6,646.48,0,25.0,671.48,Zomato Wallet,2,0
ORD_0001927,CUST_00449,REST_1070,RIDER_0067,2026-08-18 19:40:15,Delivered,6,807.06,20,103.8,890.86,UPI,19,0
ORD_0001928,CUST_00458,REST_1082,RIDER_0108,2026-09-23 18:26:29,Delivered,5,535.83,20,61.12,576.95,UPI,18,0
ORD_0001929,CUST_00329,REST_1033,RIDER_0110,2026-08-28 04:06:29,Delivered,4,2247.25,337.09,105.82,2015.98,Credit Card,4,0
ORD_0001930,CUST_00380,REST_1043,RIDER_0092,2026-09-27 01:39:30,Delivered,4,4282.48,20,62.17,4324.65,Debit Card,1,1
ORD_0001931,CUST_00177,REST_1006,RIDER_0131,2026-09-12 10:46:57,Delivered,2,930.7,139.6,0.0,791.1,Credit Card,10,1
ORD_0001932,CUST_00107,REST_1061,RIDER_0128,2026-08-11 11:34:56,Delivered,2,1545.35,50,25.0,1520.35,Net Banking,11,0
ORD_0001933,CUST_00442,REST_1073,RIDER_0030,2026-09-04 17:11:36,Delivered,6,5409.78,20,32.85,5422.63,Cash on Delivery,17,0
ORD_0001934,CUST_00016,REST_1035,RIDER_0069,2026-08-07 03:34:30,Delivered,2,1590.65,20,92.77,1663.42,Cash on Delivery,3,0
ORD_0001935,CUST_00444,REST_1083,RIDER_0008,2026-09-17 10:16:13,Delivered,2,2499.07,0,90.75,2589.82,Debit Card,10,0
ORD_0001936,CUST_00041,REST_1093,RIDER_0125,2026-08-30 00:47:23,Delivered,6,7345.55,1101.83,99.97,6343.69,Credit Card,0,1
ORD_0001937,CUST_00360,REST_1045,RIDER_0112,2026-08-18 03:32:43,Delivered,3,2135.01,320.25,98.25,1913.01,Net Banking,3,0
ORD_0001938,CUST_00269,REST_1021,RIDER_0075,2026-09-21 09:31:29,Delivered,2,253.47,38.02,0.0,215.45,Zomato Wallet,9,0
ORD_0001939,CUST_00258,REST_1077,RIDER_0121,2026-08-16 20:27:59,Delivered,5,6241.18,50,51.67,6242.85,Credit Card,20,1
ORD_0001940,CUST_00237,REST_1020,RIDER_0055,2026-08-13 12:03:19,Delivered,3,2183.89,20,76.5,2240.39,Zomato Wallet,12,0
ORD_0001941,CUST_00200,REST_1004,RIDER_0076,2026-08-30 16:35:06,Delivered,3,552.05,20,51.6,583.65,Zomato Wallet,16,1
ORD_0001942,CUST_00385,REST_1071,RIDER_0096,2026-09-15 01:10:44,Delivered,5,1095.49,0,82.42,1177.91,Zomato Wallet,1,0
ORD_0001943,CUST_00436,REST_1021,RIDER_0112,2026-08-30 05:24:04,Delivered,4,482.3,50,42.6,474.9,Net Banking,5,1
ORD_0001944,CUST_00240,REST_1039,RIDER_0077,2026-08-26 19:53:54,Delivered,1,181.42,50,25.0,156.42,Cash on Delivery,19,0
ORD_0001945,CUST_00348,REST_1025,RIDER_0135,2026-09-10 23:13:11,Delivered,2,496.04,0,89.1,585.14,UPI,23,0
ORD_0001946,CUST_00291,REST_1050,RIDER_0062,2026-08-01 23:14:43,Delivered,1,180.05,27.01,0.0,153.04,Cash on Delivery,23,1
ORD_0001947,CUST_00069,REST_1058,RIDER_0092,2026-08-14 22:41:57,Delivered,6,3177.49,0,67.12,3244.61,Net Banking,22,0
ORD_0001948,CUST_00451,REST_1087,RIDER_0052,2026-09-17 18:02:38,Delivered,4,2082.48,20,55.58,2118.06,Credit Card,18,0
ORD_0001949,CUST_00105,REST_1082,RIDER_0148,2026-09-03 13:12:37,Delivered,6,670.15,0,81.45,751.6,Cash on Delivery,13,0
ORD_0001950,CUST_00299,REST_1013,RIDER_0111,2026-08-12 13:26:43,Delivered,2,697.17,104.58,0.0,592.59,Zomato Wallet,13,0
ORD_0001951,CUST_00146,REST_1033,RIDER_0111,2026-09-20 00:53:42,Delivered,5,3429.67,514.45,0.0,2915.22,UPI,0,1
ORD_0001952,CUST_00311,REST_1009,RIDER_0081,2026-08-12 09:28:44,Delivered,2,1676.62,20,94.35,1750.97,Cash on Delivery,9,0
ORD_0001953,CUST_00088,REST_1058,RIDER_0070,2026-09-09 12:54:53,Delivered,2,1073.44,161.02,79.28,991.7,Cash on Delivery,12,0
ORD_0001954,CUST_00066,REST_1065,RIDER_0062,2026-09-21 07:46:05,Delivered,5,1887.13,283.07,25.0,1629.06,UPI,7,0
ORD_0001955,CUST_00458,REST_1022,RIDER_0016,2026-08-13 17:57:12,Delivered,6,1200.15,50,99.15,1249.3,Credit Card,17,0
ORD_0001956,CUST_00438,REST_1097,RIDER_0145,2026-09-28 02:02:40,Refunded,2,520.11,50,89.7,559.81,UPI,2,0
ORD_0001957,CUST_00343,REST_1087,RIDER_0045,2026-08-22 22:04:32,Delivered,2,850.28,20,78.15,908.43,Net Banking,22,1
ORD_0001958,CUST_00225,REST_1021,RIDER_0114,2026-09-03 16:51:39,Delivered,4,584.4,0,57.52,641.92,Net Banking,16,0
ORD_0001959,CUST_00174,REST_1088,RIDER_0064,2026-09-25 08:47:28,Delivered,2,1417.03,20,31.13,1428.16,Zomato Wallet,8,0
ORD_0001960,CUST_00292,REST_1014,RIDER_0112,2026-08-15 08:17:39,Delivered,5,988.08,148.21,57.23,897.1,Net Banking,8,1
ORD_0001961,CUST_00111,REST_1091,RIDER_0018,2026-08-12 19:42:35,Delivered,4,2794.62,0,70.5,2865.12,Debit Card,19,0
ORD_0001962,CUST_00411,REST_1027,RIDER_0022,2026-08-08 17:47:02,Delivered,4,1579.46,50,51.97,1581.43,Cash on Delivery,17,1
ORD_0001963,CUST_00428,REST_1057,RIDER_0049,2026-09-07 06:51:30,Delivered,4,1391.77,208.77,34.65,1217.65,Credit Card,6,0
ORD_0001964,CUST_00473,REST_1015,RIDER_0015,2026-09-14 00:50:20,Delivered,2,1891.05,283.66,73.2,1680.59,UPI,0,0
ORD_0001965,CUST_00260,REST_1083,RIDER_0140,2026-08-31 01:48:19,Delivered,1,1093.4,0,77.17,1170.57,Credit Card,1,0
ORD_0001966,CUST_00072,REST_1065,RIDER_0132,2026-09-10 05:21:24,Delivered,5,1586.54,20,74.85,1641.39,Zomato Wallet,5,0
ORD_0001967,CUST_00149,REST_1046,RIDER_0108,2026-08-21 01:46:32,Delivered,5,3370.09,505.51,31.43,2896.01,UPI,1,0
ORD_0001968,CUST_00062,REST_1045,RIDER_0081,2026-09-17 02:41:10,Delivered,1,656.28,20,29.78,666.06,Zomato Wallet,2,0
ORD_0001969,CUST_00361,REST_1067,RIDER_0093,2026-09-25 08:22:02,Delivered,6,607.1,50,50.62,607.72,Credit Card,8,0
ORD_0001970,CUST_00203,REST_1046,RIDER_0133,2026-08-24 22:15:27,Delivered,3,1791.1,268.66,0.0,1522.44,Debit Card,22,0
ORD_0001971,CUST_00301,REST_1068,RIDER_0051,2026-09-13 01:00:10,Delivered,2,1603.16,50,74.4,1627.56,UPI,1,1
ORD_0001972,CUST_00113,REST_1072,RIDER_0040,2026-08-17 10:01:15,Delivered,2,213.92,50,69.23,233.15,Credit Card,10,0
ORD_0001973,CUST_00367,REST_1059,RIDER_0146,2026-09-07 07:26:19,Delivered,2,901.56,50,100.58,952.14,Credit Card,7,0
ORD_0001974,CUST_00337,REST_1058,RIDER_0128,2026-09-08 03:49:51,Delivered,3,1149.83,20,55.72,1185.55,Net Banking,3,0
ORD_0001975,CUST_00353,REST_1064,RIDER_0057,2026-09-10 22:22:09,Refunded,6,1286.04,50,103.8,1339.84,Debit Card,22,0
ORD_0001976,CUST_00297,REST_1022,RIDER_0086,2026-09-10 12:27:08,Delivered,2,322.14,0,25.88,348.02,Zomato Wallet,12,0
ORD_0001977,CUST_00250,REST_1025,RIDER_0078,2026-09-09 03:07:16,Delivered,2,398.11,50,103.05,451.16,Debit Card,3,0
ORD_0001978,CUST_00449,REST_1078,RIDER_0107,2026-09-07 15:54:28,Delivered,4,594.77,0,25.0,619.77,Cash on Delivery,15,0
ORD_0001979,CUST_00258,REST_1089,RIDER_0099,2026-09-19 12:38:41,Delivered,3,1201.98,0,79.95,1281.93,Zomato Wallet,12,1
ORD_0001980,CUST_00319,REST_1069,RIDER_0022,2026-09-19 13:04:58,Delivered,3,1505.77,50,106.65,1562.42,Credit Card,13,1
ORD_0001981,CUST_00121,REST_1020,RIDER_0140,2026-08-24 01:57:16,Delivered,6,5358.19,0,64.5,5422.69,Net Banking,1,0
ORD_0001982,CUST_00402,REST_1050,RIDER_0142,2026-07-31 06:33:40,Delivered,4,646.02,96.9,25.0,574.12,Debit Card,6,0
ORD_0001983,CUST_00124,REST_1097,RIDER_0026,2026-09-04 08:48:35,Cancelled,1,295.94,44.39,25.0,276.55,UPI,8,0
ORD_0001984,CUST_00086,REST_1079,RIDER_0012,2026-08-17 20:51:48,Delivered,1,277.01,20,33.9,290.91,Credit Card,20,0
ORD_0001985,CUST_00205,REST_1015,RIDER_0002,2026-07-31 14:21:17,Delivered,2,2442.91,0,79.42,2522.33,Debit Card,14,0
ORD_0001986,CUST_00132,REST_1044,RIDER_0131,2026-09-15 17:46:56,Delivered,5,3030.54,20,25.0,3035.54,UPI,17,0
ORD_0001987,CUST_00354,REST_1087,RIDER_0116,2026-08-01 02:13:09,Delivered,6,3228.21,484.23,25.0,2768.98,UPI,2,1
ORD_0001988,CUST_00280,REST_1044,RIDER_0073,2026-09-24 04:22:19,Delivered,1,570.0,50,74.4,594.4,Credit Card,4,0
ORD_0001989,CUST_00072,REST_1068,RIDER_0048,2026-09-12 19:39:52,Delivered,4,4320.8,50,48.22,4319.02,Cash on Delivery,19,1
ORD_0001990,CUST_00382,REST_1047,RIDER_0043,2026-09-06 13:09:46,Delivered,1,94.56,20,59.4,133.96,Net Banking,13,1
ORD_0001991,CUST_00380,REST_1087,RIDER_0106,2026-08-13 05:16:04,Delivered,4,1658.18,0,106.2,1764.38,UPI,5,0
ORD_0001992,CUST_00154,REST_1017,RIDER_0124,2026-09-01 20:40:58,Delivered,2,1182.08,177.31,30.3,1035.07,UPI,20,0
ORD_0001993,CUST_00408,REST_1030,RIDER_0001,2026-09-20 06:30:14,Delivered,5,825.25,20,35.48,840.73,UPI,6,1
ORD_0001994,CUST_00287,REST_1050,RIDER_0007,2026-09-12 16:29:26,Delivered,3,518.3,0,49.05,567.35,Credit Card,16,1
ORD_0001995,CUST_00233,REST_1076,RIDER_0063,2026-08-13 09:34:10,Delivered,1,860.56,0,64.95,925.51,Debit Card,9,0
ORD_0001996,CUST_00038,REST_1100,RIDER_0011,2026-09-04 08:57:35,Delivered,6,5071.82,760.77,25.0,4336.05,Net Banking,8,0
ORD_0001997,CUST_00369,REST_1031,RIDER_0118,2026-08-04 19:17:57,Delivered,4,1176.06,50,77.17,1203.23,Credit Card,19,0
ORD_0001998,CUST_00403,REST_1043,RIDER_0015,2026-09-12 12:35:14,Delivered,2,2136.65,320.5,84.3,1900.45,UPI,12,1
ORD_0001999,CUST_00468,REST_1011,RIDER_0026,2026-08-26 16:24:18,Delivered,5,6216.41,932.46,92.7,5376.65,Cash on Delivery,16,0
ORD_0002000,CUST_00015,REST_1013,RIDER_0124,2026-08-03 19:58:00,Delivered,4,1589.0,238.35,0.0,1350.65,UPI,19,0
ORD_0002001,CUST_00129,REST_1069,RIDER_0059,2026-08-29 16:32:40,Delivered,5,3476.11,50,55.12,3481.23,Zomato Wallet,16,1
ORD_0002002,CUST_00402,REST_1050,RIDER_0093,2026-09-17 18:52:59,Delivered,2,322.99,48.45,59.85,334.39,Zomato Wallet,18,0
ORD_0002003,CUST_00351,REST_1007,RIDER_0042,2026-08-24 19:06:34,Delivered,5,2562.5,20,25.0,2567.5,Debit Card,19,0
ORD_0002004,CUST_00164,REST_1093,RIDER_0101,2026-09-02 17:10:33,Delivered,4,3971.57,0,25.0,3996.57,Debit Card,17,0
ORD_0002005,CUST_00444,REST_1037,RIDER_0061,2026-08-30 07:28:02,Delivered,1,606.68,50,100.27,656.95,UPI,7,1
ORD_0002006,CUST_00354,REST_1035,RIDER_0066,2026-09-02 09:10:20,Delivered,5,3639.18,545.88,27.07,3120.37,Credit Card,9,0
ORD_0002007,CUST_00017,REST_1059,RIDER_0071,2026-08-25 21:41:35,Delivered,3,1575.46,0,46.12,1621.58,Net Banking,21,0
ORD_0002008,CUST_00291,REST_1066,RIDER_0123,2026-08-28 02:03:44,Delivered,6,7155.31,1073.3,0.0,6082.01,Cash on Delivery,2,0
ORD_0002009,CUST_00063,REST_1062,RIDER_0070,2026-09-16 17:27:22,Delivered,4,2517.65,20,74.47,2572.12,Debit Card,17,0
ORD_0002010,CUST_00192,REST_1032,RIDER_0093,2026-08-23 07:59:33,Delivered,6,553.24,82.99,96.15,566.4,Debit Card,7,1
ORD_0002011,CUST_00292,REST_1034,RIDER_0061,2026-08-04 18:35:01,Delivered,6,1427.38,214.11,43.65,1256.92,Net Banking,18,0
ORD_0002012,CUST_00463,REST_1050,RIDER_0123,2026-09-20 23:52:30,Delivered,1,238.78,50,74.25,263.03,Debit Card,23,1
ORD_0002013,CUST_00007,REST_1078,RIDER_0108,2026-09-26 08:39:10,Delivered,3,602.14,90.32,48.68,560.5,Credit Card,8,1
ORD_0002014,CUST_00408,REST_1003,RIDER_0133,2026-09-16 17:22:31,Delivered,3,689.16,20,69.97,739.13,UPI,17,0
ORD_0002015,CUST_00373,REST_1044,RIDER_0021,2026-09-09 08:49:09,Delivered,5,3882.27,50,25.0,3857.27,Zomato Wallet,8,0
ORD_0002016,CUST_00455,REST_1031,RIDER_0068,2026-09-28 23:00:39,Delivered,4,1008.94,151.34,64.88,922.48,Net Banking,23,0
ORD_0002017,CUST_00134,REST_1027,RIDER_0009,2026-08-06 00:43:49,Delivered,4,1098.71,164.81,75.0,1008.9,Cash on Delivery,0,0
ORD_0002018,CUST_00035,REST_1068,RIDER_0149,2026-09-04 19:03:59,Delivered,5,4601.47,20,26.32,4607.79,Zomato Wallet,19,0
ORD_0002019,CUST_00459,REST_1072,RIDER_0129,2026-08-16 14:12:41,Refunded,2,223.74,20,69.52,273.26,Zomato Wallet,14,1
ORD_0002020,CUST_00321,REST_1032,RIDER_0011,2026-09-04 20:49:55,Delivered,3,415.75,62.36,68.85,422.24,UPI,20,0
ORD_0002021,CUST_00175,REST_1078,RIDER_0007,2026-08-12 23:50:06,Delivered,5,909.57,136.44,63.15,836.28,Zomato Wallet,23,0
ORD_0002022,CUST_00470,REST_1071,RIDER_0005,2026-09-16 05:55:22,Delivered,2,447.35,50,42.3,439.65,Debit Card,5,0
ORD_0002023,CUST_00147,REST_1013,RIDER_0135,2026-08-02 07:27:00,Delivered,6,1715.84,257.38,98.4,1556.86,Credit Card,7,1
ORD_0002024,CUST_00396,REST_1063,RIDER_0085,2026-08-03 17:46:08,Delivered,3,348.52,52.28,92.93,389.17,Debit Card,17,0
ORD_0002025,CUST_00384,REST_1068,RIDER_0040,2026-09-01 02:37:21,Delivered,5,6175.68,0,25.0,6200.68,Net Banking,2,0
ORD_0002026,CUST_00396,REST_1034,RIDER_0041,2026-09-15 16:13:59,Delivered,4,863.88,129.58,69.08,803.38,Cash on Delivery,16,0
ORD_0002027,CUST_00131,REST_1091,RIDER_0145,2026-09-28 21:45:21,Delivered,3,2591.53,20,25.0,2596.53,UPI,21,0
ORD_0002028,CUST_00145,REST_1012,RIDER_0107,2026-09-23 19:49:16,Delivered,1,632.15,94.82,84.45,621.78,Cash on Delivery,19,0
ORD_0002029,CUST_00193,REST_1048,RIDER_0086,2026-08-15 16:16:51,Delivered,3,1386.66,20,71.7,1438.36,Credit Card,16,1
ORD_0002030,CUST_00270,REST_1084,RIDER_0049,2026-09-12 14:54:00,Delivered,2,257.38,38.61,25.0,243.77,UPI,14,1
ORD_0002031,CUST_00247,REST_1003,RIDER_0099,2026-08-04 17:32:31,Delivered,3,557.56,50,110.25,617.81,Net Banking,17,0
ORD_0002032,CUST_00443,REST_1075,RIDER_0014,2026-08-17 14:12:25,Delivered,5,3880.57,50,78.08,3908.65,UPI,14,0
ORD_0002033,CUST_00372,REST_1078,RIDER_0128,2026-09-13 11:32:57,Delivered,3,519.25,77.89,88.88,530.24,Credit Card,11,1
ORD_0002034,CUST_00413,REST_1046,RIDER_0052,2026-09-03 19:47:51,Delivered,2,1579.36,20,87.67,1647.03,UPI,19,0
ORD_0002035,CUST_00375,REST_1012,RIDER_0050,2026-08-24 06:25:01,Delivered,5,2572.35,50,28.2,2550.55,Net Banking,6,0
ORD_0002036,CUST_00071,REST_1075,RIDER_0004,2026-09-06 11:21:44,Delivered,3,2046.85,50,53.85,2050.7,Credit Card,11,1
ORD_0002037,CUST_00288,REST_1048,RIDER_0066,2026-08-13 05:31:30,Delivered,5,2590.79,20,55.2,2625.99,Debit Card,5,0
ORD_0002038,CUST_00380,REST_1068,RIDER_0130,2026-08-20 01:39:05,Delivered,5,6562.5,50,55.27,6567.77,UPI,1,0
ORD_0002039,CUST_00456,REST_1092,RIDER_0077,2026-09-27 14:58:25,Delivered,3,2827.39,20,45.53,2852.92,Debit Card,14,1
ORD_0002040,CUST_00222,REST_1055,RIDER_0083,2026-08-14 01:29:40,Delivered,3,2727.63,409.14,33.3,2351.79,Zomato Wallet,1,0
ORD_0002041,CUST_00254,REST_1064,RIDER_0094,2026-09-01 02:33:57,Delivered,1,152.49,22.87,35.1,164.72,Net Banking,2,0
ORD_0002042,CUST_00023,REST_1100,RIDER_0059,2026-09-10 03:56:11,Delivered,5,4195.36,0,59.02,4254.38,Debit Card,3,0
ORD_0002043,CUST_00237,REST_1079,RIDER_0009,2026-09-17 03:10:04,Delivered,1,375.64,50,33.6,359.24,Zomato Wallet,3,0
ORD_0002044,CUST_00198,REST_1028,RIDER_0090,2026-09-15 18:52:55,Delivered,6,4178.86,626.83,42.0,3594.03,Credit Card,18,0
ORD_0002045,CUST_00387,REST_1070,RIDER_0126,2026-09-17 19:05:51,Delivered,1,109.22,50,43.5,102.72,Zomato Wallet,19,0
ORD_0002046,CUST_00441,REST_1075,RIDER_0107,2026-09-23 09:12:34,Delivered,6,3933.56,590.03,0.0,3343.53,Zomato Wallet,9,0
ORD_0002047,CUST_00062,REST_1090,RIDER_0106,2026-08-11 08:41:11,Delivered,3,874.16,50,97.12,921.28,Net Banking,8,0
ORD_0002048,CUST_00035,REST_1097,RIDER_0033,2026-08-07 23:01:50,Delivered,3,1027.97,50,105.75,1083.72,Cash on Delivery,23,0
ORD_0002049,CUST_00156,REST_1081,RIDER_0124,2026-09-24 11:45:04,Delivered,1,174.75,20,85.88,240.63,Debit Card,11,0
ORD_0002050,CUST_00200,REST_1097,RIDER_0047,2026-08-17 13:30:00,Delivered,1,409.73,0,86.7,496.43,Net Banking,13,0
ORD_0002051,CUST_00368,REST_1008,RIDER_0029,2026-09-16 09:51:21,Delivered,6,6770.23,50,48.82,6769.05,Debit Card,9,0
ORD_0002052,CUST_00089,REST_1035,RIDER_0004,2026-09-09 03:57:23,Delivered,3,2149.91,50,28.2,2128.11,Cash on Delivery,3,0
ORD_0002053,CUST_00410,REST_1010,RIDER_0001,2026-08-28 23:22:57,Delivered,2,768.84,50,98.78,817.62,Net Banking,23,0
ORD_0002054,CUST_00384,REST_1065,RIDER_0033,2026-08-22 07:17:57,Delivered,2,494.5,0,89.25,583.75,Cash on Delivery,7,1
ORD_0002055,CUST_00259,REST_1062,RIDER_0036,2026-08-06 13:26:13,Delivered,2,1522.01,228.3,0.0,1293.71,Net Banking,13,0
ORD_0002056,CUST_00016,REST_1035,RIDER_0101,2026-09-10 04:49:16,Delivered,2,1525.69,50,48.3,1523.99,Net Banking,4,0
ORD_0002057,CUST_00168,REST_1091,RIDER_0132,2026-08-27 05:14:08,Delivered,3,2865.47,0,43.27,2908.74,Net Banking,5,0
ORD_0002058,CUST_00177,REST_1035,RIDER_0028,2026-08-19 13:07:27,Delivered,6,4152.05,622.81,0.0,3529.24,UPI,13,0
ORD_0002059,CUST_00176,REST_1014,RIDER_0064,2026-08-05 08:05:37,Delivered,3,581.91,50,46.65,578.56,Cash on Delivery,8,0
ORD_0002060,CUST_00257,REST_1073,RIDER_0041,2026-09-27 05:45:11,Delivered,6,3537.21,0,106.5,3643.71,Net Banking,5,1
ORD_0002061,CUST_00212,REST_1046,RIDER_0148,2026-08-08 17:02:29,Delivered,2,1887.05,50,34.12,1871.17,Net Banking,17,1
ORD_0002062,CUST_00363,REST_1092,RIDER_0007,2026-08-12 18:24:41,Delivered,6,7307.51,50,66.38,7323.89,Net Banking,18,0
ORD_0002063,CUST_00415,REST_1075,RIDER_0102,2026-08-07 12:04:44,Delivered,1,842.81,126.42,0.0,716.39,UPI,12,0
ORD_0002064,CUST_00305,REST_1068,RIDER_0103,2026-09-12 02:43:42,Delivered,3,3892.8,583.92,61.58,3370.46,Credit Card,2,1
ORD_0002065,CUST_00008,REST_1011,RIDER_0149,2026-08-27 16:38:38,Delivered,1,1158.01,20,25.0,1163.01,Net Banking,16,0
ORD_0002066,CUST_00475,REST_1047,RIDER_0141,2026-09-22 08:38:13,Delivered,4,563.11,84.47,25.0,503.64,Credit Card,8,0
ORD_0002067,CUST_00484,REST_1001,RIDER_0052,2026-09-12 03:11:25,Delivered,6,1125.48,50,31.8,1107.28,Debit Card,3,1
ORD_0002068,CUST_00439,REST_1065,RIDER_0126,2026-08-27 21:49:46,Delivered,3,940.32,20,94.57,1014.89,Credit Card,21,0
ORD_0002069,CUST_00303,REST_1065,RIDER_0070,2026-09-10 09:02:05,Delivered,5,1600.16,0,100.2,1700.36,Credit Card,9,0
ORD_0002070,CUST_00217,REST_1062,RIDER_0033,2026-08-30 17:57:00,Cancelled,3,2298.82,20,36.75,2315.57,Debit Card,17,1
ORD_0002071,CUST_00198,REST_1013,RIDER_0081,2026-09-28 02:43:55,Delivered,1,323.88,48.58,89.33,364.63,Debit Card,2,0
ORD_0002072,CUST_00373,REST_1079,RIDER_0073,2026-08-23 17:39:13,Delivered,5,1753.83,0,95.17,1849.0,Cash on Delivery,17,1
ORD_0002073,CUST_00485,REST_1067,RIDER_0097,2026-09-17 09:02:56,Delivered,6,619.92,92.99,25.0,551.93,Credit Card,9,0
ORD_0002074,CUST_00035,REST_1011,RIDER_0023,2026-09-25 15:22:41,Delivered,5,4657.97,50,75.9,4683.87,UPI,15,0
ORD_0002075,CUST_00161,REST_1067,RIDER_0115,2026-09-26 06:59:47,Delivered,4,447.3,20,25.0,452.3,Zomato Wallet,6,1
ORD_0002076,CUST_00085,REST_1085,RIDER_0148,2026-08-31 03:08:30,Delivered,1,358.34,53.75,0.0,304.59,Net Banking,3,0
ORD_0002077,CUST_00274,REST_1045,RIDER_0074,2026-08-28 05:16:21,Delivered,5,3096.76,464.51,0.0,2632.25,Zomato Wallet,5,0
ORD_0002078,CUST_00362,REST_1008,RIDER_0047,2026-09-06 09:46:51,Delivered,3,3232.75,484.91,85.72,2833.56,UPI,9,1
ORD_0002079,CUST_00417,REST_1084,RIDER_0131,2026-09-09 07:59:44,Delivered,6,734.51,50,25.0,709.51,UPI,7,0
ORD_0002080,CUST_00031,REST_1026,RIDER_0136,2026-09-12 03:27:11,Delivered,2,737.2,110.58,41.62,668.24,Credit Card,3,1
ORD_0002081,CUST_00194,REST_1096,RIDER_0126,2026-09-20 11:44:21,Delivered,3,1175.58,176.34,58.2,1057.44,UPI,11,1
ORD_0002082,CUST_00245,REST_1055,RIDER_0094,2026-08-09 05:50:12,Delivered,4,3390.68,508.6,79.8,2961.88,Debit Card,5,1
ORD_0002083,CUST_00486,REST_1033,RIDER_0083,2026-08-13 14:06:52,Delivered,1,648.57,0,82.5,731.07,Debit Card,14,0
ORD_0002084,CUST_00244,REST_1050,RIDER_0060,2026-09-21 19:23:12,Delivered,1,204.9,0,97.2,302.1,Cash on Delivery,19,0
ORD_0002085,CUST_00035,REST_1097,RIDER_0058,2026-08-25 04:59:29,Delivered,6,1784.15,50,53.25,1787.4,Net Banking,4,0
ORD_0002086,CUST_00126,REST_1060,RIDER_0093,2026-08-13 11:34:35,Delivered,3,795.93,50,37.43,783.36,Zomato Wallet,11,0
ORD_0002087,CUST_00422,REST_1036,RIDER_0043,2026-08-26 04:40:53,Delivered,4,2607.48,391.12,110.55,2326.91,Zomato Wallet,4,0
ORD_0002088,CUST_00324,REST_1040,RIDER_0149,2026-09-13 23:13:06,Refunded,2,2235.85,335.38,0.0,1900.47,Zomato Wallet,23,1
ORD_0002089,CUST_00143,REST_1099,RIDER_0144,2026-09-12 03:25:42,Delivered,5,2332.53,50,85.72,2368.25,Debit Card,3,1
ORD_0002090,CUST_00072,REST_1085,RIDER_0001,2026-09-07 01:55:36,Delivered,5,1540.46,20,27.9,1548.36,UPI,1,0
ORD_0002091,CUST_00314,REST_1034,RIDER_0082,2026-09-21 08:29:45,Delivered,4,812.33,0,100.58,912.91,Credit Card,8,0
ORD_0002092,CUST_00221,REST_1072,RIDER_0049,2026-08-31 17:35:39,Delivered,5,734.76,20,77.1,791.86,Net Banking,17,0
ORD_0002093,CUST_00258,REST_1091,RIDER_0112,2026-08-13 13:36:55,Delivered,5,3427.46,20,25.0,3432.46,Credit Card,13,0
ORD_0002094,CUST_00108,REST_1001,RIDER_0148,2026-08-16 13:11:26,Delivered,3,673.15,100.97,95.77,667.95,Zomato Wallet,13,1
ORD_0002095,CUST_00125,REST_1004,RIDER_0142,2026-08-28 13:00:04,Delivered,2,420.2,63.03,0.0,357.17,Cash on Delivery,13,0
ORD_0002096,CUST_00145,REST_1097,RIDER_0021,2026-08-08 19:29:28,Delivered,6,1506.3,225.94,53.17,1333.53,UPI,19,1
ORD_0002097,CUST_00354,REST_1011,RIDER_0100,2026-09-09 01:12:30,Delivered,3,2429.41,364.41,32.92,2097.92,Cash on Delivery,1,0
ORD_0002098,CUST_00233,REST_1071,RIDER_0039,2026-08-15 20:30:47,Delivered,3,722.64,0,100.27,822.91,Zomato Wallet,20,1
ORD_0002099,CUST_00213,REST_1024,RIDER_0016,2026-08-17 18:41:06,Delivered,3,1079.49,50,97.35,1126.84,Zomato Wallet,18,0
ORD_0002100,CUST_00421,REST_1026,RIDER_0080,2026-08-26 23:35:07,Delivered,3,1611.06,0,25.0,1636.06,Credit Card,23,0
ORD_0002101,CUST_00221,REST_1054,RIDER_0015,2026-08-17 07:08:10,Delivered,1,1023.5,0,101.92,1125.42,UPI,7,0
ORD_0002102,CUST_00388,REST_1038,RIDER_0133,2026-09-05 10:33:30,Delivered,6,2574.78,386.22,25.0,2213.56,Net Banking,10,1
ORD_0002103,CUST_00337,REST_1044,RIDER_0032,2026-09-17 13:15:18,Delivered,5,4190.0,20,86.92,4256.92,Cash on Delivery,13,0
ORD_0002104,CUST_00260,REST_1087,RIDER_0019,2026-09-03 15:51:32,Delivered,2,679.8,20,89.18,748.98,Cash on Delivery,15,0
ORD_0002105,CUST_00311,REST_1075,RIDER_0043,2026-09-01 11:43:30,Delivered,5,2926.71,50,107.4,2984.11,UPI,11,0
ORD_0002106,CUST_00024,REST_1038,RIDER_0125,2026-08-24 09:00:41,Delivered,3,1526.12,50,70.2,1546.32,Net Banking,9,0
ORD_0002107,CUST_00182,REST_1055,RIDER_0054,2026-09-26 22:08:08,Delivered,1,769.09,115.36,0.0,653.73,UPI,22,1
ORD_0002108,CUST_00303,REST_1005,RIDER_0132,2026-08-31 01:08:34,Delivered,5,1973.07,50,91.88,2014.95,Cash on Delivery,1,0
ORD_0002109,CUST_00467,REST_1044,RIDER_0120,2026-09-16 10:42:57,Delivered,1,836.73,125.51,0.0,711.22,Net Banking,10,0
ORD_0002110,CUST_00438,REST_1004,RIDER_0008,2026-08-19 12:03:11,Delivered,5,898.06,50,81.45,929.51,Credit Card,12,0
ORD_0002111,CUST_00400,REST_1046,RIDER_0097,2026-09-08 08:27:38,Cancelled,4,2661.31,0,47.48,2708.79,Cash on Delivery,8,0
ORD_0002112,CUST_00001,REST_1044,RIDER_0112,2026-09-19 05:11:56,Delivered,5,4156.76,50,69.6,4176.36,UPI,5,1
ORD_0002113,CUST_00206,REST_1015,RIDER_0036,2026-09-07 11:38:05,Delivered,3,3872.79,0,70.95,3943.74,Zomato Wallet,11,0
ORD_0002114,CUST_00236,REST_1053,RIDER_0039,2026-08-25 10:41:44,Delivered,3,467.02,70.05,94.12,491.09,Cash on Delivery,10,0
ORD_0002115,CUST_00490,REST_1069,RIDER_0062,2026-09-27 05:48:18,Delivered,2,1200.05,50,46.43,1196.48,Credit Card,5,1
ORD_0002116,CUST_00131,REST_1100,RIDER_0126,2026-08-29 14:47:21,Delivered,4,3609.94,0,55.42,3665.36,Cash on Delivery,14,1
ORD_0002117,CUST_00021,REST_1097,RIDER_0107,2026-09-13 14:11:45,Delivered,4,1143.11,20,63.45,1186.56,UPI,14,1
ORD_0002118,CUST_00396,REST_1046,RIDER_0006,2026-09-02 08:36:00,Delivered,1,929.01,139.35,56.92,846.58,Zomato Wallet,8,0
ORD_0002119,CUST_00220,REST_1057,RIDER_0055,2026-08-03 02:55:29,Delivered,6,1946.62,0,57.3,2003.92,Net Banking,2,0
ORD_0002120,CUST_00296,REST_1067,RIDER_0026,2026-09-06 15:19:11,Delivered,1,89.5,50,41.7,81.2,Net Banking,15,1
ORD_0002121,CUST_00470,REST_1075,RIDER_0116,2026-08-10 18:15:40,Delivered,5,4480.13,0,105.0,4585.13,Cash on Delivery,18,0
ORD_0002122,CUST_00435,REST_1089,RIDER_0131,2026-09-04 16:18:39,Delivered,4,998.08,149.71,102.0,950.37,UPI,16,0
ORD_0002123,CUST_00179,REST_1087,RIDER_0086,2026-09-04 18:21:27,Delivered,5,1935.97,50,28.73,1914.7,Net Banking,18,0
ORD_0002124,CUST_00131,REST_1089,RIDER_0025,2026-08-26 08:30:09,Delivered,4,1238.71,0,85.5,1324.21,UPI,8,0
ORD_0002125,CUST_00394,REST_1080,RIDER_0125,2026-08-15 11:20:43,Delivered,3,291.35,43.7,68.62,316.27,Zomato Wallet,11,1
ORD_0002126,CUST_00459,REST_1054,RIDER_0030,2026-09-26 23:08:45,Delivered,3,3044.84,20,57.98,3082.82,Net Banking,23,1
ORD_0002127,CUST_00360,REST_1088,RIDER_0063,2026-09-16 01:36:04,Delivered,6,3805.1,570.76,101.78,3336.12,Net Banking,1,0
ORD_0002128,CUST_00254,REST_1045,RIDER_0031,2026-09-23 05:52:16,Delivered,2,1260.38,189.06,42.0,1113.32,Credit Card,5,0
ORD_0002129,CUST_00489,REST_1005,RIDER_0012,2026-08-28 13:00:36,Delivered,1,321.62,48.24,25.0,298.38,Net Banking,13,0
ORD_0002130,CUST_00362,REST_1063,RIDER_0027,2026-09-11 16:11:33,Delivered,3,295.96,44.39,52.88,304.45,Credit Card,16,0
ORD_0002131,CUST_00312,REST_1004,RIDER_0076,2026-08-20 11:56:13,Delivered,4,573.86,86.08,61.2,548.98,Debit Card,11,0
ORD_0002132,CUST_00164,REST_1052,RIDER_0080,2026-09-09 22:05:05,Delivered,4,955.53,50,36.83,942.36,Zomato Wallet,22,0
ORD_0002133,CUST_00201,REST_1023,RIDER_0082,2026-09-03 02:46:15,Delivered,4,650.57,97.59,25.0,577.98,Credit Card,2,0
ORD_0002134,CUST_00345,REST_1014,RIDER_0111,2026-09-06 07:33:57,Delivered,6,1526.19,20,53.77,1559.96,Zomato Wallet,7,1
ORD_0002135,CUST_00114,REST_1065,RIDER_0058,2026-08-16 05:25:19,Delivered,1,286.96,50,105.38,342.34,Debit Card,5,1
ORD_0002136,CUST_00096,REST_1013,RIDER_0058,2026-09-05 18:15:05,Delivered,4,1187.63,20,88.12,1255.75,Credit Card,18,1
ORD_0002137,CUST_00162,REST_1020,RIDER_0008,2026-09-11 19:25:44,Delivered,3,1723.34,20,25.0,1728.34,Debit Card,19,0
ORD_0002138,CUST_00476,REST_1091,RIDER_0150,2026-09-22 01:43:01,Delivered,2,1819.4,0,69.08,1888.48,UPI,1,0
ORD_0002139,CUST_00033,REST_1073,RIDER_0023,2026-09-15 21:31:54,Delivered,4,3643.99,20,90.6,3714.59,Credit Card,21,0
ORD_0002140,CUST_00137,REST_1095,RIDER_0065,2026-09-01 11:52:46,Delivered,2,680.4,102.06,0.0,578.34,Net Banking,11,0
ORD_0002141,CUST_00204,REST_1043,RIDER_0097,2026-08-07 12:21:38,Delivered,6,7229.86,20,41.62,7251.48,Zomato Wallet,12,0
ORD_0002142,CUST_00002,REST_1011,RIDER_0070,2026-09-20 07:27:14,Delivered,3,2381.87,50,79.5,2411.37,Zomato Wallet,7,1
ORD_0002143,CUST_00415,REST_1021,RIDER_0103,2026-09-19 01:51:47,Delivered,5,689.51,103.43,0.0,586.08,UPI,1,1
ORD_0002144,CUST_00280,REST_1020,RIDER_0069,2026-08-01 14:31:55,Delivered,6,3629.53,50,28.65,3608.18,Debit Card,14,1
ORD_0002145,CUST_00486,REST_1050,RIDER_0088,2026-09-19 08:35:23,Delivered,2,479.93,0,82.5,562.43,Net Banking,8,1
ORD_0002146,CUST_00215,REST_1004,RIDER_0036,2026-08-07 08:01:45,Delivered,4,870.31,0,25.43,895.74,Credit Card,8,0
ORD_0002147,CUST_00371,REST_1093,RIDER_0089,2026-09-23 23:53:57,Delivered,5,6004.41,20,62.4,6046.81,Zomato Wallet,23,0
ORD_0002148,CUST_00307,REST_1003,RIDER_0045,2026-09-06 19:01:06,Delivered,3,804.41,120.66,25.0,708.75,Zomato Wallet,19,1
ORD_0002149,CUST_00367,REST_1032,RIDER_0108,2026-09-06 23:33:46,Delivered,3,421.76,20,45.15,446.91,Cash on Delivery,23,1
ORD_0002150,CUST_00386,REST_1071,RIDER_0075,2026-08-09 19:04:38,Delivered,5,1423.44,0,49.58,1473.02,Credit Card,19,1
ORD_0002151,CUST_00434,REST_1050,RIDER_0006,2026-09-14 20:21:16,Delivered,2,362.64,54.4,110.62,418.86,Zomato Wallet,20,0
ORD_0002152,CUST_00187,REST_1095,RIDER_0093,2026-09-16 14:51:56,Delivered,5,1800.09,0,34.65,1834.74,UPI,14,0
ORD_0002153,CUST_00189,REST_1046,RIDER_0072,2026-08-13 17:03:20,Delivered,4,3219.06,20,77.85,3276.91,Credit Card,17,0
ORD_0002154,CUST_00415,REST_1021,RIDER_0118,2026-09-11 08:03:58,Delivered,4,435.11,65.27,0.0,369.84,UPI,8,0
ORD_0002155,CUST_00314,REST_1100,RIDER_0089,2026-09-01 23:29:32,Delivered,2,1835.21,0,73.72,1908.93,Net Banking,23,0
ORD_0002156,CUST_00348,REST_1001,RIDER_0108,2026-08-12 15:51:26,Delivered,5,1053.91,20,66.52,1100.43,Debit Card,15,0
ORD_0002157,CUST_00143,REST_1032,RIDER_0073,2026-08-23 23:56:16,Delivered,6,805.66,20,72.38,858.04,Zomato Wallet,23,1
ORD_0002158,CUST_00241,REST_1079,RIDER_0035,2026-08-05 01:37:43,Delivered,2,668.25,0,81.68,749.93,Cash on Delivery,1,0
ORD_0002159,CUST_00329,REST_1096,RIDER_0121,2026-09-15 05:28:31,Delivered,3,1087.93,163.19,89.18,1013.92,Cash on Delivery,5,0
ORD_0002160,CUST_00245,REST_1096,RIDER_0047,2026-09-13 07:35:40,Delivered,6,2976.11,446.42,55.5,2585.19,Debit Card,7,1
ORD_0002161,CUST_00222,REST_1024,RIDER_0059,2026-09-05 18:56:43,Delivered,3,1064.03,159.6,28.35,932.78,Zomato Wallet,18,1
ORD_0002162,CUST_00147,REST_1045,RIDER_0085,2026-09-26 02:50:50,Delivered,4,1747.17,262.08,87.75,1572.84,Zomato Wallet,2,1
ORD_0002163,CUST_00425,REST_1048,RIDER_0046,2026-09-20 03:15:27,Delivered,4,2535.23,50,43.73,2528.96,Cash on Delivery,3,1
ORD_0002164,CUST_00211,REST_1076,RIDER_0116,2026-09-20 01:11:40,Delivered,2,1694.06,50,76.8,1720.86,Credit Card,1,1
ORD_0002165,CUST_00167,REST_1100,RIDER_0075,2026-08-31 21:25:47,Delivered,2,1882.28,20,108.75,1971.03,UPI,21,0
ORD_0002166,CUST_00250,REST_1067,RIDER_0109,2026-08-13 09:47:18,Delivered,3,317.26,50,49.88,317.14,Net Banking,9,0
ORD_0002167,CUST_00292,REST_1017,RIDER_0123,2026-09-22 19:52:29,Delivered,1,598.97,89.85,72.98,582.1,Cash on Delivery,19,0
ORD_0002168,CUST_00342,REST_1078,RIDER_0015,2026-09-07 09:44:39,Delivered,5,1083.61,162.54,27.6,948.67,Cash on Delivery,9,0
ORD_0002169,CUST_00228,REST_1011,RIDER_0004,2026-09-18 16:22:19,Delivered,6,5195.84,50,25.0,5170.84,Debit Card,16,0
ORD_0002170,CUST_00369,REST_1074,RIDER_0109,2026-09-02 23:37:29,Delivered,3,1022.6,0,80.77,1103.37,Credit Card,23,0
ORD_0002171,CUST_00033,REST_1038,RIDER_0056,2026-08-24 21:37:59,Delivered,4,2213.13,20,30.0,2223.13,Credit Card,21,0
ORD_0002172,CUST_00427,REST_1095,RIDER_0086,2026-09-20 16:47:27,Delivered,6,2686.89,50,96.15,2733.04,UPI,16,1
ORD_0002173,CUST_00245,REST_1031,RIDER_0047,2026-09-18 13:27:45,Delivered,4,896.52,134.48,25.0,787.04,Net Banking,13,0
ORD_0002174,CUST_00255,REST_1088,RIDER_0070,2026-09-15 02:53:15,Delivered,2,1013.9,152.08,25.0,886.82,Net Banking,2,0
ORD_0002175,CUST_00337,REST_1048,RIDER_0013,2026-08-21 05:05:52,Delivered,3,1553.33,20,25.0,1558.33,Net Banking,5,0
ORD_0002176,CUST_00164,REST_1093,RIDER_0003,2026-09-15 02:50:39,Delivered,6,5359.19,50,107.93,5417.12,Net Banking,2,0
ORD_0002177,CUST_00138,REST_1075,RIDER_0019,2026-08-17 20:27:03,Delivered,2,1205.85,50,78.38,1234.23,Net Banking,20,0
ORD_0002178,CUST_00298,REST_1095,RIDER_0010,2026-09-25 15:42:49,Delivered,2,1079.48,0,41.48,1120.96,Credit Card,15,0
ORD_0002179,CUST_00365,REST_1011,RIDER_0014,2026-09-03 20:54:14,Delivered,6,4803.06,720.46,0.0,4082.6,Cash on Delivery,20,0
ORD_0002180,CUST_00448,REST_1084,RIDER_0064,2026-09-27 17:18:28,Delivered,5,536.53,50,51.38,537.91,Net Banking,17,1
ORD_0002181,CUST_00357,REST_1014,RIDER_0086,2026-09-04 01:11:21,Delivered,5,1115.11,167.27,39.45,987.29,UPI,1,0
ORD_0002182,CUST_00005,REST_1009,RIDER_0033,2026-09-24 18:18:14,Delivered,5,5422.8,813.42,34.2,4643.58,Debit Card,18,0
ORD_0002183,CUST_00081,REST_1006,RIDER_0064,2026-09-11 05:39:39,Delivered,1,433.42,65.01,0.0,368.41,Zomato Wallet,5,0
ORD_0002184,CUST_00033,REST_1073,RIDER_0106,2026-08-08 07:04:04,Delivered,2,1296.09,20,57.23,1333.32,Credit Card,7,1
ORD_0002185,CUST_00166,REST_1099,RIDER_0007,2026-09-11 11:46:00,Delivered,2,1318.43,20,28.88,1327.31,Cash on Delivery,11,0
ORD_0002186,CUST_00270,REST_1084,RIDER_0027,2026-09-05 09:51:49,Delivered,4,585.81,87.87,83.1,581.04,Zomato Wallet,9,1
ORD_0002187,CUST_00142,REST_1069,RIDER_0083,2026-08-03 07:53:29,Delivered,3,1913.38,0,55.42,1968.8,UPI,7,0
ORD_0002188,CUST_00246,REST_1066,RIDER_0104,2026-08-30 04:34:50,Delivered,1,1127.78,20,92.55,1200.33,UPI,4,1
ORD_0002189,CUST_00250,REST_1080,RIDER_0126,2026-08-25 06:53:50,Delivered,4,398.47,20,34.88,413.35,Debit Card,6,0
ORD_0002190,CUST_00170,REST_1042,RIDER_0057,2026-08-22 18:15:21,Delivered,2,1882.14,50,39.6,1871.74,Credit Card,18,1
ORD_0002191,CUST_00258,REST_1023,RIDER_0020,2026-09-02 12:48:22,Delivered,1,172.31,0,25.0,197.31,Debit Card,12,0
ORD_0002192,CUST_00243,REST_1033,RIDER_0107,2026-08-02 14:37:48,Delivered,3,1579.86,50,72.67,1602.53,Credit Card,14,1
ORD_0002193,CUST_00210,REST_1040,RIDER_0005,2026-09-24 14:14:57,Delivered,6,5385.09,20,63.3,5428.39,Cash on Delivery,14,0
ORD_0002194,CUST_00271,REST_1085,RIDER_0090,2026-09-19 22:00:37,Delivered,6,2385.7,20,54.98,2420.68,UPI,22,1
ORD_0002195,CUST_00314,REST_1089,RIDER_0065,2026-08-25 12:36:18,Delivered,2,608.63,20,35.92,624.55,Net Banking,12,0
ORD_0002196,CUST_00073,REST_1048,RIDER_0130,2026-08-26 15:54:58,Delivered,5,2222.08,333.31,61.58,1950.35,Cash on Delivery,15,0
ORD_0002197,CUST_00241,REST_1061,RIDER_0096,2026-09-16 21:19:03,Delivered,1,1274.98,20,69.45,1324.43,Debit Card,21,0
ORD_0002198,CUST_00195,REST_1061,RIDER_0141,2026-09-04 09:59:37,Delivered,2,1859.49,0,38.03,1897.52,Zomato Wallet,9,0
ORD_0002199,CUST_00053,REST_1033,RIDER_0049,2026-09-28 06:37:34,Delivered,2,1366.07,204.91,0.0,1161.16,Net Banking,6,0
ORD_0002200,CUST_00293,REST_1040,RIDER_0041,2026-09-17 22:55:57,Delivered,5,5194.19,50,27.98,5172.17,Net Banking,22,0
ORD_0002201,CUST_00441,REST_1082,RIDER_0038,2026-09-15 06:26:31,Delivered,6,829.86,124.48,0.0,705.38,Net Banking,6,0
ORD_0002202,CUST_00211,REST_1007,RIDER_0146,2026-09-17 13:01:39,Delivered,1,657.29,0,76.05,733.34,Debit Card,13,0
ORD_0002203,CUST_00361,REST_1016,RIDER_0103,2026-08-15 07:05:02,Delivered,4,804.86,50,105.38,860.24,Credit Card,7,1
ORD_0002204,CUST_00076,REST_1063,RIDER_0133,2026-08-15 10:01:16,Delivered,6,656.71,20,44.25,680.96,Net Banking,10,1
ORD_0002205,CUST_00105,REST_1092,RIDER_0142,2026-09-11 23:42:06,Delivered,4,4555.31,50,25.8,4531.11,Debit Card,23,0
ORD_0002206,CUST_00354,REST_1087,RIDER_0001,2026-09-04 10:33:59,Delivered,2,1021.69,153.25,28.95,897.39,UPI,10,0
ORD_0002207,CUST_00380,REST_1004,RIDER_0090,2026-08-08 00:18:19,Delivered,3,536.44,0,90.38,626.82,UPI,0,1
ORD_0002208,CUST_00094,REST_1072,RIDER_0134,2026-09-01 10:24:28,Delivered,6,740.06,20,31.88,751.94,Net Banking,10,0
ORD_0002209,CUST_00290,REST_1005,RIDER_0136,2026-09-05 03:50:21,Delivered,5,2037.76,20,63.15,2080.91,Credit Card,3,1
ORD_0002210,CUST_00218,REST_1065,RIDER_0106,2026-08-04 12:05:07,Delivered,4,1529.26,50,104.33,1583.59,Debit Card,12,0
ORD_0002211,CUST_00247,REST_1088,RIDER_0034,2026-09-03 09:27:34,Delivered,5,2922.18,0,108.67,3030.85,Debit Card,9,0
ORD_0002212,CUST_00271,REST_1083,RIDER_0039,2026-08-20 13:16:03,Delivered,1,1059.52,0,43.95,1103.47,UPI,13,0
ORD_0002213,CUST_00405,REST_1045,RIDER_0078,2026-09-25 08:13:20,Delivered,3,1831.69,50,33.98,1815.67,Net Banking,8,0
ORD_0002214,CUST_00226,REST_1054,RIDER_0012,2026-08-04 03:08:50,Delivered,5,5464.69,0,25.0,5489.69,UPI,3,0
ORD_0002215,CUST_00457,REST_1091,RIDER_0010,2026-09-06 08:50:43,Delivered,6,5338.54,0,40.65,5379.19,Credit Card,8,1
ORD_0002216,CUST_00202,REST_1035,RIDER_0144,2026-08-21 03:57:27,Delivered,5,4632.61,0,50.18,4682.79,Cash on Delivery,3,0
ORD_0002217,CUST_00121,REST_1069,RIDER_0017,2026-08-28 20:37:45,Delivered,4,2161.65,0,97.88,2259.53,UPI,20,0
ORD_0002218,CUST_00374,REST_1014,RIDER_0067,2026-09-03 16:51:23,Delivered,6,1462.6,219.39,30.6,1273.81,Zomato Wallet,16,0
ORD_0002219,CUST_00324,REST_1018,RIDER_0081,2026-08-10 04:32:39,Delivered,2,515.73,77.36,0.0,438.37,Cash on Delivery,4,0
ORD_0002220,CUST_00060,REST_1040,RIDER_0105,2026-09-20 19:45:15,Delivered,3,2936.55,440.48,0.0,2496.07,Credit Card,19,1
ORD_0002221,CUST_00187,REST_1002,RIDER_0026,2026-09-06 00:54:41,Delivered,3,303.57,0,34.73,338.3,Net Banking,0,1
ORD_0002222,CUST_00232,REST_1074,RIDER_0045,2026-08-15 18:05:15,Delivered,6,2678.89,20,89.25,2748.14,Debit Card,18,1
ORD_0002223,CUST_00062,REST_1045,RIDER_0060,2026-08-21 10:47:59,Delivered,1,499.52,20,25.0,504.52,Net Banking,10,0
ORD_0002224,CUST_00190,REST_1018,RIDER_0111,2026-08-25 09:47:21,Delivered,4,1496.98,224.55,0.0,1272.43,Debit Card,9,0
ORD_0002225,CUST_00428,REST_1048,RIDER_0119,2026-09-23 04:36:43,Delivered,2,1106.55,165.98,25.0,965.57,Debit Card,4,0
ORD_0002226,CUST_00160,REST_1038,RIDER_0122,2026-09-09 12:30:11,Cancelled,3,2020.37,20,25.0,2025.37,Net Banking,12,0
ORD_0002227,CUST_00356,REST_1020,RIDER_0049,2026-09-03 05:59:34,Delivered,6,3725.85,0,28.5,3754.35,Debit Card,5,0
ORD_0002228,CUST_00442,REST_1073,RIDER_0089,2026-08-07 01:45:21,Delivered,6,4228.87,0,94.95,4323.82,Debit Card,1,0
ORD_0002229,CUST_00262,REST_1057,RIDER_0135,2026-08-16 17:40:30,Delivered,2,719.8,107.97,80.1,691.93,Cash on Delivery,17,1
ORD_0002230,CUST_00376,REST_1050,RIDER_0039,2026-09-08 12:46:03,Delivered,4,926.36,138.95,56.92,844.33,Debit Card,12,0
ORD_0002231,CUST_00315,REST_1061,RIDER_0130,2026-09-18 10:25:00,Delivered,3,3272.89,490.93,0.0,2781.96,Cash on Delivery,10,0
ORD_0002232,CUST_00104,REST_1078,RIDER_0126,2026-09-02 16:39:03,Delivered,4,723.55,108.53,74.02,689.04,Cash on Delivery,16,0
ORD_0002233,CUST_00003,REST_1088,RIDER_0085,2026-08-22 08:47:39,Delivered,1,690.58,103.59,50.25,637.24,Credit Card,8,1
ORD_0002234,CUST_00248,REST_1063,RIDER_0004,2026-09-02 04:55:09,Delivered,2,187.73,28.16,33.82,193.39,Zomato Wallet,4,0
ORD_0002235,CUST_00373,REST_1020,RIDER_0132,2026-08-01 13:42:19,Delivered,1,908.52,0,25.0,933.52,Zomato Wallet,13,1
ORD_0002236,CUST_00315,REST_1069,RIDER_0050,2026-08-07 00:45:02,Delivered,5,3463.63,519.54,0.0,2944.09,Credit Card,0,0
ORD_0002237,CUST_00012,REST_1088,RIDER_0097,2026-09-10 10:25:58,Delivered,2,1086.24,50,25.0,1061.24,Credit Card,10,0
ORD_0002238,CUST_00075,REST_1053,RIDER_0027,2026-09-22 11:16:10,Delivered,2,347.47,52.12,0.0,295.35,Credit Card,11,0
ORD_0002239,CUST_00166,REST_1099,RIDER_0149,2026-09-17 05:48:23,Delivered,4,2451.08,0,103.2,2554.28,Net Banking,5,0
ORD_0002240,CUST_00215,REST_1068,RIDER_0013,2026-09-20 19:58:30,Delivered,2,1665.08,0,30.9,1695.98,Credit Card,19,1
ORD_0002241,CUST_00101,REST_1024,RIDER_0135,2026-09-13 01:30:36,Delivered,1,520.52,20,25.0,525.52,Zomato Wallet,1,1
ORD_0002242,CUST_00091,REST_1056,RIDER_0011,2026-09-15 21:04:57,Delivered,3,1203.73,20,25.0,1208.73,Zomato Wallet,21,0
ORD_0002243,CUST_00272,REST_1038,RIDER_0017,2026-08-22 11:25:10,Delivered,2,921.11,138.17,26.18,809.12,Zomato Wallet,11,1
ORD_0002244,CUST_00058,REST_1049,RIDER_0064,2026-09-22 12:12:49,Delivered,2,408.18,50,78.75,436.93,Debit Card,12,0
ORD_0002245,CUST_00138,REST_1076,RIDER_0140,2026-08-05 02:29:43,Delivered,4,2897.75,50,25.0,2872.75,Credit Card,2,0
ORD_0002246,CUST_00180,REST_1068,RIDER_0094,2026-08-01 16:50:13,Delivered,1,1250.98,20,37.57,1268.55,UPI,16,1
ORD_0002247,CUST_00028,REST_1035,RIDER_0030,2026-09-12 03:11:46,Delivered,1,673.1,0,89.55,762.65,Debit Card,3,1
ORD_0002248,CUST_00298,REST_1041,RIDER_0068,2026-08-01 19:54:33,Delivered,2,2627.88,0,25.0,2652.88,UPI,19,1
ORD_0002249,CUST_00223,REST_1022,RIDER_0045,2026-09-06 06:01:32,Delivered,2,326.22,20,25.0,331.22,UPI,6,1
ORD_0002250,CUST_00489,REST_1012,RIDER_0049,2026-08-10 06:40:27,Delivered,3,1544.79,231.72,25.0,1338.07,Debit Card,6,0
ORD_0002251,CUST_00015,REST_1064,RIDER_0019,2026-09-27 02:32:44,Delivered,2,407.54,61.13,0.0,346.41,Net Banking,2,1
ORD_0002252,CUST_00187,REST_1080,RIDER_0095,2026-08-08 11:51:22,Delivered,1,96.88,0,57.15,154.03,Cash on Delivery,11,1
ORD_0002253,CUST_00193,REST_1079,RIDER_0026,2026-08-05 07:38:45,Delivered,4,1288.21,20,49.5,1317.71,Debit Card,7,0
ORD_0002254,CUST_00189,REST_1072,RIDER_0022,2026-09-17 10:21:54,Delivered,5,702.2,20,43.35,725.55,Zomato Wallet,10,0
ORD_0002255,CUST_00084,REST_1056,RIDER_0032,2026-08-30 17:11:08,Delivered,1,315.18,47.28,62.77,330.67,Credit Card,17,1
ORD_0002256,CUST_00048,REST_1010,RIDER_0067,2026-08-15 19:40:33,Delivered,3,1543.61,231.54,82.8,1394.87,Net Banking,19,1
ORD_0002257,CUST_00039,REST_1079,RIDER_0068,2026-08-09 00:23:31,Delivered,1,339.98,20,67.5,387.48,UPI,0,1
ORD_0002258,CUST_00333,REST_1098,RIDER_0024,2026-09-16 21:39:13,Delivered,1,151.34,50,50.18,151.52,Credit Card,21,0
ORD_0002259,CUST_00439,REST_1006,RIDER_0134,2026-08-08 13:45:57,Delivered,3,953.25,0,55.42,1008.67,Zomato Wallet,13,1
ORD_0002260,CUST_00333,REST_1093,RIDER_0082,2026-08-28 06:36:27,Delivered,5,6104.74,0,96.3,6201.04,UPI,6,0
ORD_0002261,CUST_00391,REST_1027,RIDER_0078,2026-08-06 19:31:03,Delivered,3,1212.53,50,94.28,1256.81,Credit Card,19,0
ORD_0002262,CUST_00032,REST_1075,RIDER_0076,2026-08-12 07:21:23,Delivered,2,1534.82,50,84.75,1569.57,UPI,7,0
ORD_0002263,CUST_00174,REST_1080,RIDER_0039,2026-08-23 03:47:58,Delivered,3,297.81,0,37.5,335.31,Net Banking,3,1
ORD_0002264,CUST_00139,REST_1091,RIDER_0081,2026-07-31 23:19:00,Delivered,2,1500.64,225.1,52.88,1328.42,Zomato Wallet,23,0
ORD_0002265,CUST_00381,REST_1048,RIDER_0027,2026-08-01 04:45:07,Delivered,6,3098.21,464.73,105.53,2739.01,UPI,4,1
ORD_0002266,CUST_00008,REST_1043,RIDER_0028,2026-08-31 09:02:08,Delivered,2,1801.93,50,73.65,1825.58,Zomato Wallet,9,0
ORD_0002267,CUST_00439,REST_1084,RIDER_0064,2026-09-10 23:44:34,Delivered,2,184.56,50,86.4,220.96,Debit Card,23,0
ORD_0002268,CUST_00243,REST_1015,RIDER_0022,2026-08-11 06:22:32,Delivered,1,1175.76,20,61.88,1217.64,UPI,6,0
ORD_0002269,CUST_00307,REST_1039,RIDER_0124,2026-09-24 10:28:02,Delivered,2,428.2,64.23,25.0,388.97,Zomato Wallet,10,0
ORD_0002270,CUST_00148,REST_1010,RIDER_0110,2026-08-09 06:04:49,Delivered,6,3009.43,20,25.0,3014.43,Net Banking,6,1
ORD_0002271,CUST_00457,REST_1100,RIDER_0007,2026-09-18 14:40:09,Delivered,2,1888.02,0,108.67,1996.69,Cash on Delivery,14,0
ORD_0002272,CUST_00399,REST_1034,RIDER_0054,2026-08-23 11:36:26,Delivered,6,1581.33,0,106.5,1687.83,Debit Card,11,1
ORD_0002273,CUST_00457,REST_1062,RIDER_0032,2026-09-10 06:29:52,Delivered,6,5060.14,0,26.85,5086.99,Debit Card,6,0
ORD_0002274,CUST_00120,REST_1099,RIDER_0066,2026-08-17 12:15:31,Delivered,3,1426.62,20,101.62,1508.24,Net Banking,12,0
ORD_0002275,CUST_00034,REST_1060,RIDER_0037,2026-09-02 06:52:03,Refunded,6,1655.05,248.26,25.0,1431.79,Debit Card,6,0
ORD_0002276,CUST_00353,REST_1093,RIDER_0141,2026-09-16 18:48:04,Delivered,2,2077.42,20,59.4,2116.82,Net Banking,18,0
ORD_0002277,CUST_00492,REST_1006,RIDER_0033,2026-09-25 15:32:35,Delivered,1,321.61,20,25.0,326.61,Zomato Wallet,15,0
ORD_0002278,CUST_00489,REST_1085,RIDER_0074,2026-08-10 02:26:31,Delivered,1,342.6,51.39,26.4,317.61,Cash on Delivery,2,0
ORD_0002279,CUST_00454,REST_1090,RIDER_0122,2026-08-05 19:05:30,Delivered,1,298.0,44.7,0.0,253.3,Cash on Delivery,19,0
ORD_0002280,CUST_00491,REST_1081,RIDER_0053,2026-09-15 14:54:20,Delivered,6,1172.34,175.85,0.0,996.49,Zomato Wallet,14,0
ORD_0002281,CUST_00108,REST_1045,RIDER_0018,2026-09-05 04:45:55,Delivered,2,1164.19,174.63,25.0,1014.56,Zomato Wallet,4,1
ORD_0002282,CUST_00050,REST_1048,RIDER_0054,2026-09-12 06:53:35,Delivered,3,1537.73,230.66,25.0,1332.07,Net Banking,6,1
ORD_0002283,CUST_00008,REST_1004,RIDER_0083,2026-08-22 15:09:03,Cancelled,1,206.71,50,102.67,259.38,Cash on Delivery,15,1
ORD_0002284,CUST_00334,REST_1050,RIDER_0133,2026-08-31 07:24:21,Delivered,5,1187.64,178.15,0.0,1009.49,Debit Card,7,0
ORD_0002285,CUST_00377,REST_1069,RIDER_0057,2026-09-14 03:25:16,Delivered,6,2579.98,0,25.0,2604.98,Net Banking,3,0
ORD_0002286,CUST_00253,REST_1009,RIDER_0103,2026-08-20 17:46:28,Delivered,4,4613.32,0,87.07,4700.39,Cash on Delivery,17,0
ORD_0002287,CUST_00251,REST_1044,RIDER_0030,2026-08-18 12:31:36,Delivered,4,3155.58,50,35.1,3140.68,Net Banking,12,0
ORD_0002288,CUST_00459,REST_1008,RIDER_0074,2026-09-05 01:43:05,Delivered,3,3050.46,50,61.8,3062.26,Debit Card,1,1
ORD_0002289,CUST_00139,REST_1072,RIDER_0063,2026-08-14 08:36:19,Delivered,5,445.02,66.75,45.75,424.02,Credit Card,8,0
ORD_0002290,CUST_00469,REST_1063,RIDER_0031,2026-08-12 14:33:21,Delivered,5,545.49,81.82,25.0,488.67,Zomato Wallet,14,0
ORD_0002291,CUST_00012,REST_1025,RIDER_0081,2026-08-31 04:38:00,Delivered,6,1247.29,20,25.0,1252.29,Zomato Wallet,4,0
ORD_0002292,CUST_00381,REST_1082,RIDER_0021,2026-09-12 11:15:47,Delivered,6,660.59,99.09,35.85,597.35,Debit Card,11,1
ORD_0002293,CUST_00341,REST_1065,RIDER_0108,2026-09-16 01:40:19,Delivered,3,1050.74,50,90.38,1091.12,UPI,1,0
ORD_0002294,CUST_00013,REST_1006,RIDER_0058,2026-08-25 01:04:19,Cancelled,1,402.21,20,97.12,479.33,Debit Card,1,0
ORD_0002295,CUST_00402,REST_1055,RIDER_0111,2026-09-03 22:24:46,Delivered,4,2647.79,397.17,40.58,2291.2,Cash on Delivery,22,0
ORD_0002296,CUST_00271,REST_1035,RIDER_0076,2026-09-21 00:50:47,Delivered,5,3961.92,0,91.58,4053.5,Net Banking,0,0
ORD_0002297,CUST_00162,REST_1076,RIDER_0109,2026-08-05 22:05:04,Delivered,1,628.26,0,25.0,653.26,Net Banking,22,0
ORD_0002298,CUST_00349,REST_1073,RIDER_0016,2026-09-23 02:40:23,Delivered,3,2808.1,20,77.85,2865.95,UPI,2,0
ORD_0002299,CUST_00132,REST_1010,RIDER_0111,2026-08-26 16:44:59,Delivered,1,455.81,50,58.05,463.86,Credit Card,16,0
ORD_0002300,CUST_00081,REST_1037,RIDER_0032,2026-09-25 17:44:26,Delivered,4,3055.83,458.37,0.0,2597.46,Debit Card,17,0
ORD_0002301,CUST_00215,REST_1060,RIDER_0094,2026-09-18 01:58:42,Delivered,1,283.35,0,70.88,354.23,Zomato Wallet,1,0
ORD_0002302,CUST_00478,REST_1090,RIDER_0041,2026-09-25 04:32:50,Delivered,3,889.28,50,55.65,894.93,UPI,4,0
ORD_0002303,CUST_00295,REST_1088,RIDER_0080,2026-09-06 08:59:23,Delivered,6,3867.8,580.17,43.65,3331.28,Cash on Delivery,8,1
ORD_0002304,CUST_00010,REST_1079,RIDER_0063,2026-09-15 11:51:41,Delivered,5,1636.27,0,49.5,1685.77,UPI,11,0
ORD_0002305,CUST_00058,REST_1091,RIDER_0026,2026-09-21 06:44:32,Delivered,4,3350.72,20,55.35,3386.07,Zomato Wallet,6,0
ORD_0002306,CUST_00302,REST_1032,RIDER_0049,2026-09-04 11:04:00,Delivered,2,189.15,28.37,0.0,160.78,Cash on Delivery,11,0
ORD_0002307,CUST_00476,REST_1008,RIDER_0136,2026-09-03 12:21:40,Delivered,2,2416.15,50,51.9,2418.05,Zomato Wallet,12,0
ORD_0002308,CUST_00213,REST_1099,RIDER_0012,2026-08-29 11:07:56,Delivered,1,501.51,20,96.3,577.81,Net Banking,11,1
ORD_0002309,CUST_00029,REST_1021,RIDER_0094,2026-08-01 19:38:30,Delivered,6,758.62,113.79,80.1,724.93,Net Banking,19,1
ORD_0002310,CUST_00068,REST_1068,RIDER_0100,2026-08-21 01:28:34,Delivered,3,3518.73,50,59.02,3527.75,Net Banking,1,0
ORD_0002311,CUST_00427,REST_1095,RIDER_0105,2026-08-20 11:36:59,Delivered,5,2585.81,0,33.68,2619.49,Zomato Wallet,11,0
ORD_0002312,CUST_00241,REST_1079,RIDER_0034,2026-09-20 07:19:48,Delivered,5,1995.64,20,72.75,2048.39,Zomato Wallet,7,1
ORD_0002313,CUST_00140,REST_1022,RIDER_0110,2026-09-08 04:19:01,Delivered,4,832.54,20,25.0,837.54,Credit Card,4,0
ORD_0002314,CUST_00395,REST_1060,RIDER_0051,2026-09-04 00:45:44,Delivered,3,608.98,91.35,25.0,542.63,Net Banking,0,0
ORD_0002315,CUST_00132,REST_1021,RIDER_0072,2026-09-16 17:06:52,Delivered,5,541.77,50,25.0,516.77,Credit Card,17,0
ORD_0002316,CUST_00199,REST_1006,RIDER_0090,2026-09-10 12:15:41,Delivered,4,1862.9,0,71.55,1934.45,Credit Card,12,0
ORD_0002317,CUST_00073,REST_1044,RIDER_0123,2026-08-29 03:18:16,Delivered,1,780.88,117.13,32.62,696.37,Net Banking,3,1
ORD_0002318,CUST_00328,REST_1054,RIDER_0031,2026-08-11 11:59:14,Delivered,2,1614.99,0,74.78,1689.77,Cash on Delivery,11,0
ORD_0002319,CUST_00307,REST_1013,RIDER_0068,2026-09-11 05:51:49,Delivered,5,1936.9,290.54,102.3,1748.66,UPI,5,0
ORD_0002320,CUST_00309,REST_1070,RIDER_0111,2026-09-11 01:21:38,Delivered,2,244.7,36.7,74.92,282.92,Net Banking,1,0
ORD_0002321,CUST_00442,REST_1059,RIDER_0041,2026-09-20 11:49:29,Delivered,1,480.4,0,60.07,540.47,Zomato Wallet,11,1
ORD_0002322,CUST_00233,REST_1092,RIDER_0053,2026-08-07 06:56:33,Delivered,4,4055.73,50,49.88,4055.61,Zomato Wallet,6,0
ORD_0002323,CUST_00346,REST_1077,RIDER_0063,2026-09-14 06:34:52,Delivered,6,6357.45,20,25.0,6362.45,UPI,6,0
ORD_0002324,CUST_00438,REST_1085,RIDER_0112,2026-09-12 00:01:59,Refunded,5,1298.03,20,25.88,1303.91,Zomato Wallet,0,1
ORD_0002325,CUST_00447,REST_1098,RIDER_0043,2026-09-26 23:43:46,Delivered,4,648.16,50,47.48,645.64,Credit Card,23,1
ORD_0002326,CUST_00361,REST_1001,RIDER_0118,2026-08-09 23:24:20,Delivered,2,464.1,0,66.83,530.93,Net Banking,23,1
ORD_0002327,CUST_00052,REST_1059,RIDER_0102,2026-08-21 14:24:13,Delivered,1,476.84,71.53,90.6,495.91,Debit Card,14,0
ORD_0002328,CUST_00432,REST_1048,RIDER_0024,2026-08-21 07:08:14,Delivered,6,3350.11,502.52,57.68,2905.27,UPI,7,0
ORD_0002329,CUST_00231,REST_1039,RIDER_0107,2026-08-02 17:46:16,Delivered,4,645.24,0,90.82,736.06,Cash on Delivery,17,1
ORD_0002330,CUST_00325,REST_1009,RIDER_0022,2026-07-31 14:19:46,Delivered,5,5545.6,831.84,25.0,4738.76,Credit Card,14,0
ORD_0002331,CUST_00347,REST_1043,RIDER_0004,2026-07-31 01:15:59,Delivered,2,2547.1,20,51.45,2578.55,Debit Card,1,0
ORD_0002332,CUST_00425,REST_1079,RIDER_0022,2026-08-06 06:31:59,Delivered,3,762.61,20,93.67,836.28,UPI,6,0
ORD_0002333,CUST_00293,REST_1030,RIDER_0105,2026-08-05 16:29:26,Delivered,4,958.68,50,93.75,1002.43,UPI,16,0
ORD_0002334,CUST_00132,REST_1081,RIDER_0086,2026-09-05 13:15:53,Delivered,4,905.97,0,25.0,930.97,Debit Card,13,1
ORD_0002335,CUST_00355,REST_1077,RIDER_0107,2026-08-10 16:31:12,Delivered,4,3320.61,0,88.58,3409.19,Cash on Delivery,16,0
ORD_0002336,CUST_00050,REST_1071,RIDER_0015,2026-09-04 21:07:00,Delivered,3,657.8,98.67,107.4,666.53,Cash on Delivery,21,0
ORD_0002337,CUST_00436,REST_1061,RIDER_0012,2026-08-25 13:05:30,Delivered,3,3573.49,50,36.6,3560.09,Zomato Wallet,13,0
ORD_0002338,CUST_00034,REST_1065,RIDER_0032,2026-08-22 02:47:03,Delivered,5,1445.56,216.83,53.7,1282.43,Net Banking,2,1
ORD_0002339,CUST_00372,REST_1097,RIDER_0130,2026-08-11 08:17:32,Delivered,1,252.72,37.91,39.08,253.89,Debit Card,8,0
ORD_0002340,CUST_00344,REST_1037,RIDER_0120,2026-09-07 01:10:21,Delivered,1,688.98,0,50.92,739.9,Net Banking,1,0
ORD_0002341,CUST_00388,REST_1032,RIDER_0138,2026-07-31 14:58:07,Delivered,4,375.66,56.35,25.0,344.31,Net Banking,14,0
ORD_0002342,CUST_00024,REST_1094,RIDER_0110,2026-09-16 10:25:49,Delivered,2,594.79,0,25.0,619.79,UPI,10,0
ORD_0002343,CUST_00304,REST_1012,RIDER_0029,2026-09-04 05:28:22,Delivered,4,2773.91,416.09,25.12,2382.94,Zomato Wallet,5,0
ORD_0002344,CUST_00088,REST_1009,RIDER_0089,2026-09-26 14:52:32,Delivered,4,4379.97,657.0,68.55,3791.52,Cash on Delivery,14,1
ORD_0002345,CUST_00387,REST_1070,RIDER_0034,2026-08-05 22:48:19,Delivered,6,539.43,0,63.3,602.73,Zomato Wallet,22,0
ORD_0002346,CUST_00368,REST_1042,RIDER_0118,2026-08-06 02:09:43,Delivered,1,687.22,20,32.1,699.32,Net Banking,2,0
ORD_0002347,CUST_00224,REST_1075,RIDER_0039,2026-09-24 15:10:54,Delivered,1,613.1,20,50.4,643.5,Net Banking,15,0
ORD_0002348,CUST_00097,REST_1026,RIDER_0016,2026-08-14 10:19:53,Refunded,1,402.12,20,27.15,409.27,Cash on Delivery,10,0
ORD_0002349,CUST_00410,REST_1076,RIDER_0053,2026-09-23 07:16:13,Refunded,1,952.9,50,59.77,962.67,Debit Card,7,0
ORD_0002350,CUST_00277,REST_1059,RIDER_0132,2026-08-27 22:16:52,Delivered,5,1835.37,0,110.25,1945.62,Debit Card,22,0
ORD_0002351,CUST_00116,REST_1065,RIDER_0107,2026-07-31 04:07:20,Delivered,6,1727.22,20,81.3,1788.52,UPI,4,0
ORD_0002352,CUST_00326,REST_1066,RIDER_0142,2026-08-23 14:19:13,Delivered,2,2473.64,20,25.0,2478.64,UPI,14,1
ORD_0002353,CUST_00003,REST_1088,RIDER_0013,2026-08-31 04:12:53,Delivered,4,2074.08,311.11,102.98,1865.95,Cash on Delivery,4,0
ORD_0002354,CUST_00001,REST_1082,RIDER_0073,2026-08-17 12:22:42,Delivered,1,115.28,20,58.42,153.7,Credit Card,12,0
ORD_0002355,CUST_00038,REST_1053,RIDER_0095,2026-08-05 11:45:19,Delivered,3,424.04,63.61,25.0,385.43,Credit Card,11,0
ORD_0002356,CUST_00319,REST_1020,RIDER_0136,2026-08-25 23:45:50,Delivered,1,947.11,0,25.0,972.11,Zomato Wallet,23,0
ORD_0002357,CUST_00141,REST_1068,RIDER_0018,2026-09-01 04:51:55,Delivered,2,2403.05,20,52.65,2435.7,Cash on Delivery,4,0
ORD_0002358,CUST_00022,REST_1067,RIDER_0039,2026-09-04 22:22:18,Delivered,2,226.43,0,27.15,253.58,Credit Card,22,0
ORD_0002359,CUST_00245,REST_1047,RIDER_0077,2026-09-28 19:38:02,Delivered,3,425.56,63.83,25.0,386.73,Credit Card,19,0
ORD_0002360,CUST_00180,REST_1035,RIDER_0022,2026-08-29 18:38:28,Delivered,3,2822.79,50,100.95,2873.74,Debit Card,18,1
ORD_0002361,CUST_00470,REST_1058,RIDER_0098,2026-08-22 15:19:13,Delivered,2,737.93,50,89.55,777.48,Credit Card,15,1
ORD_0002362,CUST_00417,REST_1037,RIDER_0133,2026-09-20 00:45:44,Delivered,3,1712.51,50,73.42,1735.93,Credit Card,0,1
ORD_0002363,CUST_00133,REST_1007,RIDER_0007,2026-08-30 04:11:51,Delivered,4,2462.78,369.42,33.98,2127.34,Zomato Wallet,4,1
ORD_0002364,CUST_00488,REST_1062,RIDER_0052,2026-09-09 04:11:07,Delivered,5,4349.26,0,60.38,4409.64,UPI,4,0
ORD_0002365,CUST_00016,REST_1006,RIDER_0149,2026-09-21 16:02:04,Delivered,2,676.94,50,26.32,653.26,Zomato Wallet,16,0
ORD_0002366,CUST_00336,REST_1078,RIDER_0049,2026-09-08 05:54:22,Delivered,4,777.78,50,55.95,783.73,UPI,5,0
ORD_0002367,CUST_00453,REST_1056,RIDER_0130,2026-09-19 21:05:39,Delivered,6,1749.57,262.44,25.0,1512.13,UPI,21,1
ORD_0002368,CUST_00398,REST_1017,RIDER_0116,2026-09-26 23:40:12,Delivered,5,3685.73,552.86,25.0,3157.87,UPI,23,1
ORD_0002369,CUST_00272,REST_1047,RIDER_0068,2026-09-23 07:04:53,Delivered,4,487.75,73.16,82.95,497.54,Debit Card,7,0
ORD_0002370,CUST_00274,REST_1025,RIDER_0050,2026-08-24 19:12:24,Delivered,6,1525.8,228.87,0.0,1296.93,Credit Card,19,0
ORD_0002371,CUST_00217,REST_1062,RIDER_0107,2026-08-28 22:37:39,Cancelled,5,3797.4,50,25.0,3772.4,Net Banking,22,0
ORD_0002372,CUST_00269,REST_1022,RIDER_0086,2026-08-23 11:07:38,Delivered,1,168.73,25.31,0.0,143.42,Debit Card,11,1
ORD_0002373,CUST_00164,REST_1051,RIDER_0139,2026-08-09 14:25:32,Delivered,4,517.16,20,33.0,530.16,Debit Card,14,1
ORD_0002374,CUST_00309,REST_1043,RIDER_0065,2026-08-23 22:52:26,Delivered,1,963.52,144.53,29.03,848.02,Net Banking,22,1
ORD_0002375,CUST_00070,REST_1009,RIDER_0136,2026-08-30 00:52:22,Delivered,1,952.63,142.89,93.15,902.89,Net Banking,0,1
ORD_0002376,CUST_00072,REST_1011,RIDER_0125,2026-09-18 15:46:37,Delivered,6,7438.32,0,76.58,7514.9,Cash on Delivery,15,0
ORD_0002377,CUST_00206,REST_1096,RIDER_0045,2026-09-28 06:46:37,Delivered,1,412.53,0,27.22,439.75,Debit Card,6,0
ORD_0002378,CUST_00286,REST_1075,RIDER_0138,2026-09-20 01:50:08,Delivered,5,3849.47,0,31.27,3880.74,Zomato Wallet,1,1
ORD_0002379,CUST_00217,REST_1077,RIDER_0108,2026-08-18 04:08:43,Delivered,5,3992.47,20,66.45,4038.92,Zomato Wallet,4,0
ORD_0002380,CUST_00362,REST_1049,RIDER_0149,2026-08-15 16:03:47,Delivered,1,212.97,31.95,50.85,231.87,Net Banking,16,1
ORD_0002381,CUST_00147,REST_1040,RIDER_0010,2026-09-25 21:18:45,Delivered,1,1006.33,150.95,90.53,945.91,Zomato Wallet,21,0
ORD_0002382,CUST_00166,REST_1059,RIDER_0087,2026-08-30 05:42:20,Delivered,3,1521.59,0,104.4,1625.99,Net Banking,5,1
ORD_0002383,CUST_00442,REST_1038,RIDER_0002,2026-08-30 14:34:56,Delivered,2,873.9,0,27.45,901.35,Net Banking,14,1
ORD_0002384,CUST_00192,REST_1074,RIDER_0146,2026-08-10 08:02:04,Delivered,1,509.52,76.43,25.0,458.09,UPI,8,0
ORD_0002385,CUST_00184,REST_1014,RIDER_0006,2026-09-08 13:47:01,Delivered,6,1279.95,50,36.52,1266.47,Credit Card,13,0
ORD_0002386,CUST_00345,REST_1054,RIDER_0016,2026-08-31 02:26:30,Delivered,1,1317.78,0,108.22,1426.0,Debit Card,2,0
ORD_0002387,CUST_00450,REST_1039,RIDER_0050,2026-09-22 09:20:24,Delivered,6,952.38,20,63.82,996.2,Zomato Wallet,9,0
ORD_0002388,CUST_00391,REST_1037,RIDER_0013,2026-08-09 15:40:55,Delivered,6,5678.88,0,49.73,5728.61,Net Banking,15,1
ORD_0002389,CUST_00143,REST_1059,RIDER_0074,2026-08-22 02:37:40,Delivered,4,1883.91,50,32.25,1866.16,Zomato Wallet,2,1
ORD_0002390,CUST_00067,REST_1046,RIDER_0101,2026-08-26 15:24:35,Delivered,2,1649.2,20,102.15,1731.35,UPI,15,0
ORD_0002391,CUST_00322,REST_1017,RIDER_0006,2026-08-03 04:04:38,Delivered,1,711.71,106.76,0.0,604.95,UPI,4,0
ORD_0002392,CUST_00492,REST_1084,RIDER_0013,2026-08-17 12:20:35,Delivered,5,614.96,20,37.95,632.91,Cash on Delivery,12,0
ORD_0002393,CUST_00118,REST_1028,RIDER_0090,2026-09-05 19:58:42,Delivered,6,4084.5,612.67,0.0,3471.83,Cash on Delivery,19,1
ORD_0002394,CUST_00213,REST_1047,RIDER_0019,2026-08-23 06:46:08,Delivered,6,818.78,20,69.3,868.08,Cash on Delivery,6,1
ORD_0002395,CUST_00268,REST_1018,RIDER_0019,2026-08-09 19:50:24,Delivered,3,1138.29,50,90.0,1178.29,Credit Card,19,1
ORD_0002396,CUST_00326,REST_1096,RIDER_0014,2026-09-16 09:14:22,Delivered,6,1916.95,20,25.0,1921.95,Net Banking,9,0
ORD_0002397,CUST_00095,REST_1063,RIDER_0104,2026-08-17 10:52:38,Delivered,1,147.36,22.1,104.02,229.28,Cash on Delivery,10,0
ORD_0002398,CUST_00263,REST_1100,RIDER_0062,2026-09-11 20:30:17,Delivered,6,3817.95,50,70.65,3838.6,Credit Card,20,0
ORD_0002399,CUST_00413,REST_1023,RIDER_0133,2026-08-29 05:22:43,Delivered,3,555.71,50,45.9,551.61,Credit Card,5,1
ORD_0002400,CUST_00205,REST_1033,RIDER_0005,2026-08-09 19:30:03,Delivered,2,1129.0,20,51.75,1160.75,Cash on Delivery,19,1
ORD_0002401,CUST_00253,REST_1020,RIDER_0093,2026-09-01 05:29:58,Delivered,6,3871.59,20,83.92,3935.51,Debit Card,5,0
ORD_0002402,CUST_00451,REST_1006,RIDER_0109,2026-08-09 05:53:27,Delivered,1,491.83,0,96.68,588.51,Net Banking,5,1
ORD_0002403,CUST_00455,REST_1096,RIDER_0015,2026-07-31 12:42:47,Delivered,4,1433.95,215.09,44.77,1263.63,UPI,12,0
ORD_0002404,CUST_00307,REST_1019,RIDER_0044,2026-09-23 01:18:43,Delivered,4,421.75,63.26,56.7,415.19,Net Banking,1,0
ORD_0002405,CUST_00092,REST_1070,RIDER_0132,2026-09-28 08:50:57,Delivered,5,591.25,88.69,0.0,502.56,UPI,8,0
ORD_0002406,CUST_00229,REST_1100,RIDER_0050,2026-08-09 11:09:06,Delivered,1,797.49,50,40.65,788.14,Debit Card,11,1
ORD_0002407,CUST_00325,REST_1057,RIDER_0052,2026-09-22 17:19:54,Delivered,1,392.66,58.9,37.35,371.11,Credit Card,17,0
ORD_0002408,CUST_00212,REST_1077,RIDER_0085,2026-07-31 13:58:22,Delivered,1,1125.47,0,75.0,1200.47,Credit Card,13,0
ORD_0002409,CUST_00010,REST_1079,RIDER_0091,2026-09-25 06:21:16,Delivered,4,1489.74,50,25.0,1464.74,UPI,6,0
ORD_0002410,CUST_00369,REST_1066,RIDER_0014,2026-08-26 06:57:01,Delivered,6,5847.73,20,32.92,5860.65,Debit Card,6,0
ORD_0002411,CUST_00215,REST_1070,RIDER_0093,2026-09-13 12:14:23,Delivered,1,114.58,20,99.0,193.58,Zomato Wallet,12,1
ORD_0002412,CUST_00457,REST_1062,RIDER_0048,2026-08-11 10:20:44,Delivered,4,3761.24,20,40.65,3781.89,Net Banking,10,0
ORD_0002413,CUST_00105,REST_1058,RIDER_0043,2026-09-21 18:44:55,Delivered,1,525.27,50,69.83,545.1,Debit Card,18,0
ORD_0002414,CUST_00246,REST_1032,RIDER_0013,2026-09-10 23:18:14,Delivered,1,108.23,0,49.58,157.81,UPI,23,0
ORD_0002415,CUST_00431,REST_1097,RIDER_0121,2026-09-12 01:28:55,Delivered,5,1563.84,234.58,71.1,1400.36,Net Banking,1,1
ORD_0002416,CUST_00077,REST_1085,RIDER_0057,2026-08-01 19:56:17,Delivered,5,1696.76,50,61.35,1708.11,Credit Card,19,1
ORD_0002417,CUST_00319,REST_1071,RIDER_0136,2026-09-07 01:48:45,Delivered,1,284.09,0,63.9,347.99,Net Banking,1,0
ORD_0002418,CUST_00303,REST_1068,RIDER_0005,2026-08-11 06:34:28,Delivered,2,2339.51,0,91.88,2431.39,Debit Card,6,0
ORD_0002419,CUST_00392,REST_1085,RIDER_0017,2026-08-26 22:34:36,Delivered,6,2341.35,0,25.0,2366.35,Net Banking,22,0
ORD_0002420,CUST_00344,REST_1027,RIDER_0056,2026-08-10 07:40:25,Delivered,2,531.36,50,47.1,528.46,UPI,7,0
ORD_0002421,CUST_00263,REST_1017,RIDER_0062,2026-09-06 01:20:34,Delivered,3,2398.11,0,91.35,2489.46,Zomato Wallet,1,1
ORD_0002422,CUST_00034,REST_1065,RIDER_0026,2026-09-27 18:27:49,Delivered,1,419.94,62.99,86.55,443.5,UPI,18,1
ORD_0002423,CUST_00352,REST_1034,RIDER_0112,2026-09-20 23:29:04,Delivered,5,920.38,20,69.83,970.21,UPI,23,1
ORD_0002424,CUST_00328,REST_1062,RIDER_0100,2026-08-09 08:48:05,Delivered,1,723.69,20,25.0,728.69,UPI,8,1
ORD_0002425,CUST_00144,REST_1007,RIDER_0066,2026-09-15 14:39:37,Delivered,2,875.23,0,58.42,933.65,Zomato Wallet,14,0
ORD_0002426,CUST_00443,REST_1075,RIDER_0024,2026-09-12 11:24:15,Delivered,5,3407.5,20,44.47,3431.97,Zomato Wallet,11,1
ORD_0002427,CUST_00313,REST_1057,RIDER_0089,2026-09-18 04:15:32,Delivered,4,1142.68,171.4,0.0,971.28,Cash on Delivery,4,0
ORD_0002428,CUST_00075,REST_1063,RIDER_0125,2026-09-15 00:20:32,Delivered,2,204.35,30.65,0.0,173.7,Debit Card,0,0
ORD_0002429,CUST_00136,REST_1044,RIDER_0072,2026-08-24 21:44:49,Delivered,4,2888.64,433.3,0.0,2455.34,UPI,21,0
ORD_0002430,CUST_00190,REST_1013,RIDER_0054,2026-09-22 00:33:39,Cancelled,2,654.69,98.2,0.0,556.49,Cash on Delivery,0,0
ORD_0002431,CUST_00254,REST_1025,RIDER_0031,2026-09-13 23:34:25,Delivered,6,1158.56,173.78,41.62,1026.4,Cash on Delivery,23,1
ORD_0002432,CUST_00167,REST_1062,RIDER_0043,2026-09-22 14:38:16,Delivered,3,2708.02,20,25.0,2713.02,Zomato Wallet,14,0
ORD_0002433,CUST_00458,REST_1058,RIDER_0133,2026-08-16 14:48:16,Delivered,3,1297.06,50,71.55,1318.61,Credit Card,14,1
ORD_0002434,CUST_00384,REST_1083,RIDER_0006,2026-09-10 13:50:59,Delivered,6,5338.03,0,98.4,5436.43,Debit Card,13,0
ORD_0002435,CUST_00069,REST_1021,RIDER_0108,2026-08-13 23:41:25,Delivered,1,110.63,0,86.1,196.73,Net Banking,23,0
ORD_0002436,CUST_00398,REST_1036,RIDER_0077,2026-08-09 07:29:17,Delivered,4,2701.42,405.21,93.6,2389.81,Zomato Wallet,7,1
ORD_0002437,CUST_00109,REST_1093,RIDER_0125,2026-08-08 18:11:50,Delivered,3,2719.49,0,33.08,2752.57,Cash on Delivery,18,1
ORD_0002438,CUST_00039,REST_1022,RIDER_0039,2026-08-21 16:42:08,Delivered,6,1058.26,0,109.42,1167.68,Net Banking,16,0
ORD_0002439,CUST_00200,REST_1043,RIDER_0074,2026-09-01 07:05:23,Delivered,6,5298.19,20,25.0,5303.19,Debit Card,7,0
ORD_0002440,CUST_00410,REST_1021,RIDER_0145,2026-09-06 14:00:41,Delivered,4,361.09,50,25.0,336.09,Cash on Delivery,14,1
ORD_0002441,CUST_00104,REST_1043,RIDER_0088,2026-08-07 06:03:13,Delivered,2,2611.79,391.77,25.0,2245.02,Zomato Wallet,6,0
ORD_0002442,CUST_00157,REST_1022,RIDER_0125,2026-09-18 06:06:24,Delivered,6,954.39,0,47.1,1001.49,Cash on Delivery,6,0
ORD_0002443,CUST_00162,REST_1009,RIDER_0149,2026-09-06 06:15:52,Delivered,1,1142.55,50,71.55,1164.1,Cash on Delivery,6,1
ORD_0002444,CUST_00391,REST_1004,RIDER_0135,2026-08-06 16:53:28,Delivered,2,420.8,0,25.0,445.8,Net Banking,16,0
ORD_0002445,CUST_00260,REST_1065,RIDER_0143,2026-09-18 03:10:21,Delivered,2,641.04,50,38.17,629.21,Net Banking,3,0
ORD_0002446,CUST_00109,REST_1064,RIDER_0058,2026-08-07 02:22:04,Delivered,5,1145.95,50,81.97,1177.92,Cash on Delivery,2,0
ORD_0002447,CUST_00292,REST_1072,RIDER_0085,2026-09-05 12:44:37,Delivered,5,702.57,105.39,61.27,658.45,Net Banking,12,1
ORD_0002448,CUST_00063,REST_1034,RIDER_0099,2026-09-03 16:28:53,Delivered,2,376.72,0,72.15,448.87,UPI,16,0
ORD_0002449,CUST_00385,REST_1007,RIDER_0079,2026-08-17 07:12:54,Cancelled,3,1809.93,0,80.7,1890.63,UPI,7,0
ORD_0002450,CUST_00439,REST_1043,RIDER_0030,2026-09-06 00:59:16,Delivered,5,4133.04,50,44.1,4127.14,UPI,0,1
ORD_0002451,CUST_00010,REST_1010,RIDER_0118,2026-09-27 11:44:55,Delivered,6,1914.31,0,76.2,1990.51,UPI,11,1
ORD_0002452,CUST_00427,REST_1080,RIDER_0080,2026-07-31 12:26:55,Delivered,6,613.58,20,25.0,618.58,Net Banking,12,0
ORD_0002453,CUST_00458,REST_1079,RIDER_0041,2026-08-03 13:42:46,Delivered,2,731.46,20,73.58,785.04,Credit Card,13,0
ORD_0002454,CUST_00058,REST_1056,RIDER_0048,2026-09-09 22:33:46,Delivered,4,1636.85,20,25.0,1641.85,Debit Card,22,0
ORD_0002455,CUST_00415,REST_1061,RIDER_0026,2026-08-20 03:16:16,Refunded,2,1862.76,279.41,0.0,1583.35,UPI,3,0
ORD_0002456,CUST_00327,REST_1036,RIDER_0087,2026-09-24 02:25:06,Delivered,4,1950.35,292.55,73.42,1731.22,Debit Card,2,0
ORD_0002457,CUST_00103,REST_1037,RIDER_0026,2026-09-26 03:18:25,Delivered,4,3021.03,0,41.62,3062.65,Debit Card,3,1
ORD_0002458,CUST_00124,REST_1011,RIDER_0069,2026-09-07 00:55:38,Delivered,6,7603.27,1140.49,45.98,6508.76,Debit Card,0,0
ORD_0002459,CUST_00346,REST_1049,RIDER_0100,2026-08-27 23:09:44,Delivered,1,149.49,20,74.55,204.04,Cash on Delivery,23,0
ORD_0002460,CUST_00310,REST_1004,RIDER_0104,2026-08-01 13:56:10,Delivered,3,456.0,50,95.03,501.03,Credit Card,13,1
ORD_0002461,CUST_00463,REST_1096,RIDER_0122,2026-09-03 10:41:23,Delivered,5,2280.71,20,90.82,2351.53,Zomato Wallet,10,0
ORD_0002462,CUST_00221,REST_1054,RIDER_0109,2026-09-21 06:32:10,Delivered,2,1551.17,0,98.7,1649.87,Cash on Delivery,6,0
ORD_0002463,CUST_00042,REST_1004,RIDER_0059,2026-09-06 06:34:37,Delivered,6,1418.29,50,88.88,1457.17,Zomato Wallet,6,1
ORD_0002464,CUST_00480,REST_1063,RIDER_0076,2026-09-01 18:36:08,Delivered,5,737.79,110.67,31.2,658.32,Zomato Wallet,18,0
ORD_0002465,CUST_00010,REST_1075,RIDER_0150,2026-09-03 00:50:19,Delivered,5,3308.41,20,40.12,3328.53,UPI,0,0
ORD_0002466,CUST_00313,REST_1007,RIDER_0145,2026-09-19 14:24:09,Delivered,4,2478.02,371.7,0.0,2106.32,Credit Card,14,1
ORD_0002467,CUST_00215,REST_1004,RIDER_0113,2026-08-28 17:52:02,Delivered,2,412.15,0,25.0,437.15,Zomato Wallet,17,0
ORD_0002468,CUST_00465,REST_1092,RIDER_0089,2026-08-29 02:10:44,Delivered,4,4430.93,664.64,103.5,3869.79,Cash on Delivery,2,1
ORD_0002469,CUST_00097,REST_1100,RIDER_0053,2026-08-20 13:23:57,Delivered,5,3127.27,50,86.03,3163.3,Zomato Wallet,13,0
ORD_0002470,CUST_00223,REST_1020,RIDER_0035,2026-08-05 22:59:19,Delivered,4,2841.64,20,88.72,2910.36,Debit Card,22,0
ORD_0002471,CUST_00170,REST_1014,RIDER_0143,2026-08-25 10:21:57,Delivered,5,1237.72,0,103.05,1340.77,UPI,10,0
ORD_0002472,CUST_00297,REST_1022,RIDER_0132,2026-09-10 23:32:04,Delivered,3,491.53,50,25.0,466.53,Debit Card,23,0
ORD_0002473,CUST_00073,REST_1007,RIDER_0064,2026-08-18 01:40:46,Delivered,1,678.33,101.75,104.78,681.36,Cash on Delivery,1,0
ORD_0002474,CUST_00415,REST_1009,RIDER_0087,2026-08-18 22:53:35,Delivered,2,2433.04,364.96,0.0,2068.08,Cash on Delivery,22,0
ORD_0002475,CUST_00238,REST_1098,RIDER_0103,2026-09-26 13:37:20,Delivered,4,912.46,50,25.0,887.46,Cash on Delivery,13,1
ORD_0002476,CUST_00249,REST_1058,RIDER_0079,2026-09-02 20:46:45,Delivered,1,515.17,0,104.47,619.64,Net Banking,20,0
ORD_0002477,CUST_00283,REST_1086,RIDER_0079,2026-08-23 21:32:55,Delivered,5,3472.04,50,25.0,3447.04,Net Banking,21,1
ORD_0002478,CUST_00112,REST_1027,RIDER_0068,2026-08-22 05:11:14,Delivered,6,2507.71,376.16,0.0,2131.55,Net Banking,5,1
ORD_0002479,CUST_00350,REST_1098,RIDER_0028,2026-08-25 19:51:50,Delivered,5,1090.09,163.51,25.0,951.58,Zomato Wallet,19,0
ORD_0002480,CUST_00329,REST_1094,RIDER_0009,2026-09-03 10:27:49,Delivered,6,1751.43,262.71,91.65,1580.37,Net Banking,10,0
ORD_0002481,CUST_00227,REST_1043,RIDER_0056,2026-09-13 22:45:37,Delivered,3,3728.15,20,34.42,3742.57,Net Banking,22,1
ORD_0002482,CUST_00074,REST_1075,RIDER_0032,2026-08-06 09:24:39,Delivered,4,2567.96,20,25.0,2572.96,Credit Card,9,0
ORD_0002483,CUST_00160,REST_1032,RIDER_0072,2026-08-31 11:09:42,Delivered,1,136.15,50,104.02,190.17,Cash on Delivery,11,0
ORD_0002484,CUST_00008,REST_1087,RIDER_0134,2026-09-27 17:27:45,Delivered,4,1716.39,0,36.38,1752.77,Net Banking,17,1
ORD_0002485,CUST_00460,REST_1006,RIDER_0131,2026-08-03 17:01:22,Delivered,2,824.5,20,85.58,890.08,Zomato Wallet,17,0
ORD_0002486,CUST_00475,REST_1096,RIDER_0056,2026-09-11 04:11:47,Delivered,2,833.14,124.97,94.12,802.29,Credit Card,4,0
ORD_0002487,CUST_00104,REST_1085,RIDER_0002,2026-08-29 16:59:57,Delivered,1,359.54,53.93,43.65,349.26,Net Banking,16,1
ORD_0002488,CUST_00298,REST_1018,RIDER_0123,2026-08-19 05:28:48,Delivered,6,1968.82,0,66.22,2035.04,Credit Card,5,0
ORD_0002489,CUST_00415,REST_1082,RIDER_0027,2026-09-23 05:55:08,Delivered,2,186.05,27.91,0.0,158.14,UPI,5,0
ORD_0002490,CUST_00334,REST_1050,RIDER_0063,2026-09-17 22:40:24,Delivered,2,382.18,57.33,0.0,324.85,UPI,22,0
ORD_0002491,CUST_00212,REST_1046,RIDER_0136,2026-09-18 10:41:01,Delivered,5,4138.4,20,25.0,4143.4,Credit Card,10,0
ORD_0002492,CUST_00277,REST_1066,RIDER_0146,2026-08-21 17:22:29,Delivered,2,2405.86,50,105.08,2460.94,UPI,17,0
ORD_0002493,CUST_00126,REST_1078,RIDER_0133,2026-08-14 11:25:58,Delivered,6,891.3,20,33.75,905.05,Zomato Wallet,11,0
ORD_0002494,CUST_00400,REST_1034,RIDER_0060,2026-08-05 02:12:04,Delivered,4,945.61,0,92.4,1038.01,UPI,2,0
ORD_0002495,CUST_00288,REST_1007,RIDER_0066,2026-08-28 16:07:30,Delivered,3,1753.65,20,53.62,1787.27,Net Banking,16,0
ORD_0002496,CUST_00360,REST_1003,RIDER_0123,2026-08-21 12:53:02,Delivered,4,1187.11,178.07,90.9,1099.94,Zomato Wallet,12,0
ORD_0002497,CUST_00328,REST_1017,RIDER_0062,2026-09-08 14:56:00,Delivered,5,3302.02,0,65.85,3367.87,Net Banking,14,0
ORD_0002498,CUST_00363,REST_1048,RIDER_0064,2026-09-15 05:21:27,Delivered,3,1578.19,20,84.6,1642.79,Net Banking,5,0
ORD_0002499,CUST_00456,REST_1081,RIDER_0093,2026-09-23 16:37:15,Delivered,5,1156.0,0,25.0,1181.0,Debit Card,16,0
ORD_0002500,CUST_00290,REST_1027,RIDER_0049,2026-09-05 16:18:27,Delivered,4,1327.57,0,25.0,1352.57,Net Banking,16,1
ORD_0002501,CUST_00089,REST_1065,RIDER_0143,2026-09-22 02:38:10,Delivered,2,696.18,0,102.15,798.33,Cash on Delivery,2,0
ORD_0002502,CUST_00372,REST_1004,RIDER_0078,2026-08-20 19:25:14,Delivered,1,191.25,28.69,59.1,221.66,Debit Card,19,0
ORD_0002503,CUST_00008,REST_1085,RIDER_0106,2026-08-09 21:58:53,Delivered,5,1916.86,50,71.7,1938.56,Credit Card,21,1
ORD_0002504,CUST_00017,REST_1038,RIDER_0121,2026-09-04 16:34:06,Delivered,3,1663.48,20,69.0,1712.48,Debit Card,16,0
ORD_0002505,CUST_00109,REST_1086,RIDER_0039,2026-09-22 22:52:40,Delivered,1,681.43,20,25.0,686.43,Net Banking,22,0
ORD_0002506,CUST_00027,REST_1097,RIDER_0104,2026-07-31 16:30:48,Delivered,6,2374.57,50,88.42,2412.99,UPI,16,0
ORD_0002507,CUST_00208,REST_1004,RIDER_0043,2026-08-28 12:27:51,Delivered,6,1377.65,20,38.77,1396.42,Net Banking,12,0
ORD_0002508,CUST_00202,REST_1004,RIDER_0099,2026-09-23 02:01:28,Delivered,5,973.28,50,28.43,951.71,Zomato Wallet,2,0
ORD_0002509,CUST_00223,REST_1092,RIDER_0103,2026-09-05 15:55:39,Delivered,3,3163.92,0,83.03,3246.95,Debit Card,15,1
ORD_0002510,CUST_00099,REST_1041,RIDER_0058,2026-08-29 17:38:46,Delivered,5,6269.55,20,62.7,6312.25,Credit Card,17,1
ORD_0002511,CUST_00451,REST_1004,RIDER_0075,2026-08-28 14:50:55,Delivered,3,669.42,50,30.97,650.39,UPI,14,0
ORD_0002512,CUST_00244,REST_1038,RIDER_0088,2026-09-07 23:38:19,Delivered,1,534.48,0,48.52,583.0,Debit Card,23,0
ORD_0002513,CUST_00270,REST_1035,RIDER_0114,2026-08-07 04:48:05,Delivered,4,3834.83,575.22,75.0,3334.61,Cash on Delivery,4,0
ORD_0002514,CUST_00330,REST_1035,RIDER_0033,2026-08-12 22:02:46,Delivered,4,2741.77,20,36.67,2758.44,UPI,22,0
ORD_0002515,CUST_00016,REST_1060,RIDER_0086,2026-08-25 16:09:54,Delivered,6,1446.24,20,77.33,1503.57,Net Banking,16,0
ORD_0002516,CUST_00143,REST_1032,RIDER_0061,2026-09-06 18:41:32,Delivered,5,559.64,0,48.45,608.09,Net Banking,18,1
ORD_0002517,CUST_00119,REST_1067,RIDER_0021,2026-08-28 21:10:03,Delivered,6,630.54,20,25.0,635.54,Debit Card,21,0
ORD_0002518,CUST_00154,REST_1046,RIDER_0088,2026-08-14 15:53:57,Delivered,6,3751.46,562.72,57.98,3246.72,UPI,15,0
ORD_0002519,CUST_00047,REST_1050,RIDER_0032,2026-08-24 13:33:04,Delivered,4,769.28,115.39,47.92,701.81,Zomato Wallet,13,0
ORD_0002520,CUST_00274,REST_1051,RIDER_0123,2026-09-13 14:43:54,Delivered,6,759.03,113.85,0.0,645.18,Cash on Delivery,14,1
ORD_0002521,CUST_00166,REST_1074,RIDER_0116,2026-09-28 11:01:49,Delivered,1,486.69,20,103.88,570.57,UPI,11,0
ORD_0002522,CUST_00093,REST_1041,RIDER_0105,2026-09-11 17:30:13,Delivered,2,2382.16,20,83.92,2446.08,Cash on Delivery,17,0
ORD_0002523,CUST_00073,REST_1075,RIDER_0034,2026-08-29 11:12:52,Delivered,3,2360.43,354.06,78.83,2085.2,Debit Card,11,1
ORD_0002524,CUST_00495,REST_1066,RIDER_0074,2026-08-10 01:30:17,Delivered,1,1236.31,50,25.0,1211.31,Cash on Delivery,1,0
ORD_0002525,CUST_00460,REST_1043,RIDER_0130,2026-08-15 22:05:41,Delivered,3,2352.71,50,63.3,2366.01,Cash on Delivery,22,1
ORD_0002526,CUST_00215,REST_1005,RIDER_0010,2026-08-07 18:37:10,Delivered,3,742.65,20,70.35,793.0,UPI,18,0
ORD_0002527,CUST_00327,REST_1063,RIDER_0084,2026-09-18 22:50:26,Delivered,2,235.05,35.26,79.35,279.14,Zomato Wallet,22,0
ORD_0002528,CUST_00293,REST_1093,RIDER_0051,2026-08-23 11:49:18,Delivered,2,1561.92,50,32.1,1544.02,Debit Card,11,1
ORD_0002529,CUST_00494,REST_1074,RIDER_0022,2026-09-09 06:08:58,Delivered,1,479.56,20,97.65,557.21,Credit Card,6,0
ORD_0002530,CUST_00343,REST_1027,RIDER_0105,2026-09-04 19:58:12,Delivered,3,882.76,50,93.3,926.06,Zomato Wallet,19,0
ORD_0002531,CUST_00113,REST_1089,RIDER_0072,2026-09-08 23:36:16,Delivered,5,1765.45,50,55.42,1770.87,Cash on Delivery,23,0
ORD_0002532,CUST_00109,REST_1030,RIDER_0068,2026-08-17 12:53:13,Delivered,6,1358.1,50,43.95,1352.05,Net Banking,12,0
ORD_0002533,CUST_00262,REST_1010,RIDER_0064,2026-09-18 05:57:25,Delivered,4,1865.39,279.81,37.95,1623.53,Cash on Delivery,5,0
ORD_0002534,CUST_00163,REST_1015,RIDER_0096,2026-09-21 01:16:50,Delivered,3,3578.59,536.79,99.23,3141.03,Debit Card,1,0
ORD_0002535,CUST_00339,REST_1062,RIDER_0028,2026-08-09 08:05:21,Delivered,1,652.81,97.92,72.67,627.56,Debit Card,8,1
ORD_0002536,CUST_00117,REST_1095,RIDER_0065,2026-08-26 09:37:31,Delivered,1,328.77,49.32,0.0,279.45,Zomato Wallet,9,0
ORD_0002537,CUST_00056,REST_1097,RIDER_0091,2026-08-04 16:31:13,Delivered,1,286.98,20,106.5,373.48,Zomato Wallet,16,0
ORD_0002538,CUST_00451,REST_1070,RIDER_0037,2026-08-02 11:34:18,Delivered,6,897.26,0,100.12,997.38,Debit Card,11,1
ORD_0002539,CUST_00191,REST_1071,RIDER_0089,2026-09-12 00:19:59,Delivered,1,178.69,26.8,0.0,151.89,UPI,0,1
ORD_0002540,CUST_00259,REST_1077,RIDER_0091,2026-09-12 05:48:14,Delivered,1,1143.37,171.51,0.0,971.86,Net Banking,5,1
ORD_0002541,CUST_00310,REST_1083,RIDER_0133,2026-08-19 07:46:59,Delivered,6,6344.68,20,25.0,6349.68,Zomato Wallet,7,0
ORD_0002542,CUST_00010,REST_1076,RIDER_0075,2026-09-02 04:45:15,Delivered,1,918.38,0,97.65,1016.03,Cash on Delivery,4,0
ORD_0002543,CUST_00260,REST_1083,RIDER_0092,2026-09-19 13:42:06,Delivered,6,7610.66,0,55.12,7665.78,Cash on Delivery,13,1
ORD_0002544,CUST_00454,REST_1045,RIDER_0074,2026-08-20 06:06:24,Delivered,4,1908.17,286.23,0.0,1621.94,Credit Card,6,0
ORD_0002545,CUST_00350,REST_1051,RIDER_0061,2026-08-09 20:58:33,Delivered,2,269.66,40.45,67.58,296.79,Credit Card,20,1
ORD_0002546,CUST_00497,REST_1086,RIDER_0019,2026-09-07 08:58:53,Delivered,6,3917.93,587.69,72.07,3402.31,Zomato Wallet,8,0
ORD_0002547,CUST_00248,REST_1017,RIDER_0008,2026-09-16 11:51:05,Delivered,5,3295.93,494.39,79.8,2881.34,Credit Card,11,0
ORD_0002548,CUST_00041,REST_1086,RIDER_0135,2026-08-21 12:30:49,Delivered,4,2034.25,305.14,27.22,1756.33,Net Banking,12,0
ORD_0002549,CUST_00365,REST_1043,RIDER_0054,2026-08-03 16:52:29,Delivered,2,1683.77,252.57,0.0,1431.2,Net Banking,16,0
ORD_0002550,CUST_00130,REST_1043,RIDER_0122,2026-08-11 06:37:20,Delivered,2,2080.59,20,25.0,2085.59,Cash on Delivery,6,0
ORD_0002551,CUST_00021,REST_1005,RIDER_0118,2026-08-15 16:05:07,Delivered,6,1579.97,0,91.28,1671.25,Zomato Wallet,16,1
ORD_0002552,CUST_00379,REST_1030,RIDER_0139,2026-09-05 00:04:38,Delivered,2,359.69,53.95,0.0,305.74,Zomato Wallet,0,1
ORD_0002553,CUST_00478,REST_1080,RIDER_0022,2026-08-02 01:22:06,Delivered,5,525.74,50,92.47,568.21,Debit Card,1,1
ORD_0002554,CUST_00148,REST_1061,RIDER_0055,2026-08-18 20:10:41,Refunded,4,4947.05,0,36.0,4983.05,Net Banking,20,0
ORD_0002555,CUST_00179,REST_1065,RIDER_0068,2026-09-12 09:53:03,Delivered,2,675.15,20,44.4,699.55,Net Banking,9,1
ORD_0002556,CUST_00073,REST_1044,RIDER_0014,2026-08-18 17:31:39,Delivered,4,3770.65,565.6,94.95,3300.0,UPI,17,0
ORD_0002557,CUST_00465,REST_1009,RIDER_0067,2026-09-22 18:33:25,Delivered,6,4880.95,732.14,104.18,4252.99,Debit Card,18,0
ORD_0002558,CUST_00155,REST_1029,RIDER_0060,2026-08-05 21:03:18,Delivered,1,449.98,67.5,49.58,432.06,Zomato Wallet,21,0
ORD_0002559,CUST_00055,REST_1004,RIDER_0145,2026-09-20 13:55:21,Delivered,3,458.61,68.79,0.0,389.82,Net Banking,13,1
ORD_0002560,CUST_00424,REST_1076,RIDER_0030,2026-08-07 02:26:56,Delivered,4,2678.55,50,25.0,2653.55,UPI,2,0
ORD_0002561,CUST_00219,REST_1087,RIDER_0146,2026-09-01 15:15:51,Delivered,5,2513.92,377.09,0.0,2136.83,Net Banking,15,0
ORD_0002562,CUST_00416,REST_1050,RIDER_0147,2026-09-05 08:22:43,Delivered,6,1230.49,184.57,25.0,1070.92,Zomato Wallet,8,1
ORD_0002563,CUST_00052,REST_1055,RIDER_0005,2026-09-28 18:12:00,Delivered,1,808.39,121.26,45.0,732.13,Zomato Wallet,18,0
ORD_0002564,CUST_00378,REST_1037,RIDER_0037,2026-08-21 18:05:01,Delivered,4,2360.48,0,25.0,2385.48,Zomato Wallet,18,0
ORD_0002565,CUST_00362,REST_1054,RIDER_0059,2026-08-22 09:14:47,Delivered,6,7828.59,1174.29,91.05,6745.35,UPI,9,1
ORD_0002566,CUST_00281,REST_1077,RIDER_0023,2026-08-31 04:50:49,Delivered,2,1569.38,235.41,82.42,1416.39,Cash on Delivery,4,0
ORD_0002567,CUST_00135,REST_1019,RIDER_0071,2026-09-24 03:15:53,Delivered,6,869.68,130.45,0.0,739.23,Credit Card,3,0
ORD_0002568,CUST_00361,REST_1041,RIDER_0119,2026-09-06 16:19:59,Delivered,4,3709.31,20,25.0,3714.31,Zomato Wallet,16,1
ORD_0002569,CUST_00268,REST_1051,RIDER_0007,2026-09-27 16:34:09,Delivered,1,122.28,20,82.35,184.63,Credit Card,16,1
ORD_0002570,CUST_00225,REST_1079,RIDER_0053,2026-08-21 17:15:50,Delivered,5,2022.59,20,25.0,2027.59,Credit Card,17,0
ORD_0002571,CUST_00500,REST_1046,RIDER_0067,2026-09-14 10:40:44,Delivered,3,2808.1,0,52.35,2860.45,Credit Card,10,0
ORD_0002572,CUST_00127,REST_1068,RIDER_0037,2026-09-22 18:31:12,Delivered,1,1114.09,167.11,39.3,986.28,Net Banking,18,0
ORD_0002573,CUST_00249,REST_1075,RIDER_0108,2026-08-30 09:01:04,Delivered,4,3097.24,0,63.53,3160.77,Cash on Delivery,9,1
ORD_0002574,CUST_00186,REST_1026,RIDER_0074,2026-09-21 13:52:42,Delivered,2,769.15,20,63.75,812.9,Debit Card,13,0
ORD_0002575,CUST_00053,REST_1032,RIDER_0009,2026-08-09 17:39:21,Delivered,5,595.76,89.36,0.0,506.4,Debit Card,17,1
ORD_0002576,CUST_00145,REST_1087,RIDER_0003,2026-08-09 15:52:24,Delivered,1,520.77,78.12,25.0,467.65,Cash on Delivery,15,1
ORD_0002577,CUST_00100,REST_1100,RIDER_0002,2026-09-26 09:21:53,Delivered,6,3821.52,573.23,25.0,3273.29,Cash on Delivery,9,1
ORD_0002578,CUST_00082,REST_1022,RIDER_0145,2026-08-04 09:16:49,Delivered,5,1074.42,161.16,96.97,1010.23,Zomato Wallet,9,0
ORD_0002579,CUST_00238,REST_1041,RIDER_0065,2026-08-31 07:16:07,Delivered,5,6266.07,20,25.0,6271.07,Net Banking,7,0
ORD_0002580,CUST_00187,REST_1067,RIDER_0140,2026-08-02 13:00:29,Delivered,6,617.79,0,77.25,695.04,Credit Card,13,1
ORD_0002581,CUST_00079,REST_1087,RIDER_0102,2026-09-19 21:49:17,Delivered,2,634.54,0,84.08,718.62,Cash on Delivery,21,1
ORD_0002582,CUST_00482,REST_1038,RIDER_0053,2026-09-26 08:36:17,Delivered,3,2026.1,50,56.7,2032.8,Cash on Delivery,8,1
ORD_0002583,CUST_00031,REST_1063,RIDER_0001,2026-08-12 08:44:13,Delivered,2,257.78,38.67,55.35,274.46,Debit Card,8,0
ORD_0002584,CUST_00437,REST_1037,RIDER_0079,2026-09-25 17:18:22,Delivered,5,3774.66,566.2,26.1,3234.56,Cash on Delivery,17,0
ORD_0002585,CUST_00395,REST_1037,RIDER_0062,2026-09-03 22:39:36,Delivered,4,3287.67,493.15,46.05,2840.57,Cash on Delivery,22,0
ORD_0002586,CUST_00180,REST_1065,RIDER_0143,2026-09-16 10:46:11,Delivered,6,2084.45,50,46.27,2080.72,Zomato Wallet,10,0
ORD_0002587,CUST_00479,REST_1060,RIDER_0017,2026-09-10 15:45:59,Delivered,5,1301.39,50,56.78,1308.17,Debit Card,15,0
ORD_0002588,CUST_00473,REST_1031,RIDER_0019,2026-09-23 15:36:33,Delivered,5,1063.03,159.45,106.12,1009.7,Debit Card,15,0
ORD_0002589,CUST_00022,REST_1002,RIDER_0148,2026-08-16 23:14:16,Delivered,4,514.2,0,51.9,566.1,Cash on Delivery,23,1
ORD_0002590,CUST_00012,REST_1039,RIDER_0117,2026-08-02 01:12:50,Delivered,6,1436.6,20,25.0,1441.6,Credit Card,1,1
ORD_0002591,CUST_00316,REST_1012,RIDER_0085,2026-09-02 10:16:43,Delivered,3,1641.91,50,110.4,1702.31,UPI,10,0
ORD_0002592,CUST_00066,REST_1035,RIDER_0098,2026-08-14 20:03:20,Refunded,4,3325.41,498.81,36.9,2863.5,UPI,20,0
ORD_0002593,CUST_00293,REST_1090,RIDER_0011,2026-09-07 05:09:47,Delivered,4,1044.55,0,100.43,1144.98,Cash on Delivery,5,0
ORD_0002594,CUST_00148,REST_1076,RIDER_0099,2026-08-23 14:52:04,Cancelled,2,1655.49,50,106.2,1711.69,Zomato Wallet,14,1
ORD_0002595,CUST_00030,REST_1002,RIDER_0107,2026-08-24 07:14:55,Delivered,2,180.7,0,36.23,216.93,UPI,7,0
ORD_0002596,CUST_00234,REST_1025,RIDER_0055,2026-09-11 01:22:46,Delivered,4,872.11,20,110.25,962.36,Debit Card,1,0
ORD_0002597,CUST_00482,REST_1074,RIDER_0139,2026-09-04 00:08:07,Delivered,4,1538.89,50,25.0,1513.89,Credit Card,0,0
ORD_0002598,CUST_00134,REST_1070,RIDER_0068,2026-09-02 02:39:20,Delivered,3,381.64,57.25,95.55,419.94,Debit Card,2,0
ORD_0002599,CUST_00353,REST_1090,RIDER_0080,2026-09-05 03:36:11,Delivered,6,1129.43,0,25.0,1154.43,Cash on Delivery,3,1
ORD_0002600,CUST_00062,REST_1019,RIDER_0137,2026-09-11 20:22:37,Delivered,2,246.86,0,96.22,343.08,Credit Card,20,0
ORD_0002601,CUST_00332,REST_1012,RIDER_0074,2026-08-07 11:27:22,Delivered,1,634.15,20,71.85,686.0,Net Banking,11,0
ORD_0002602,CUST_00425,REST_1057,RIDER_0140,2026-07-31 06:57:01,Delivered,2,729.56,50,97.35,776.91,Net Banking,6,0
ORD_0002603,CUST_00200,REST_1085,RIDER_0137,2026-09-25 13:55:47,Delivered,4,1248.17,50,30.67,1228.84,Zomato Wallet,13,0
ORD_0002604,CUST_00325,REST_1061,RIDER_0042,2026-08-06 13:59:18,Delivered,3,2629.63,394.44,101.33,2336.52,Net Banking,13,0
ORD_0002605,CUST_00032,REST_1021,RIDER_0137,2026-08-29 08:45:37,Delivered,1,127.52,20,103.5,211.02,Credit Card,8,1
ORD_0002606,CUST_00056,REST_1085,RIDER_0062,2026-09-02 21:15:14,Delivered,3,907.09,50,68.32,925.41,Credit Card,21,0
ORD_0002607,CUST_00355,REST_1077,RIDER_0015,2026-08-17 15:07:00,Delivered,4,3673.98,0,38.48,3712.46,Debit Card,15,0
ORD_0002608,CUST_00264,REST_1062,RIDER_0052,2026-08-13 00:50:12,Delivered,1,611.88,91.78,59.55,579.65,UPI,0,0
ORD_0002609,CUST_00002,REST_1084,RIDER_0100,2026-08-22 14:38:03,Delivered,6,665.76,0,93.67,759.43,Debit Card,14,1
ORD_0002610,CUST_00038,REST_1056,RIDER_0046,2026-09-26 13:30:01,Delivered,1,308.0,46.2,91.05,352.85,UPI,13,1
ORD_0002611,CUST_00438,REST_1011,RIDER_0122,2026-08-12 17:38:01,Delivered,5,4850.08,20,75.22,4905.3,Credit Card,17,0
ORD_0002612,CUST_00126,REST_1065,RIDER_0074,2026-09-14 17:36:10,Delivered,3,1156.45,0,25.0,1181.45,Net Banking,17,0
ORD_0002613,CUST_00493,REST_1023,RIDER_0058,2026-09-28 13:00:39,Delivered,2,333.59,50,25.0,308.59,Debit Card,13,0
ORD_0002614,CUST_00407,REST_1037,RIDER_0057,2026-09-01 12:26:02,Delivered,5,4340.27,50,46.35,4336.62,Credit Card,12,0
ORD_0002615,CUST_00399,REST_1063,RIDER_0077,2026-09-20 11:45:49,Delivered,2,288.43,0,89.62,378.05,Zomato Wallet,11,1
ORD_0002616,CUST_00208,REST_1070,RIDER_0001,2026-09-25 03:54:53,Refunded,1,115.94,20,77.7,173.64,Zomato Wallet,3,0
ORD_0002617,CUST_00430,REST_1074,RIDER_0089,2026-08-31 10:16:20,Delivered,5,2133.94,50,61.65,2145.59,Credit Card,10,0
ORD_0002618,CUST_00130,REST_1037,RIDER_0005,2026-08-05 23:48:29,Delivered,5,3738.66,0,49.73,3788.39,Credit Card,23,0
ORD_0002619,CUST_00124,REST_1065,RIDER_0021,2026-08-08 20:54:10,Delivered,2,565.7,84.86,95.17,576.01,Zomato Wallet,20,1
ORD_0002620,CUST_00498,REST_1011,RIDER_0070,2026-07-31 05:40:35,Delivered,3,3528.1,0,81.97,3610.07,Credit Card,5,0
ORD_0002621,CUST_00008,REST_1004,RIDER_0025,2026-08-18 13:23:07,Delivered,1,204.07,20,25.0,209.07,Zomato Wallet,13,0
ORD_0002622,CUST_00172,REST_1050,RIDER_0042,2026-09-27 16:52:28,Delivered,5,840.34,50,41.92,832.26,Debit Card,16,1
ORD_0002623,CUST_00250,REST_1098,RIDER_0097,2026-08-27 19:12:23,Delivered,3,484.66,0,25.0,509.66,UPI,19,0
ORD_0002624,CUST_00001,REST_1076,RIDER_0011,2026-09-27 01:08:34,Delivered,2,1847.92,50,25.0,1822.92,Net Banking,1,1
ORD_0002625,CUST_00371,REST_1018,RIDER_0108,2026-08-06 17:31:16,Delivered,6,2042.47,20,58.95,2081.42,Net Banking,17,0
ORD_0002626,CUST_00100,REST_1077,RIDER_0040,2026-08-06 06:15:40,Delivered,5,6198.9,929.83,37.5,5306.57,Zomato Wallet,6,0
ORD_0002627,CUST_00101,REST_1066,RIDER_0046,2026-08-15 21:40:24,Delivered,3,3826.96,0,31.2,3858.16,Zomato Wallet,21,1
ORD_0002628,CUST_00160,REST_1066,RIDER_0042,2026-08-18 01:22:11,Delivered,5,5679.69,50,69.23,5698.92,Cash on Delivery,1,0
ORD_0002629,CUST_00464,REST_1068,RIDER_0009,2026-08-27 04:26:43,Delivered,3,3833.19,20,51.3,3864.49,Zomato Wallet,4,0
ORD_0002630,CUST_00443,REST_1048,RIDER_0054,2026-09-19 18:05:03,Delivered,5,2132.45,0,54.6,2187.05,Cash on Delivery,18,1
ORD_0002631,CUST_00138,REST_1061,RIDER_0144,2026-09-15 20:42:55,Delivered,2,2355.16,50,45.9,2351.06,UPI,20,0
ORD_0002632,CUST_00287,REST_1094,RIDER_0018,2026-09-23 04:15:31,Delivered,3,979.85,50,53.48,983.33,Credit Card,4,0
ORD_0002633,CUST_00051,REST_1028,RIDER_0141,2026-08-24 06:42:17,Delivered,6,4029.08,20,84.45,4093.53,Zomato Wallet,6,0
ORD_0002634,CUST_00412,REST_1055,RIDER_0027,2026-08-10 18:42:53,Delivered,2,1642.67,0,85.12,1727.79,Zomato Wallet,18,0
ORD_0002635,CUST_00216,REST_1086,RIDER_0130,2026-08-02 14:02:47,Delivered,1,494.51,74.18,0.0,420.33,Debit Card,14,1
ORD_0002636,CUST_00367,REST_1033,RIDER_0007,2026-09-10 19:26:49,Delivered,1,508.48,0,41.62,550.1,UPI,19,0
ORD_0002637,CUST_00464,REST_1035,RIDER_0123,2026-08-06 22:57:49,Delivered,4,3093.59,50,44.25,3087.84,Cash on Delivery,22,0
ORD_0002638,CUST_00378,REST_1068,RIDER_0062,2026-08-07 14:53:17,Delivered,4,3686.4,20,85.27,3751.67,Cash on Delivery,14,0
ORD_0002639,CUST_00223,REST_1076,RIDER_0098,2026-08-28 05:54:49,Delivered,4,3078.72,50,37.73,3066.45,UPI,5,0
ORD_0002640,CUST_00056,REST_1012,RIDER_0076,2026-08-28 04:47:58,Delivered,1,453.74,50,62.4,466.14,Zomato Wallet,4,0
ORD_0002641,CUST_00011,REST_1008,RIDER_0072,2026-08-24 22:00:04,Delivered,1,1172.58,20,68.55,1221.13,Credit Card,22,0
ORD_0002642,CUST_00146,REST_1047,RIDER_0005,2026-09-09 06:20:03,Delivered,6,842.78,126.42,0.0,716.36,Credit Card,6,0
ORD_0002643,CUST_00112,REST_1006,RIDER_0094,2026-09-19 17:51:54,Delivered,6,2046.28,306.94,0.0,1739.34,Cash on Delivery,17,1
ORD_0002644,CUST_00011,REST_1091,RIDER_0090,2026-08-11 17:42:44,Delivered,3,2614.12,50,36.15,2600.27,UPI,17,0
ORD_0002645,CUST_00063,REST_1023,RIDER_0021,2026-09-11 05:21:06,Delivered,1,179.29,50,26.77,156.06,Debit Card,5,0
ORD_0002646,CUST_00485,REST_1030,RIDER_0090,2026-08-20 23:06:09,Delivered,2,281.38,42.21,25.0,264.17,Zomato Wallet,23,0
ORD_0002647,CUST_00417,REST_1027,RIDER_0077,2026-08-01 23:40:15,Delivered,2,774.4,20,64.95,819.35,Zomato Wallet,23,1
ORD_0002648,CUST_00401,REST_1017,RIDER_0026,2026-08-26 03:37:29,Delivered,6,5427.44,814.12,87.83,4701.15,Zomato Wallet,3,0
ORD_0002649,CUST_00265,REST_1052,RIDER_0115,2026-08-29 17:52:23,Delivered,2,339.57,20,83.78,403.35,Credit Card,17,1
ORD_0002650,CUST_00134,REST_1027,RIDER_0123,2026-08-23 14:56:40,Delivered,3,1023.07,153.46,63.3,932.91,UPI,14,1
ORD_0002651,CUST_00358,REST_1045,RIDER_0038,2026-08-26 08:45:01,Cancelled,5,2199.97,20,28.27,2208.24,Debit Card,8,0
ORD_0002652,CUST_00492,REST_1005,RIDER_0129,2026-09-28 05:43:18,Delivered,2,749.84,0,89.85,839.69,Net Banking,5,0
ORD_0002653,CUST_00029,REST_1082,RIDER_0047,2026-08-24 05:09:17,Delivered,2,248.7,37.3,89.7,301.1,Zomato Wallet,5,0
ORD_0002654,CUST_00452,REST_1082,RIDER_0108,2026-09-25 23:32:35,Cancelled,1,129.59,50,52.2,131.79,Zomato Wallet,23,0
ORD_0002655,CUST_00336,REST_1084,RIDER_0101,2026-09-15 23:29:09,Delivered,5,640.05,20,31.05,651.1,Net Banking,23,0
ORD_0002656,CUST_00330,REST_1084,RIDER_0110,2026-07-31 21:04:31,Delivered,3,418.4,0,89.78,508.18,UPI,21,0
ORD_0002657,CUST_00023,REST_1062,RIDER_0048,2026-09-04 01:34:26,Delivered,4,3725.0,20,25.0,3730.0,Cash on Delivery,1,0
ORD_0002658,CUST_00148,REST_1010,RIDER_0033,2026-08-25 09:49:13,Delivered,6,2904.65,50,30.53,2885.18,UPI,9,0
ORD_0002659,CUST_00048,REST_1092,RIDER_0031,2026-09-18 01:13:33,Delivered,1,900.36,135.05,25.0,790.31,UPI,1,0
ORD_0002660,CUST_00143,REST_1031,RIDER_0031,2026-09-15 11:26:19,Delivered,1,209.88,20,53.4,243.28,Credit Card,11,0
ORD_0002661,CUST_00054,REST_1066,RIDER_0115,2026-09-03 10:54:51,Delivered,5,4932.57,739.89,74.78,4267.46,Cash on Delivery,10,0
ORD_0002662,CUST_00227,REST_1068,RIDER_0102,2026-09-14 20:51:44,Delivered,3,2719.75,50,106.05,2775.8,Net Banking,20,0
ORD_0002663,CUST_00001,REST_1081,RIDER_0027,2026-08-16 15:00:44,Delivered,1,140.31,50,25.0,115.31,UPI,15,1
ORD_0002664,CUST_00434,REST_1050,RIDER_0066,2026-08-09 10:42:43,Delivered,3,566.72,85.01,91.88,573.59,Debit Card,10,1
ORD_0002665,CUST_00256,REST_1056,RIDER_0067,2026-08-30 09:04:48,Delivered,4,1482.27,222.34,36.15,1296.08,Zomato Wallet,9,1
ORD_0002666,CUST_00068,REST_1078,RIDER_0027,2026-08-01 20:31:58,Delivered,4,567.73,0,43.73,611.46,Debit Card,20,1
ORD_0002667,CUST_00212,REST_1054,RIDER_0085,2026-09-25 19:34:24,Delivered,5,5434.36,0,25.0,5459.36,Zomato Wallet,19,0
ORD_0002668,CUST_00141,REST_1068,RIDER_0049,2026-09-27 22:17:17,Delivered,4,3265.37,50,107.25,3322.62,Debit Card,22,1
ORD_0002669,CUST_00463,REST_1050,RIDER_0097,2026-08-03 15:16:17,Delivered,4,716.94,0,72.3,789.24,Zomato Wallet,15,0
ORD_0002670,CUST_00007,REST_1027,RIDER_0074,2026-09-26 16:20:39,Delivered,3,944.73,141.71,25.95,828.97,UPI,16,1
ORD_0002671,CUST_00387,REST_1078,RIDER_0126,2026-09-08 04:41:14,Delivered,3,571.7,50,84.0,605.7,Zomato Wallet,4,0
ORD_0002672,CUST_00185,REST_1082,RIDER_0034,2026-09-25 00:43:16,Delivered,6,637.7,20,31.27,648.97,UPI,0,0
ORD_0002673,CUST_00452,REST_1092,RIDER_0141,2026-09-07 19:44:20,Delivered,1,1057.75,20,28.73,1066.48,Cash on Delivery,19,0
ORD_0002674,CUST_00023,REST_1026,RIDER_0104,2026-09-01 03:44:54,Cancelled,3,1392.39,0,109.8,1502.19,Net Banking,3,0
ORD_0002675,CUST_00457,REST_1100,RIDER_0027,2026-09-29 01:02:13,Delivered,5,4221.57,50,25.0,4196.57,Credit Card,1,0
ORD_0002676,CUST_00142,REST_1061,RIDER_0019,2026-08-17 10:58:40,Delivered,1,1049.37,0,70.8,1120.17,Cash on Delivery,10,0
ORD_0002677,CUST_00156,REST_1079,RIDER_0079,2026-08-14 02:15:14,Delivered,5,1536.1,50,99.15,1585.25,Zomato Wallet,2,0
ORD_0002678,CUST_00227,REST_1085,RIDER_0110,2026-09-12 11:12:18,Delivered,6,1804.62,50,54.52,1809.14,Net Banking,11,1
ORD_0002679,CUST_00334,REST_1050,RIDER_0101,2026-09-12 23:05:47,Delivered,1,223.1,33.46,0.0,189.64,Credit Card,23,1
ORD_0002680,CUST_00224,REST_1075,RIDER_0017,2026-08-26 18:27:03,Delivered,6,3940.98,20,60.82,3981.8,UPI,18,0
ORD_0002681,CUST_00083,REST_1076,RIDER_0093,2026-09-17 03:33:38,Delivered,3,2599.07,389.86,57.38,2266.59,Debit Card,3,0
ORD_0002682,CUST_00168,REST_1062,RIDER_0131,2026-08-19 16:21:23,Delivered,2,1476.89,0,101.33,1578.22,Cash on Delivery,16,0
ORD_0002683,CUST_00246,REST_1074,RIDER_0085,2026-08-25 08:33:31,Delivered,4,1505.29,0,25.0,1530.29,Cash on Delivery,8,0
ORD_0002684,CUST_00084,REST_1062,RIDER_0092,2026-09-10 22:37:43,Delivered,4,2525.99,378.9,107.33,2254.42,Debit Card,22,0
ORD_0002685,CUST_00399,REST_1049,RIDER_0150,2026-09-18 13:50:27,Delivered,3,608.51,0,86.1,694.61,UPI,13,0
ORD_0002686,CUST_00135,REST_1045,RIDER_0009,2026-09-01 05:58:02,Delivered,6,2881.6,432.24,0.0,2449.36,Zomato Wallet,5,0
ORD_0002687,CUST_00006,REST_1006,RIDER_0144,2026-09-14 12:45:25,Delivered,3,1555.67,233.35,48.3,1370.62,Cash on Delivery,12,0
ORD_0002688,CUST_00436,REST_1069,RIDER_0133,2026-08-22 16:47:43,Delivered,5,3029.81,50,36.67,3016.48,Zomato Wallet,16,1
ORD_0002689,CUST_00412,REST_1055,RIDER_0016,2026-08-15 04:11:34,Delivered,5,3570.47,50,71.78,3592.25,Cash on Delivery,4,1
ORD_0002690,CUST_00286,REST_1009,RIDER_0139,2026-09-12 20:51:19,Delivered,2,1878.08,20,49.88,1907.96,Debit Card,20,1
ORD_0002691,CUST_00234,REST_1019,RIDER_0123,2026-09-21 04:24:19,Delivered,4,561.19,0,25.0,586.19,Zomato Wallet,4,0
ORD_0002692,CUST_00033,REST_1059,RIDER_0006,2026-08-20 23:13:05,Delivered,6,2052.39,0,101.4,2153.79,Zomato Wallet,23,0
ORD_0002693,CUST_00317,REST_1089,RIDER_0134,2026-09-25 01:59:53,Delivered,3,978.83,50,74.62,1003.45,Credit Card,1,0
ORD_0002694,CUST_00226,REST_1014,RIDER_0117,2026-08-09 23:54:28,Delivered,4,1004.84,20,49.05,1033.89,Debit Card,23,1
ORD_0002695,CUST_00099,REST_1030,RIDER_0039,2026-09-27 01:42:13,Delivered,2,330.23,20,60.3,370.53,Debit Card,1,1
ORD_0002696,CUST_00447,REST_1095,RIDER_0025,2026-08-06 09:39:34,Delivered,5,1702.43,50,44.25,1696.68,Net Banking,9,0
ORD_0002697,CUST_00422,REST_1008,RIDER_0112,2026-09-13 08:06:47,Delivered,4,5063.84,759.58,57.15,4361.41,Credit Card,8,1
ORD_0002698,CUST_00099,REST_1040,RIDER_0076,2026-08-15 17:02:37,Delivered,6,7650.25,50,44.55,7644.8,Credit Card,17,1
ORD_0002699,CUST_00046,REST_1014,RIDER_0026,2026-08-15 15:02:56,Delivered,6,1503.98,225.6,43.42,1321.8,Net Banking,15,1
ORD_0002700,CUST_00120,REST_1032,RIDER_0123,2026-07-31 05:24:22,Delivered,1,91.69,20,45.75,117.44,Credit Card,5,0
ORD_0002701,CUST_00448,REST_1084,RIDER_0131,2026-09-19 02:32:27,Delivered,6,641.96,20,79.05,701.01,Cash on Delivery,2,1
ORD_0002702,CUST_00016,REST_1070,RIDER_0050,2026-08-12 21:19:07,Delivered,4,555.17,0,88.95,644.12,Cash on Delivery,21,0
ORD_0002703,CUST_00046,REST_1100,RIDER_0045,2026-08-25 21:43:14,Delivered,5,4599.33,689.9,54.6,3964.03,Cash on Delivery,21,0
ORD_0002704,CUST_00258,REST_1072,RIDER_0035,2026-08-11 13:34:44,Delivered,5,497.49,50,25.0,472.49,UPI,13,0
ORD_0002705,CUST_00482,REST_1059,RIDER_0126,2026-09-10 09:16:42,Refunded,1,384.83,0,25.0,409.83,Zomato Wallet,9,0
ORD_0002706,CUST_00357,REST_1046,RIDER_0108,2026-09-19 14:38:30,Delivered,3,1933.47,290.02,25.0,1668.45,UPI,14,1
ORD_0002707,CUST_00253,REST_1057,RIDER_0051,2026-08-18 01:55:45,Delivered,6,2148.96,0,25.0,2173.96,Zomato Wallet,1,0
ORD_0002708,CUST_00377,REST_1020,RIDER_0098,2026-08-04 15:01:52,Delivered,3,2825.12,50,70.43,2845.55,Debit Card,15,0
ORD_0002709,CUST_00155,REST_1064,RIDER_0053,2026-09-07 16:17:06,Delivered,1,174.03,26.1,25.0,172.93,Zomato Wallet,16,0
ORD_0002710,CUST_00150,REST_1044,RIDER_0077,2026-09-04 09:03:27,Delivered,2,1167.06,175.06,0.0,992.0,Net Banking,9,0
ORD_0002711,CUST_00104,REST_1004,RIDER_0092,2026-08-21 10:43:31,Delivered,5,1071.05,160.66,27.3,937.69,Zomato Wallet,10,0
ORD_0002712,CUST_00277,REST_1015,RIDER_0077,2026-09-26 21:42:15,Delivered,3,3929.61,0,59.55,3989.16,Cash on Delivery,21,1
ORD_0002713,CUST_00084,REST_1049,RIDER_0009,2026-09-01 09:01:17,Delivered,6,1179.45,176.92,99.97,1102.5,Cash on Delivery,9,0
ORD_0002714,CUST_00330,REST_1097,RIDER_0019,2026-09-07 12:51:38,Delivered,3,816.47,50,92.02,858.49,Debit Card,12,0
ORD_0002715,CUST_00436,REST_1071,RIDER_0136,2026-08-04 04:53:44,Delivered,6,1448.32,0,35.62,1483.94,Cash on Delivery,4,0
ORD_0002716,CUST_00167,REST_1072,RIDER_0132,2026-08-19 10:51:25,Delivered,4,467.87,0,71.1,538.97,Debit Card,10,0
ORD_0002717,CUST_00405,REST_1064,RIDER_0105,2026-09-24 01:58:18,Delivered,1,220.38,20,74.55,274.93,Zomato Wallet,1,0
ORD_0002718,CUST_00354,REST_1011,RIDER_0071,2026-08-01 10:17:17,Delivered,4,3244.92,486.74,41.55,2799.73,UPI,10,1
ORD_0002719,CUST_00373,REST_1020,RIDER_0035,2026-08-18 17:09:55,Delivered,3,2740.9,50,76.88,2767.78,Credit Card,17,0
ORD_0002720,CUST_00138,REST_1020,RIDER_0040,2026-09-23 19:14:24,Delivered,2,1216.93,0,64.28,1281.21,UPI,19,0
ORD_0002721,CUST_00221,REST_1023,RIDER_0029,2026-08-09 09:18:57,Delivered,3,698.42,0,99.23,797.65,Net Banking,9,1
ORD_0002722,CUST_00068,REST_1011,RIDER_0100,2026-09-09 03:15:49,Delivered,1,771.02,0,110.62,881.64,Credit Card,3,0
ORD_0002723,CUST_00233,REST_1092,RIDER_0098,2026-09-01 18:56:15,Delivered,2,1967.05,20,109.12,2056.17,Credit Card,18,0
ORD_0002724,CUST_00411,REST_1085,RIDER_0006,2026-09-16 07:04:48,Refunded,6,2069.97,50,35.92,2055.89,UPI,7,0
ORD_0002725,CUST_00315,REST_1057,RIDER_0042,2026-09-19 23:43:30,Delivered,6,1997.02,299.55,0.0,1697.47,Debit Card,23,1
ORD_0002726,CUST_00063,REST_1014,RIDER_0096,2026-09-25 15:34:14,Delivered,5,1342.32,50,25.0,1317.32,Debit Card,15,0
ORD_0002727,CUST_00368,REST_1054,RIDER_0043,2026-09-10 05:27:59,Delivered,5,5168.75,50,35.1,5153.85,Cash on Delivery,5,0
ORD_0002728,CUST_00340,REST_1018,RIDER_0006,2026-08-15 02:02:45,Delivered,1,359.41,53.91,71.92,377.42,Debit Card,2,1
ORD_0002729,CUST_00265,REST_1095,RIDER_0029,2026-08-23 18:09:04,Delivered,2,756.28,0,25.0,781.28,UPI,18,1
ORD_0002730,CUST_00155,REST_1029,RIDER_0048,2026-08-08 03:58:59,Delivered,3,1562.24,234.34,37.8,1365.7,Credit Card,3,1
ORD_0002731,CUST_00457,REST_1072,RIDER_0122,2026-08-02 07:54:40,Delivered,5,619.91,50,105.15,675.06,Zomato Wallet,7,1
ORD_0002732,CUST_00332,REST_1060,RIDER_0020,2026-08-06 05:21:13,Delivered,5,1112.7,0,30.6,1143.3,Zomato Wallet,5,0
ORD_0002733,CUST_00112,REST_1097,RIDER_0106,2026-09-18 04:11:59,Delivered,3,1068.37,160.26,0.0,908.11,UPI,4,0
ORD_0002734,CUST_00375,REST_1060,RIDER_0037,2026-08-12 12:41:38,Delivered,2,402.56,50,106.5,459.06,Debit Card,12,0
ORD_0002735,CUST_00208,REST_1084,RIDER_0079,2026-08-29 21:21:00,Delivered,5,540.78,0,101.92,642.7,UPI,21,1
ORD_0002736,CUST_00280,REST_1076,RIDER_0033,2026-08-23 08:01:07,Delivered,5,3601.3,0,68.48,3669.78,Credit Card,8,1
ORD_0002737,CUST_00409,REST_1059,RIDER_0097,2026-09-25 10:19:51,Delivered,6,1921.13,288.17,95.77,1728.73,Net Banking,10,0
ORD_0002738,CUST_00035,REST_1084,RIDER_0136,2026-08-25 02:38:36,Delivered,5,625.74,0,73.5,699.24,Credit Card,2,0
ORD_0002739,CUST_00423,REST_1036,RIDER_0104,2026-09-06 21:12:11,Delivered,5,2886.04,432.91,0.0,2453.13,Cash on Delivery,21,1
ORD_0002740,CUST_00152,REST_1063,RIDER_0119,2026-08-28 00:40:34,Delivered,4,573.99,86.1,69.0,556.89,Credit Card,0,0
ORD_0002741,CUST_00328,REST_1023,RIDER_0133,2026-09-19 12:41:02,Delivered,6,1051.14,50,25.0,1026.14,Net Banking,12,1
ORD_0002742,CUST_00016,REST_1083,RIDER_0016,2026-09-15 06:39:35,Delivered,2,1569.48,0,100.12,1669.6,Credit Card,6,0
ORD_0002743,CUST_00242,REST_1022,RIDER_0090,2026-09-26 02:37:25,Delivered,3,529.81,79.47,0.0,450.34,Zomato Wallet,2,1
ORD_0002744,CUST_00241,REST_1058,RIDER_0137,2026-09-03 12:46:57,Delivered,6,2254.04,20,52.95,2286.99,Cash on Delivery,12,0
ORD_0002745,CUST_00401,REST_1026,RIDER_0007,2026-08-17 23:45:56,Delivered,3,1050.56,157.58,25.0,917.98,Zomato Wallet,23,0
ORD_0002746,CUST_00025,REST_1094,RIDER_0116,2026-08-22 13:22:04,Delivered,1,373.58,20,53.77,407.35,Cash on Delivery,13,1
ORD_0002747,CUST_00217,REST_1054,RIDER_0011,2026-09-07 14:03:06,Delivered,3,2759.68,20,100.12,2839.8,Net Banking,14,0
ORD_0002748,CUST_00464,REST_1004,RIDER_0009,2026-08-16 14:41:01,Delivered,4,617.51,0,25.0,642.51,Debit Card,14,1
ORD_0002749,CUST_00064,REST_1074,RIDER_0122,2026-09-26 08:25:33,Delivered,6,2965.38,444.81,0.0,2520.57,Credit Card,8,1
ORD_0002750,CUST_00112,REST_1006,RIDER_0012,2026-09-13 06:17:42,Delivered,5,2554.17,383.13,0.0,2171.04,Cash on Delivery,6,1
ORD_0002751,CUST_00277,REST_1074,RIDER_0009,2026-08-08 00:14:09,Delivered,5,2433.35,50,58.57,2441.92,UPI,0,1
ORD_0002752,CUST_00352,REST_1091,RIDER_0039,2026-08-20 05:27:22,Delivered,3,1733.08,20,63.0,1776.08,UPI,5,0
ORD_0002753,CUST_00124,REST_1027,RIDER_0068,2026-08-27 02:23:00,Delivered,2,636.34,95.45,65.1,605.99,Zomato Wallet,2,0
ORD_0002754,CUST_00324,REST_1029,RIDER_0034,2026-09-14 09:26:52,Delivered,3,1863.3,279.5,0.0,1583.8,Net Banking,9,0
ORD_0002755,CUST_00382,REST_1024,RIDER_0080,2026-09-15 00:35:20,Delivered,3,1122.89,0,77.25,1200.14,UPI,0,0
ORD_0002756,CUST_00136,REST_1044,RIDER_0126,2026-09-14 04:24:15,Delivered,3,1692.73,253.91,0.0,1438.82,Credit Card,4,0
ORD_0002757,CUST_00204,REST_1043,RIDER_0084,2026-09-07 14:39:46,Delivered,4,3784.5,20,25.0,3789.5,Credit Card,14,0
ORD_0002758,CUST_00345,REST_1056,RIDER_0125,2026-09-27 19:17:19,Delivered,3,1051.46,0,25.0,1076.46,Credit Card,19,1
ORD_0002759,CUST_00298,REST_1003,RIDER_0104,2026-09-26 23:50:12,Delivered,3,551.51,20,38.7,570.21,Net Banking,23,1
ORD_0002760,CUST_00200,REST_1006,RIDER_0126,2026-09-08 09:17:00,Delivered,3,1512.44,50,47.17,1509.61,Credit Card,9,0
ORD_0002761,CUST_00008,REST_1084,RIDER_0150,2026-09-23 09:05:19,Delivered,2,224.05,50,31.05,205.1,Zomato Wallet,9,0
ORD_0002762,CUST_00437,REST_1070,RIDER_0107,2026-09-19 18:27:30,Delivered,3,340.7,51.1,50.4,340.0,UPI,18,1
ORD_0002763,CUST_00007,REST_1035,RIDER_0105,2026-08-01 13:46:51,Delivered,3,1850.42,277.56,37.65,1610.51,Net Banking,13,1
ORD_0002764,CUST_00297,REST_1022,RIDER_0037,2026-09-08 14:56:07,Delivered,2,379.75,20,109.95,469.7,Credit Card,14,0
ORD_0002765,CUST_00374,REST_1042,RIDER_0102,2026-09-24 18:50:02,Delivered,1,872.79,130.92,97.95,839.82,Debit Card,18,0
ORD_0002766,CUST_00054,REST_1094,RIDER_0020,2026-09-17 16:54:02,Cancelled,6,1535.52,230.33,25.0,1330.19,Credit Card,16,0
ORD_0002767,CUST_00202,REST_1027,RIDER_0113,2026-08-14 06:38:59,Delivered,4,1142.8,0,110.55,1253.35,Zomato Wallet,6,0
ORD_0002768,CUST_00092,REST_1027,RIDER_0038,2026-08-09 22:31:47,Delivered,4,1412.95,211.94,0.0,1201.01,Credit Card,22,1
ORD_0002769,CUST_00465,REST_1076,RIDER_0065,2026-09-04 03:24:06,Delivered,5,3597.96,539.69,25.0,3083.27,Debit Card,3,0
ORD_0002770,CUST_00402,REST_1066,RIDER_0028,2026-08-21 20:44:35,Delivered,3,3676.1,551.41,29.33,3154.02,Credit Card,20,0
ORD_0002771,CUST_00208,REST_1070,RIDER_0079,2026-09-15 12:59:21,Delivered,2,267.1,0,25.0,292.1,UPI,12,0
ORD_0002772,CUST_00499,REST_1070,RIDER_0085,2026-09-04 11:27:00,Delivered,5,543.82,81.57,96.75,559.0,UPI,11,0
ORD_0002773,CUST_00235,REST_1093,RIDER_0108,2026-09-04 01:28:45,Delivered,5,5067.75,0,45.23,5112.98,Credit Card,1,0
ORD_0002774,CUST_00352,REST_1023,RIDER_0075,2026-08-22 19:28:55,Delivered,2,339.35,0,54.9,394.25,Credit Card,19,1
ORD_0002775,CUST_00062,REST_1051,RIDER_0120,2026-09-14 14:47:22,Delivered,6,565.39,50,86.92,602.31,Net Banking,14,0
ORD_0002776,CUST_00470,REST_1048,RIDER_0066,2026-09-12 03:05:38,Delivered,3,1746.4,50,29.78,1726.18,UPI,3,1
ORD_0002777,CUST_00106,REST_1048,RIDER_0044,2026-09-15 01:27:40,Delivered,6,2883.16,50,25.0,2858.16,Credit Card,1,0
ORD_0002778,CUST_00458,REST_1071,RIDER_0059,2026-08-19 00:50:15,Delivered,2,410.78,50,86.47,447.25,Credit Card,0,0
ORD_0002779,CUST_00353,REST_1088,RIDER_0038,2026-08-03 05:02:32,Delivered,6,2594.8,50,49.58,2594.38,Debit Card,5,0
ORD_0002780,CUST_00346,REST_1089,RIDER_0107,2026-09-24 16:01:40,Delivered,1,319.76,0,106.35,426.11,Debit Card,16,0
ORD_0002781,CUST_00101,REST_1032,RIDER_0078,2026-08-31 07:56:46,Delivered,4,466.49,20,34.35,480.84,UPI,7,0
ORD_0002782,CUST_00220,REST_1007,RIDER_0082,2026-08-26 12:30:48,Delivered,2,1069.53,0,33.6,1103.13,Zomato Wallet,12,0
ORD_0002783,CUST_00386,REST_1069,RIDER_0062,2026-08-07 15:03:40,Delivered,5,3254.42,0,26.77,3281.19,Net Banking,15,0
ORD_0002784,CUST_00073,REST_1009,RIDER_0070,2026-08-08 16:37:13,Delivered,6,5864.15,879.62,65.55,5050.08,Zomato Wallet,16,1
ORD_0002785,CUST_00381,REST_1082,RIDER_0099,2026-08-25 01:53:31,Delivered,2,284.63,42.69,59.1,301.04,Debit Card,1,0
ORD_0002786,CUST_00430,REST_1032,RIDER_0112,2026-08-10 22:29:51,Delivered,2,250.38,20,39.08,269.46,Net Banking,22,0
ORD_0002787,CUST_00145,REST_1068,RIDER_0113,2026-09-09 15:27:40,Delivered,5,4819.74,722.96,92.47,4189.25,Zomato Wallet,15,0
ORD_0002788,CUST_00112,REST_1085,RIDER_0085,2026-08-31 07:40:42,Delivered,5,1767.21,265.08,0.0,1502.13,Cash on Delivery,7,0
ORD_0002789,CUST_00478,REST_1039,RIDER_0138,2026-09-04 11:01:40,Delivered,4,841.45,50,72.0,863.45,Credit Card,11,0
ORD_0002790,CUST_00250,REST_1090,RIDER_0105,2026-08-19 02:07:25,Delivered,4,885.46,0,51.9,937.36,Debit Card,2,0
ORD_0002791,CUST_00171,REST_1073,RIDER_0050,2026-09-27 19:58:16,Delivered,2,1605.53,50,36.45,1591.98,UPI,19,1
ORD_0002792,CUST_00375,REST_1083,RIDER_0039,2026-09-19 13:56:25,Delivered,5,4672.81,0,43.05,4715.86,Cash on Delivery,13,1
ORD_0002793,CUST_00135,REST_1018,RIDER_0019,2026-09-03 15:07:31,Delivered,2,682.59,102.39,0.0,580.2,Net Banking,15,0
ORD_0002794,CUST_00382,REST_1099,RIDER_0120,2026-08-01 23:02:52,Delivered,2,870.0,20,29.48,879.48,Zomato Wallet,23,1
ORD_0002795,CUST_00293,REST_1098,RIDER_0126,2026-08-31 03:49:05,Cancelled,1,202.15,20,25.0,207.15,Credit Card,3,0
ORD_0002796,CUST_00144,REST_1075,RIDER_0027,2026-09-04 05:52:22,Delivered,2,1570.87,0,83.1,1653.97,Credit Card,5,0
ORD_0002797,CUST_00046,REST_1036,RIDER_0008,2026-07-31 11:15:17,Delivered,4,1891.78,283.77,27.3,1635.31,Zomato Wallet,11,0
ORD_0002798,CUST_00247,REST_1052,RIDER_0049,2026-08-02 18:06:39,Delivered,3,533.02,50,34.73,517.75,Credit Card,18,1
ORD_0002799,CUST_00119,REST_1019,RIDER_0054,2026-08-23 21:25:42,Delivered,5,724.66,0,88.27,812.93,Cash on Delivery,21,1
ORD_0002800,CUST_00046,REST_1036,RIDER_0011,2026-08-11 10:52:54,Delivered,6,2993.3,449.0,52.05,2596.35,Credit Card,10,0
ORD_0002801,CUST_00382,REST_1050,RIDER_0075,2026-08-11 13:47:37,Delivered,2,467.06,50,107.47,524.53,Zomato Wallet,13,0
ORD_0002802,CUST_00470,REST_1076,RIDER_0029,2026-09-22 03:46:48,Refunded,1,880.34,50,82.42,912.76,Zomato Wallet,3,0
ORD_0002803,CUST_00097,REST_1091,RIDER_0043,2026-08-21 09:06:02,Delivered,1,777.61,0,25.0,802.61,Credit Card,9,0
ORD_0002804,CUST_00286,REST_1048,RIDER_0103,2026-09-25 02:00:53,Delivered,3,1664.76,20,78.38,1723.14,Debit Card,2,0
ORD_0002805,CUST_00139,REST_1017,RIDER_0018,2026-09-27 20:30:17,Delivered,5,4202.81,630.42,75.82,3648.21,UPI,20,1
ORD_0002806,CUST_00119,REST_1052,RIDER_0068,2026-08-14 00:21:21,Delivered,1,200.72,50,25.0,175.72,Zomato Wallet,0,0
ORD_0002807,CUST_00267,REST_1056,RIDER_0062,2026-09-28 17:48:35,Delivered,4,1138.54,170.78,43.65,1011.41,Cash on Delivery,17,0
ORD_0002808,CUST_00486,REST_1059,RIDER_0139,2026-08-05 03:19:20,Delivered,6,2121.21,50,96.6,2167.81,Debit Card,3,0
ORD_0002809,CUST_00379,REST_1018,RIDER_0007,2026-08-07 04:09:41,Delivered,6,1795.61,269.34,0.0,1526.27,Cash on Delivery,4,0
ORD_0002810,CUST_00252,REST_1100,RIDER_0037,2026-07-31 10:11:05,Delivered,4,2262.28,339.34,54.52,1977.46,Credit Card,10,0
ORD_0002811,CUST_00169,REST_1009,RIDER_0035,2026-09-02 11:33:59,Delivered,2,1733.54,260.03,0.0,1473.51,UPI,11,0
ORD_0002812,CUST_00118,REST_1086,RIDER_0125,2026-08-12 18:52:42,Delivered,4,1886.79,283.02,0.0,1603.77,Net Banking,18,0
ORD_0002813,CUST_00221,REST_1036,RIDER_0119,2026-08-05 11:10:45,Delivered,1,659.03,0,74.62,733.65,Net Banking,11,0
ORD_0002814,CUST_00224,REST_1082,RIDER_0045,2026-08-11 12:12:38,Delivered,3,330.83,50,101.4,382.23,Credit Card,12,0
ORD_0002815,CUST_00485,REST_1039,RIDER_0102,2026-09-03 01:41:26,Delivered,6,1180.09,177.01,49.58,1052.66,UPI,1,0
ORD_0002816,CUST_00256,REST_1054,RIDER_0054,2026-09-11 15:59:30,Delivered,2,1923.74,288.56,52.65,1687.83,Debit Card,15,0
ORD_0002817,CUST_00182,REST_1094,RIDER_0080,2026-09-17 08:48:49,Delivered,5,1580.98,237.15,0.0,1343.83,UPI,8,0
ORD_0002818,CUST_00307,REST_1093,RIDER_0149,2026-09-09 04:43:33,Delivered,3,3326.8,499.02,103.2,2930.98,Debit Card,4,0
ORD_0002819,CUST_00234,REST_1001,RIDER_0080,2026-08-16 03:09:18,Delivered,3,783.24,20,52.35,815.59,Zomato Wallet,3,1
ORD_0002820,CUST_00200,REST_1037,RIDER_0130,2026-08-17 20:44:42,Delivered,3,1680.07,50,60.45,1690.52,UPI,20,0
ORD_0002821,CUST_00081,REST_1027,RIDER_0086,2026-08-17 00:20:07,Delivered,3,1102.47,165.37,0.0,937.1,Credit Card,0,0
ORD_0002822,CUST_00194,REST_1050,RIDER_0083,2026-08-09 08:35:04,Delivered,1,171.51,25.73,99.45,245.23,Zomato Wallet,8,1
ORD_0002823,CUST_00169,REST_1057,RIDER_0095,2026-09-23 10:40:19,Delivered,6,1777.96,266.69,0.0,1511.27,Cash on Delivery,10,0
ORD_0002824,CUST_00432,REST_1010,RIDER_0111,2026-09-26 08:46:23,Delivered,3,1041.63,156.24,44.47,929.86,Net Banking,8,1
ORD_0002825,CUST_00165,REST_1017,RIDER_0034,2026-07-31 17:24:36,Delivered,1,609.0,91.35,67.28,584.93,Cash on Delivery,17,0
ORD_0002826,CUST_00108,REST_1041,RIDER_0007,2026-09-23 20:31:05,Delivered,3,3419.72,512.96,64.35,2971.11,Cash on Delivery,20,0
ORD_0002827,CUST_00326,REST_1032,RIDER_0116,2026-08-26 04:19:32,Delivered,3,329.55,50,25.0,304.55,UPI,4,0
ORD_0002828,CUST_00417,REST_1006,RIDER_0132,2026-08-18 04:43:49,Delivered,4,1752.47,0,64.65,1817.12,UPI,4,0
ORD_0002829,CUST_00160,REST_1032,RIDER_0086,2026-08-11 18:32:36,Delivered,4,557.1,50,70.8,577.9,Zomato Wallet,18,0
ORD_0002830,CUST_00440,REST_1074,RIDER_0024,2026-09-10 04:30:37,Delivered,5,1870.37,280.56,68.85,1658.66,Credit Card,4,0
ORD_0002831,CUST_00308,REST_1066,RIDER_0093,2026-09-26 03:07:44,Delivered,2,2514.82,20,93.6,2588.42,Zomato Wallet,3,1
ORD_0002832,CUST_00307,REST_1001,RIDER_0112,2026-08-02 01:38:09,Delivered,6,1218.99,182.85,95.77,1131.91,Zomato Wallet,1,1
ORD_0002833,CUST_00301,REST_1070,RIDER_0150,2026-08-10 16:38:02,Delivered,6,772.67,0,43.12,815.79,Debit Card,16,0
ORD_0002834,CUST_00263,REST_1046,RIDER_0022,2026-08-23 14:41:46,Delivered,1,784.46,0,83.7,868.16,Zomato Wallet,14,1
ORD_0002835,CUST_00361,REST_1088,RIDER_0023,2026-08-11 16:39:12,Delivered,3,1471.62,20,82.5,1534.12,Net Banking,16,0
ORD_0002836,CUST_00251,REST_1081,RIDER_0125,2026-09-27 11:06:40,Delivered,1,224.17,50,51.45,225.62,Zomato Wallet,11,1
ORD_0002837,CUST_00089,REST_1005,RIDER_0130,2026-08-13 19:17:06,Delivered,5,1654.46,50,27.45,1631.91,Debit Card,19,0
ORD_0002838,CUST_00244,REST_1032,RIDER_0009,2026-08-28 06:56:15,Delivered,6,818.15,50,108.15,876.3,Debit Card,6,0
ORD_0002839,CUST_00023,REST_1023,RIDER_0139,2026-08-21 17:02:28,Delivered,1,223.96,50,95.92,269.88,Cash on Delivery,17,0
ORD_0002840,CUST_00115,REST_1042,RIDER_0063,2026-09-02 18:37:19,Delivered,6,5468.59,820.29,0.0,4648.3,Cash on Delivery,18,0
ORD_0002841,CUST_00353,REST_1051,RIDER_0108,2026-09-22 17:43:54,Delivered,2,180.44,0,46.58,227.02,Credit Card,17,0
ORD_0002842,CUST_00146,REST_1066,RIDER_0055,2026-09-06 19:12:24,Delivered,3,2382.32,357.35,0.0,2024.97,UPI,19,1
ORD_0002843,CUST_00278,REST_1097,RIDER_0084,2026-08-02 16:06:59,Delivered,3,921.89,138.28,0.0,783.61,Zomato Wallet,16,1
ORD_0002844,CUST_00377,REST_1076,RIDER_0037,2026-09-03 04:49:14,Delivered,3,2624.26,20,39.08,2643.34,Zomato Wallet,4,0
ORD_0002845,CUST_00292,REST_1046,RIDER_0001,2026-08-25 13:37:11,Delivered,3,2300.17,345.03,91.95,2047.09,Zomato Wallet,13,0
ORD_0002846,CUST_00153,REST_1056,RIDER_0082,2026-08-01 17:05:05,Delivered,4,1629.9,20,99.23,1709.13,Credit Card,17,1
ORD_0002847,CUST_00051,REST_1025,RIDER_0112,2026-09-28 04:59:13,Delivered,2,537.1,20,72.0,589.1,Debit Card,4,0
ORD_0002848,CUST_00085,REST_1065,RIDER_0001,2026-08-19 19:24:01,Delivered,2,553.15,82.97,0.0,470.18,Net Banking,19,0
ORD_0002849,CUST_00023,REST_1063,RIDER_0077,2026-08-06 17:28:20,Delivered,2,249.47,50,70.12,269.59,Zomato Wallet,17,0
ORD_0002850,CUST_00251,REST_1076,RIDER_0054,2026-08-21 23:56:57,Delivered,2,1894.13,20,106.5,1980.63,Zomato Wallet,23,0
ORD_0002851,CUST_00457,REST_1034,RIDER_0107,2026-08-22 00:32:11,Delivered,1,244.6,20,25.2,249.8,Cash on Delivery,0,1
ORD_0002852,CUST_00297,REST_1081,RIDER_0024,2026-09-20 06:51:27,Delivered,1,189.69,50,25.0,164.69,Debit Card,6,1
ORD_0002853,CUST_00098,REST_1035,RIDER_0082,2026-09-01 23:55:46,Delivered,2,1620.36,20,28.2,1628.56,Cash on Delivery,23,0
ORD_0002854,CUST_00111,REST_1034,RIDER_0075,2026-08-14 10:40:07,Delivered,1,251.61,0,37.27,288.88,Net Banking,10,0
ORD_0002855,CUST_00151,REST_1042,RIDER_0001,2026-09-19 02:53:55,Delivered,6,3428.17,20,75.82,3483.99,Credit Card,2,1
ORD_0002856,CUST_00318,REST_1082,RIDER_0111,2026-09-27 07:28:48,Delivered,6,592.19,0,109.42,701.61,Debit Card,7,1
ORD_0002857,CUST_00185,REST_1022,RIDER_0010,2026-09-11 19:51:43,Delivered,5,931.76,50,48.15,929.91,UPI,19,0
ORD_0002858,CUST_00184,REST_1014,RIDER_0028,2026-09-20 23:23:16,Delivered,4,894.93,0,25.0,919.93,Credit Card,23,1
ORD_0002859,CUST_00189,REST_1017,RIDER_0007,2026-08-03 07:25:45,Delivered,4,3829.96,0,25.0,3854.96,Net Banking,7,0
ORD_0002860,CUST_00419,REST_1098,RIDER_0024,2026-09-22 03:09:58,Delivered,1,232.59,0,36.45,269.04,UPI,3,0
ORD_0002861,CUST_00099,REST_1041,RIDER_0050,2026-09-15 02:54:54,Delivered,2,2590.53,50,108.15,2648.68,Credit Card,2,0
ORD_0002862,CUST_00120,REST_1096,RIDER_0007,2026-09-04 06:45:03,Delivered,6,2363.08,0,25.0,2388.08,Debit Card,6,0
ORD_0002863,CUST_00489,REST_1043,RIDER_0127,2026-09-05 13:20:50,Delivered,2,1963.37,294.51,31.73,1700.59,Zomato Wallet,13,1
ORD_0002864,CUST_00456,REST_1058,RIDER_0041,2026-08-19 20:28:30,Delivered,6,3030.77,0,54.0,3084.77,Zomato Wallet,20,0
ORD_0002865,CUST_00038,REST_1072,RIDER_0078,2026-09-11 18:50:29,Delivered,2,261.51,39.23,69.0,291.28,Net Banking,18,0
ORD_0002866,CUST_00310,REST_1083,RIDER_0137,2026-08-05 03:37:46,Delivered,4,3168.0,50,47.32,3165.32,Cash on Delivery,3,0
ORD_0002867,CUST_00468,REST_1037,RIDER_0018,2026-08-10 13:57:07,Delivered,1,598.35,89.75,52.65,561.25,Zomato Wallet,13,0
ORD_0002868,CUST_00163,REST_1055,RIDER_0047,2026-08-24 19:24:59,Delivered,4,3217.7,482.65,25.0,2760.05,Zomato Wallet,19,0
ORD_0002869,CUST_00429,REST_1087,RIDER_0007,2026-09-20 14:54:23,Delivered,2,822.22,123.33,91.05,789.94,Zomato Wallet,14,1
ORD_0002870,CUST_00192,REST_1096,RIDER_0148,2026-09-23 21:58:15,Delivered,2,914.42,137.16,87.75,865.01,UPI,21,0
ORD_0002871,CUST_00435,REST_1049,RIDER_0055,2026-09-06 09:13:49,Delivered,3,438.52,65.78,63.08,435.82,Net Banking,9,1
ORD_0002872,CUST_00329,REST_1094,RIDER_0124,2026-08-17 15:33:13,Delivered,5,1976.22,296.43,86.85,1766.64,Cash on Delivery,15,0
ORD_0002873,CUST_00474,REST_1100,RIDER_0067,2026-09-05 06:31:38,Delivered,4,3011.74,451.76,25.0,2584.98,Zomato Wallet,6,1
ORD_0002874,CUST_00304,REST_1012,RIDER_0119,2026-09-01 16:28:36,Delivered,6,3954.23,593.13,26.47,3387.57,Debit Card,16,0
ORD_0002875,CUST_00329,REST_1074,RIDER_0049,2026-08-30 22:27:03,Delivered,5,2383.12,357.47,25.0,2050.65,Credit Card,22,1
ORD_0002876,CUST_00011,REST_1017,RIDER_0074,2026-08-30 07:31:40,Delivered,6,4714.53,50,91.35,4755.88,Zomato Wallet,7,1
ORD_0002877,CUST_00199,REST_1097,RIDER_0057,2026-08-14 23:11:51,Delivered,1,390.68,0,81.3,471.98,Zomato Wallet,23,0
ORD_0002878,CUST_00317,REST_1063,RIDER_0026,2026-09-20 09:47:15,Delivered,6,612.8,0,36.0,648.8,UPI,9,1
ORD_0002879,CUST_00411,REST_1097,RIDER_0037,2026-09-12 11:39:22,Delivered,5,2023.09,20,44.17,2047.26,UPI,11,1
ORD_0002880,CUST_00263,REST_1036,RIDER_0034,2026-09-05 00:08:42,Delivered,1,533.38,0,73.2,606.58,Debit Card,0,1
ORD_0002881,CUST_00416,REST_1096,RIDER_0011,2026-07-31 16:08:57,Delivered,6,2424.28,363.64,59.93,2120.57,Cash on Delivery,16,0
ORD_0002882,CUST_00473,REST_1031,RIDER_0140,2026-08-06 15:53:48,Delivered,4,1157.95,173.69,83.85,1068.11,Cash on Delivery,15,0
ORD_0002883,CUST_00432,REST_1010,RIDER_0011,2026-08-10 17:06:44,Delivered,5,1743.55,261.53,37.73,1519.75,UPI,17,0
ORD_0002884,CUST_00132,REST_1021,RIDER_0085,2026-09-18 06:09:25,Delivered,4,354.94,0,73.35,428.29,Debit Card,6,0
ORD_0002885,CUST_00403,REST_1070,RIDER_0081,2026-08-31 18:39:24,Delivered,2,289.49,43.42,25.0,271.07,Debit Card,18,0
ORD_0002886,CUST_00026,REST_1053,RIDER_0120,2026-09-02 13:39:03,Delivered,3,615.25,92.29,72.0,594.96,Credit Card,13,0
ORD_0002887,CUST_00338,REST_1096,RIDER_0083,2026-08-27 22:56:55,Delivered,1,470.3,50,60.3,480.6,Credit Card,22,0
ORD_0002888,CUST_00231,REST_1041,RIDER_0119,2026-08-27 05:41:12,Delivered,4,5086.44,50,40.35,5076.79,Debit Card,5,0
ORD_0002889,CUST_00118,REST_1002,RIDER_0149,2026-09-06 14:07:33,Delivered,6,753.26,112.99,0.0,640.27,Zomato Wallet,14,1
ORD_0002890,CUST_00132,REST_1079,RIDER_0032,2026-09-09 08:08:57,Delivered,3,1069.92,20,39.38,1089.3,Net Banking,8,0
ORD_0002891,CUST_00353,REST_1086,RIDER_0116,2026-08-10 20:19:17,Delivered,4,2603.7,0,44.17,2647.87,Credit Card,20,0
ORD_0002892,CUST_00393,REST_1070,RIDER_0110,2026-08-31 03:40:56,Delivered,5,678.26,20,35.25,693.51,Zomato Wallet,3,0
ORD_0002893,CUST_00457,REST_1008,RIDER_0008,2026-08-15 02:59:44,Delivered,3,3793.55,0,74.62,3868.17,Cash on Delivery,2,1
ORD_0002894,CUST_00157,REST_1061,RIDER_0063,2026-08-21 05:53:18,Delivered,5,5496.34,50,44.62,5490.96,Debit Card,5,0
ORD_0002895,CUST_00344,REST_1068,RIDER_0078,2026-09-27 18:19:57,Delivered,1,881.01,50,100.95,931.96,Net Banking,18,1
ORD_0002896,CUST_00247,REST_1001,RIDER_0026,2026-08-30 05:03:48,Delivered,6,1335.34,0,98.4,1433.74,Debit Card,5,1
ORD_0002897,CUST_00058,REST_1054,RIDER_0140,2026-09-13 23:06:38,Delivered,6,5822.16,20,98.25,5900.41,Zomato Wallet,23,1
ORD_0002898,CUST_00403,REST_1012,RIDER_0031,2026-09-05 00:43:37,Delivered,6,3560.85,534.13,25.0,3051.72,Credit Card,0,1
ORD_0002899,CUST_00071,REST_1007,RIDER_0097,2026-09-01 15:45:53,Delivered,2,1069.59,0,49.5,1119.09,Net Banking,15,0
ORD_0002900,CUST_00214,REST_1048,RIDER_0026,2026-08-08 13:27:48,Delivered,5,3396.89,20,40.58,3417.47,Debit Card,13,1
ORD_0002901,CUST_00370,REST_1058,RIDER_0035,2026-09-26 12:20:18,Delivered,2,857.8,128.67,31.5,760.63,Zomato Wallet,12,1
ORD_0002902,CUST_00382,REST_1031,RIDER_0106,2026-09-17 07:40:37,Delivered,3,852.03,20,39.67,871.7,Zomato Wallet,7,0
ORD_0002903,CUST_00127,REST_1087,RIDER_0150,2026-08-28 11:22:46,Delivered,3,1496.37,224.46,58.8,1330.71,Cash on Delivery,11,0
ORD_0002904,CUST_00302,REST_1038,RIDER_0048,2026-08-27 23:32:16,Delivered,1,426.4,63.96,0.0,362.44,Zomato Wallet,23,0
ORD_0002905,CUST_00205,REST_1032,RIDER_0029,2026-09-14 23:45:18,Delivered,4,525.87,50,54.45,530.32,Credit Card,23,0
ORD_0002906,CUST_00221,REST_1100,RIDER_0046,2026-08-20 21:56:34,Delivered,1,858.42,50,33.15,841.57,Zomato Wallet,21,0
ORD_0002907,CUST_00441,REST_1022,RIDER_0095,2026-09-07 21:51:31,Delivered,3,528.65,79.3,0.0,449.35,Net Banking,21,0
ORD_0002908,CUST_00063,REST_1042,RIDER_0025,2026-08-11 09:37:53,Delivered,2,1449.0,20,25.0,1454.0,Zomato Wallet,9,0
ORD_0002909,CUST_00297,REST_1058,RIDER_0080,2026-08-21 10:21:04,Delivered,5,1817.72,50,65.4,1833.12,Zomato Wallet,10,0
ORD_0002910,CUST_00468,REST_1005,RIDER_0090,2026-08-27 02:15:48,Delivered,4,1129.05,169.36,63.9,1023.59,Debit Card,2,0
ORD_0002911,CUST_00043,REST_1033,RIDER_0001,2026-09-27 05:55:11,Delivered,6,3770.36,565.55,71.85,3276.66,UPI,5,1
ORD_0002912,CUST_00025,REST_1096,RIDER_0091,2026-08-03 13:15:13,Delivered,6,2627.81,50,93.38,2671.19,Debit Card,13,0
ORD_0002913,CUST_00141,REST_1060,RIDER_0021,2026-09-09 20:36:07,Delivered,6,1456.45,20,38.1,1474.55,Credit Card,20,0
ORD_0002914,CUST_00432,REST_1021,RIDER_0026,2026-09-19 07:51:14,Delivered,4,412.46,61.87,25.0,375.59,Debit Card,7,1
ORD_0002915,CUST_00282,REST_1065,RIDER_0044,2026-08-14 02:02:26,Delivered,6,2322.42,50,69.67,2342.09,Net Banking,2,0
ORD_0002916,CUST_00349,REST_1066,RIDER_0070,2026-08-29 22:34:22,Delivered,6,7138.91,20,103.2,7222.11,Net Banking,22,1
ORD_0002917,CUST_00063,REST_1049,RIDER_0108,2026-09-02 16:04:17,Delivered,2,421.16,0,97.5,518.66,Net Banking,16,0
ORD_0002918,CUST_00238,REST_1090,RIDER_0130,2026-09-05 21:56:11,Delivered,3,533.71,50,50.18,533.89,Net Banking,21,1
ORD_0002919,CUST_00480,REST_1056,RIDER_0148,2026-09-03 17:13:26,Delivered,3,916.72,137.51,25.0,804.21,Credit Card,17,0
ORD_0002920,CUST_00139,REST_1023,RIDER_0067,2026-08-06 06:27:21,Delivered,4,768.15,115.22,27.45,680.38,Credit Card,6,0
ORD_0002921,CUST_00004,REST_1008,RIDER_0018,2026-09-22 15:43:23,Delivered,1,1095.83,50,76.35,1122.18,Zomato Wallet,15,0
ORD_0002922,CUST_00245,REST_1031,RIDER_0145,2026-08-09 06:38:28,Delivered,5,1208.93,181.34,60.6,1088.19,Credit Card,6,1
ORD_0002923,CUST_00239,REST_1093,RIDER_0093,2026-09-13 09:01:13,Delivered,6,5032.91,20,51.97,5064.88,Cash on Delivery,9,1
ORD_0002924,CUST_00171,REST_1033,RIDER_0133,2026-09-28 17:21:27,Delivered,4,2084.39,50,31.95,2066.34,Net Banking,17,0
ORD_0002925,CUST_00462,REST_1049,RIDER_0146,2026-08-23 22:14:01,Delivered,3,522.81,0,25.0,547.81,Net Banking,22,1
ORD_0002926,CUST_00033,REST_1031,RIDER_0133,2026-08-12 10:15:16,Delivered,2,499.03,20,41.7,520.73,UPI,10,0
ORD_0002927,CUST_00129,REST_1082,RIDER_0050,2026-09-09 04:22:34,Refunded,2,200.21,20,26.55,206.76,Debit Card,4,0
ORD_0002928,CUST_00304,REST_1078,RIDER_0130,2026-09-11 20:37:08,Delivered,6,991.77,148.77,42.23,885.23,Cash on Delivery,20,0
ORD_0002929,CUST_00438,REST_1084,RIDER_0056,2026-09-28 17:37:51,Delivered,4,589.6,20,109.05,678.65,Debit Card,17,0
ORD_0002930,CUST_00107,REST_1058,RIDER_0098,2026-09-05 07:11:20,Delivered,4,1880.76,0,25.0,1905.76,Debit Card,7,1
ORD_0002931,CUST_00158,REST_1010,RIDER_0043,2026-09-02 00:04:24,Delivered,1,320.74,48.11,84.9,357.53,Net Banking,0,0
ORD_0002932,CUST_00070,REST_1076,RIDER_0108,2026-09-06 04:13:22,Delivered,4,3250.84,487.63,46.43,2809.64,Cash on Delivery,4,1
ORD_0002933,CUST_00233,REST_1057,RIDER_0080,2026-08-09 06:20:09,Delivered,1,335.96,50,25.0,310.96,UPI,6,1
ORD_0002934,CUST_00319,REST_1048,RIDER_0086,2026-09-18 16:06:45,Delivered,6,4177.67,0,27.68,4205.35,Zomato Wallet,16,0
ORD_0002935,CUST_00360,REST_1039,RIDER_0025,2026-09-17 17:47:06,Delivered,5,1194.02,179.1,104.1,1119.02,Cash on Delivery,17,0
ORD_0002936,CUST_00372,REST_1084,RIDER_0092,2026-09-14 05:09:35,Delivered,5,700.82,105.12,80.48,676.18,Zomato Wallet,5,0
ORD_0002937,CUST_00028,REST_1070,RIDER_0046,2026-08-21 22:03:26,Delivered,6,866.94,0,74.18,941.12,Zomato Wallet,22,0
ORD_0002938,CUST_00204,REST_1070,RIDER_0134,2026-09-10 08:55:18,Delivered,1,101.81,20,64.28,146.09,Debit Card,8,0
ORD_0002939,CUST_00469,REST_1026,RIDER_0067,2026-08-09 03:35:39,Delivered,2,727.2,109.08,25.0,643.12,Cash on Delivery,3,1
ORD_0002940,CUST_00128,REST_1097,RIDER_0107,2026-08-06 21:42:14,Delivered,2,754.31,50,110.4,814.71,Debit Card,21,0
ORD_0002941,CUST_00106,REST_1081,RIDER_0109,2026-09-21 17:45:18,Delivered,6,1404.02,0,54.3,1458.32,Zomato Wallet,17,0
ORD_0002942,CUST_00436,REST_1020,RIDER_0089,2026-08-19 04:59:25,Delivered,6,4743.32,50,104.33,4797.65,Debit Card,4,0
ORD_0002943,CUST_00017,REST_1066,RIDER_0148,2026-08-04 04:12:09,Delivered,4,4656.06,0,40.8,4696.86,Net Banking,4,0
ORD_0002944,CUST_00112,REST_1006,RIDER_0053,2026-08-29 01:38:51,Delivered,5,2218.89,332.83,0.0,1886.06,Net Banking,1,1
ORD_0002945,CUST_00311,REST_1058,RIDER_0037,2026-09-28 05:45:58,Delivered,6,2349.88,0,27.15,2377.03,Debit Card,5,0
ORD_0002946,CUST_00375,REST_1084,RIDER_0146,2026-09-10 00:00:06,Delivered,3,372.52,0,33.08,405.6,Net Banking,0,0
ORD_0002947,CUST_00499,REST_1065,RIDER_0024,2026-09-28 07:14:10,Delivered,5,2014.02,302.1,49.42,1761.34,Cash on Delivery,7,0
ORD_0002948,CUST_00428,REST_1044,RIDER_0114,2026-09-18 16:59:30,Delivered,1,631.17,94.68,46.95,583.44,Cash on Delivery,16,0
ORD_0002949,CUST_00438,REST_1006,RIDER_0127,2026-09-05 21:47:37,Delivered,6,2482.05,20,82.58,2544.63,Zomato Wallet,21,1
ORD_0002950,CUST_00486,REST_1047,RIDER_0001,2026-08-01 01:49:53,Delivered,3,341.93,20,31.35,353.28,Debit Card,1,1
ORD_0002951,CUST_00045,REST_1089,RIDER_0107,2026-09-21 17:52:37,Delivered,6,1657.34,248.6,0.0,1408.74,Cash on Delivery,17,0
ORD_0002952,CUST_00014,REST_1036,RIDER_0121,2026-09-04 16:21:07,Delivered,3,1554.91,50,46.95,1551.86,Net Banking,16,0
ORD_0002953,CUST_00110,REST_1004,RIDER_0149,2026-08-13 23:00:22,Cancelled,3,713.54,20,35.55,729.09,Credit Card,23,0
ORD_0002954,CUST_00084,REST_1062,RIDER_0101,2026-08-29 17:53:06,Delivered,3,2123.84,318.58,85.72,1890.98,Zomato Wallet,17,1
ORD_0002955,CUST_00051,REST_1029,RIDER_0146,2026-08-14 16:12:11,Delivered,5,2328.33,50,76.28,2354.61,UPI,16,0
ORD_0002956,CUST_00036,REST_1005,RIDER_0013,2026-08-14 01:44:49,Delivered,3,794.43,20,35.02,809.45,Credit Card,1,0
ORD_0002957,CUST_00430,REST_1074,RIDER_0123,2026-09-27 14:15:47,Delivered,5,1795.15,0,33.98,1829.13,Net Banking,14,1
ORD_0002958,CUST_00108,REST_1064,RIDER_0103,2026-09-19 17:25:21,Delivered,5,1135.28,170.29,68.25,1033.24,Cash on Delivery,17,1
ORD_0002959,CUST_00381,REST_1021,RIDER_0064,2026-09-01 08:07:44,Delivered,4,408.21,61.23,25.0,371.98,Credit Card,8,0
ORD_0002960,CUST_00483,REST_1055,RIDER_0104,2026-08-03 00:05:25,Delivered,5,4249.4,0,77.02,4326.42,Net Banking,0,0
ORD_0002961,CUST_00095,REST_1089,RIDER_0023,2026-08-05 12:54:06,Delivered,6,2217.6,332.64,54.82,1939.78,Net Banking,12,0
ORD_0002962,CUST_00184,REST_1091,RIDER_0113,2026-08-25 18:01:24,Delivered,1,704.62,50,101.55,756.17,UPI,18,0
ORD_0002963,CUST_00081,REST_1043,RIDER_0036,2026-09-06 16:58:12,Delivered,3,2489.32,373.4,0.0,2115.92,Cash on Delivery,16,1
ORD_0002964,CUST_00042,REST_1035,RIDER_0037,2026-09-25 09:18:38,Delivered,4,2884.73,0,39.75,2924.48,Debit Card,9,0
ORD_0002965,CUST_00076,REST_1056,RIDER_0134,2026-08-31 09:14:53,Refunded,6,1842.65,0,25.0,1867.65,Net Banking,9,0
ORD_0002966,CUST_00461,REST_1088,RIDER_0146,2026-08-15 16:19:52,Delivered,1,698.93,0,88.95,787.88,Cash on Delivery,16,1
ORD_0002967,CUST_00177,REST_1084,RIDER_0096,2026-08-26 13:42:26,Delivered,1,132.24,19.84,0.0,112.4,Zomato Wallet,13,0
ORD_0002968,CUST_00310,REST_1083,RIDER_0117,2026-08-13 20:55:39,Delivered,6,4899.09,20,25.0,4904.09,Credit Card,20,0
ORD_0002969,CUST_00006,REST_1012,RIDER_0128,2026-08-01 02:57:00,Delivered,5,2805.56,420.83,25.0,2409.73,Net Banking,2,1
ORD_0002970,CUST_00125,REST_1087,RIDER_0010,2026-08-31 00:48:53,Delivered,1,341.33,51.2,0.0,290.13,UPI,0,0
ORD_0002971,CUST_00176,REST_1008,RIDER_0014,2026-08-02 12:00:45,Delivered,3,3841.1,0,50.02,3891.12,Zomato Wallet,12,1
ORD_0002972,CUST_00164,REST_1039,RIDER_0112,2026-09-01 22:20:12,Delivered,5,854.57,0,27.68,882.25,Cash on Delivery,22,0
ORD_0002973,CUST_00336,REST_1006,RIDER_0115,2026-09-08 01:51:17,Delivered,1,423.37,20,66.52,469.89,Zomato Wallet,1,0
ORD_0002974,CUST_00307,REST_1039,RIDER_0017,2026-08-01 07:24:07,Delivered,1,220.78,33.12,94.65,282.31,Net Banking,7,1
ORD_0002975,CUST_00033,REST_1096,RIDER_0049,2026-08-02 11:00:56,Delivered,4,2060.25,50,79.05,2089.3,Cash on Delivery,11,1
ORD_0002976,CUST_00204,REST_1012,RIDER_0130,2026-09-24 23:54:34,Delivered,3,1390.06,50,107.1,1447.16,Debit Card,23,0
ORD_0002977,CUST_00027,REST_1087,RIDER_0049,2026-08-10 10:00:33,Delivered,5,2048.67,20,67.28,2095.95,Cash on Delivery,10,0
ORD_0002978,CUST_00305,REST_1037,RIDER_0140,2026-09-10 14:04:22,Delivered,6,5386.69,808.0,45.0,4623.69,Debit Card,14,0
ORD_0002979,CUST_00019,REST_1065,RIDER_0103,2026-09-05 23:50:29,Delivered,6,2519.23,20,25.0,2524.23,UPI,23,1
ORD_0002980,CUST_00440,REST_1032,RIDER_0036,2026-08-21 12:25:40,Delivered,1,140.4,21.06,102.53,221.87,UPI,12,0
ORD_0002981,CUST_00317,REST_1008,RIDER_0131,2026-09-04 01:44:02,Delivered,5,5773.75,0,74.7,5848.45,Cash on Delivery,1,0
ORD_0002982,CUST_00449,REST_1097,RIDER_0011,2026-08-18 13:24:59,Delivered,4,1545.62,0,42.23,1587.85,UPI,13,0
ORD_0002983,CUST_00037,REST_1060,RIDER_0048,2026-08-24 10:19:15,Delivered,4,1080.96,0,77.93,1158.89,Net Banking,10,0
ORD_0002984,CUST_00401,REST_1042,RIDER_0064,2026-07-31 18:23:33,Delivered,2,1319.91,197.99,71.4,1193.32,UPI,18,0
ORD_0002985,CUST_00264,REST_1063,RIDER_0068,2026-08-14 22:32:10,Delivered,6,771.9,115.78,90.9,747.02,Cash on Delivery,22,0
ORD_0002986,CUST_00465,REST_1082,RIDER_0148,2026-09-02 23:51:50,Delivered,3,424.72,63.71,102.9,463.91,UPI,23,0
ORD_0002987,CUST_00139,REST_1042,RIDER_0140,2026-09-01 09:03:39,Delivered,3,2423.07,363.46,55.35,2114.96,UPI,9,0
ORD_0002988,CUST_00451,REST_1085,RIDER_0134,2026-08-11 03:46:27,Delivered,3,877.33,20,44.47,901.8,Cash on Delivery,3,0
ORD_0002989,CUST_00175,REST_1043,RIDER_0029,2026-09-13 03:17:52,Delivered,4,4259.92,638.99,25.0,3645.93,Debit Card,3,1
ORD_0002990,CUST_00121,REST_1071,RIDER_0057,2026-09-17 08:37:00,Delivered,5,1249.7,0,103.95,1353.65,Debit Card,8,0
ORD_0002991,CUST_00458,REST_1082,RIDER_0027,2026-09-10 14:05:49,Delivered,4,374.17,20,27.45,381.62,Cash on Delivery,14,0
ORD_0002992,CUST_00207,REST_1047,RIDER_0086,2026-09-21 05:31:23,Delivered,1,126.87,0,104.92,231.79,Credit Card,5,0
ORD_0002993,CUST_00460,REST_1004,RIDER_0042,2026-09-16 03:32:21,Delivered,6,945.43,50,60.67,956.1,Zomato Wallet,3,0
ORD_0002994,CUST_00286,REST_1022,RIDER_0044,2026-09-02 15:52:23,Delivered,3,618.46,0,62.25,680.71,Zomato Wallet,15,0
ORD_0002995,CUST_00357,REST_1072,RIDER_0078,2026-08-01 12:15:58,Delivered,4,376.09,56.41,62.85,382.53,Net Banking,12,1
ORD_0002996,CUST_00198,REST_1013,RIDER_0130,2026-08-23 15:06:01,Delivered,3,871.87,130.78,84.52,825.61,Cash on Delivery,15,1
ORD_0002997,CUST_00340,REST_1016,RIDER_0075,2026-08-10 04:29:57,Delivered,1,207.08,31.06,46.65,222.67,Zomato Wallet,4,0
ORD_0002998,CUST_00129,REST_1020,RIDER_0078,2026-08-29 17:57:04,Delivered,1,598.55,20,42.23,620.78,UPI,17,1
ORD_0002999,CUST_00351,REST_1058,RIDER_0020,2026-09-03 02:15:47,Delivered,2,750.21,50,98.85,799.06,UPI,2,0
ORD_0003000,CUST_00294,REST_1054,RIDER_0124,2026-08-09 23:03:06,Delivered,3,3270.99,50,76.05,3297.04,Debit Card,23,1
